SessionID,RevenueFlag,VisitorType,TrafficType,Month,Weekend,ProductRelated,ProductRelated_Duration,ProductDepthGroup,ProductDurationGroup,BounceRates,ExitRates,HighBounceSession,HighExitSession
5153,0,Returning_Visitor,14,May,True,705,43171.23338000,50及以上,高,0.00485129,0.01543144,False,False
6685,0,Returning_Visitor,1,Aug,False,686,23342.08205000,50及以上,高,0.00985330,0.02277136,False,False
8309,0,Returning_Visitor,8,Nov,False,584,24844.15620000,50及以上,高,0.00209938,0.00934694,False,False
6788,0,Returning_Visitor,2,Oct,False,518,11976.72135000,50及以上,高,0.00003830,0.00383726,False,False
6166,0,Returning_Visitor,3,Jul,False,486,23050.10414000,50及以上,高,0.00032372,0.01124852,False,False
8072,0,Returning_Visitor,2,Dec,False,449,63973.52223000,50及以上,高,0.00076441,0.02770134,False,False
4675,0,Returning_Visitor,20,May,True,440,9951.86913900,50及以上,高,0.00185022,0.01009842,False,False
5917,0,Returning_Visitor,13,Sep,False,439,21857.04648000,50及以上,高,0.00358863,0.01249761,False,False
6675,0,Returning_Visitor,1,Sep,False,429,9661.58576300,50及以上,高,0.00304414,0.01254721,False,False
9902,0,Returning_Visitor,1,Nov,True,423,17086.23424000,50及以上,高,0.00629371,0.02159902,False,False
7663,0,Returning_Visitor,13,Sep,False,414,23888.81000000,50及以上,高,0.00990033,0.02706202,False,False
7829,0,Returning_Visitor,13,Jul,True,409,9100.40295900,50及以上,高,0.00430107,0.01593473,False,False
8231,0,Returning_Visitor,1,Nov,False,391,15025.23302000,50及以上,高,0.00151515,0.01014062,False,False
8631,0,Returning_Visitor,3,Nov,False,385,14505.72725000,50及以上,高,0.00731000,0.01351994,False,False
12142,0,Returning_Visitor,2,Nov,False,378,12003.31758000,50及以上,高,0.00365535,0.02335299,False,False
11513,0,Returning_Visitor,2,Nov,True,374,12499.37711000,50及以上,高,0.00198939,0.01078246,False,False
4254,0,Returning_Visitor,19,May,True,362,13259.29396000,50及以上,高,0.00288338,0.00883761,False,False
6993,0,Returning_Visitor,1,June,False,358,9760.69048800,50及以上,高,0.00083095,0.00409421,False,False
9710,0,Returning_Visitor,3,Nov,False,351,8650.04877100,50及以上,高,0.01245213,0.02737241,False,False
9807,0,Returning_Visitor,10,Nov,False,349,6879.80182600,50及以上,高,0.00056818,0.00430634,False,False
9239,0,Returning_Visitor,2,Dec,False,343,29970.46597000,50及以上,高,0.00531586,0.02897116,False,False
8439,0,Returning_Visitor,2,Nov,False,340,10902.45826000,50及以上,高,0.00171321,0.01573496,False,False
11131,0,Returning_Visitor,2,Nov,False,339,16138.29080000,50及以上,高,0.00477894,0.02019381,False,False
9577,0,Returning_Visitor,2,Nov,False,337,11835.10389000,50及以上,高,0.00522838,0.01571945,False,False
11805,0,Returning_Visitor,2,Nov,False,337,11231.41012000,50及以上,高,0.00247280,0.01323352,False,False
1856,0,Returning_Visitor,1,Mar,False,328,9694.26071400,50及以上,高,0.00178042,0.01090505,False,False
11057,0,Returning_Visitor,2,Nov,False,315,11232.65691000,50及以上,高,0.00316456,0.01925258,False,False
2970,0,Returning_Visitor,2,May,True,313,7428.18158400,50及以上,高,0.00250927,0.01341626,False,False
10169,0,Returning_Visitor,2,Dec,False,312,13379.36658000,50及以上,高,0.00276923,0.01496919,False,False
8416,0,Returning_Visitor,2,Nov,False,311,12500.35306000,50及以上,高,0.00138766,0.01468727,False,False
6104,0,Returning_Visitor,2,Sep,True,310,8468.33927800,50及以上,高,0.00282132,0.01241429,False,False
5846,0,Returning_Visitor,3,Oct,False,305,5018.32828900,50及以上,高,0.00160772,0.00562588,False,False
8656,0,Returning_Visitor,2,Nov,True,292,8282.21450800,50及以上,高,0.00097720,0.00566985,False,False
3562,0,Returning_Visitor,4,May,False,291,12065.18135000,50及以上,高,0.00122631,0.00865951,False,False
11918,0,Returning_Visitor,13,Nov,True,290,11240.97669000,50及以上,高,0.01238258,0.02423763,False,False
11201,0,Returning_Visitor,3,Nov,False,283,9354.48411100,50及以上,高,0.00304374,0.02304170,False,False
7064,0,Returning_Visitor,1,Sep,False,282,4339.92484100,50及以上,高,0.00204082,0.01146109,False,False
11714,0,Returning_Visitor,2,Dec,False,281,14988.59151000,50及以上,高,0.00849891,0.02969717,False,False
9931,0,Returning_Visitor,2,Nov,True,280,9247.38386900,50及以上,高,0.00342466,0.01618420,False,False
11597,0,Returning_Visitor,2,Nov,True,279,9485.37456800,50及以上,高,0.00311382,0.01856189,False,False
9036,0,Returning_Visitor,2,Nov,False,275,9139.49669600,50及以上,高,0.00625000,0.01853950,False,False
6445,0,Returning_Visitor,2,Oct,False,274,5876.45916500,50及以上,高,0.00243116,0.01324055,False,False
10302,0,Returning_Visitor,2,Nov,False,272,7434.74307300,50及以上,高,0.00931255,0.02210850,False,False
7590,0,Returning_Visitor,3,Jul,True,271,12292.46381000,50及以上,高,0.00599520,0.02001083,False,False
10245,0,Returning_Visitor,2,Nov,True,266,9770.81209300,50及以上,高,0.00734886,0.02472016,False,False
11478,0,Returning_Visitor,2,Nov,False,264,10497.15443000,50及以上,高,0.00295026,0.01282554,False,False
7799,0,Returning_Visitor,4,June,False,262,6774.82000000,50及以上,高,0.00042541,0.01306980,False,False
9952,0,Returning_Visitor,1,Dec,False,258,5154.77709300,50及以上,高,0.00231660,0.01167543,False,False
6820,0,Returning_Visitor,3,June,False,258,3637.98567400,50及以上,高,0.00078125,0.00867931,False,False
6798,0,Returning_Visitor,2,Nov,False,256,13453.25103000,50及以上,高,0.00000000,0.00324096,False,False
12153,0,Returning_Visitor,2,Nov,False,254,6308.06379300,50及以上,高,0.00251323,0.01518288,False,False
8726,0,Returning_Visitor,2,Nov,False,251,9297.57548900,50及以上,高,0.01160830,0.02788116,False,False
10913,0,Returning_Visitor,1,Nov,False,247,10415.32566000,50及以上,高,0.01122930,0.02968143,False,False
7293,0,Returning_Visitor,3,Oct,True,246,9227.37142900,50及以上,高,0.00642570,0.02495984,False,False
9249,0,Returning_Visitor,13,Nov,True,245,7569.24861200,50及以上,高,0.00764624,0.01646848,False,False
8018,0,Returning_Visitor,1,Dec,False,241,5194.79857000,50及以上,高,0.00310109,0.01430438,False,False
9484,0,Returning_Visitor,1,Dec,False,238,10340.36916000,50及以上,高,0.00241936,0.01634505,False,False
11556,0,Returning_Visitor,2,Nov,False,237,8956.09750200,50及以上,高,0.00309423,0.01210971,False,False
11097,0,Returning_Visitor,2,Nov,True,231,11246.13379000,50及以上,高,0.00174672,0.01002911,False,False
12123,0,Returning_Visitor,2,Nov,True,231,9230.89083800,50及以上,高,0.00645833,0.02183869,False,False
9861,0,Returning_Visitor,2,Nov,False,230,9648.17709400,50及以上,高,0.00444444,0.01548664,False,False
6047,0,Returning_Visitor,1,June,False,230,9050.45948200,50及以上,高,0.00672269,0.01755845,False,False
6171,0,Returning_Visitor,1,Jul,True,230,6978.61371100,50及以上,高,0.01532763,0.03653071,False,False
9006,0,Returning_Visitor,1,Nov,False,229,8866.16738600,50及以上,高,0.00714373,0.02430415,False,False
11737,0,Returning_Visitor,2,Nov,False,227,12460.67006000,50及以上,高,0.00756914,0.01481978,False,False
8930,0,Returning_Visitor,1,Nov,False,227,6854.60436500,50及以上,高,0.00570175,0.02096078,False,False
6560,0,Returning_Visitor,13,Oct,False,227,3818.30862900,50及以上,高,0.00726496,0.01886343,False,False
5918,0,Returning_Visitor,3,Oct,True,223,2477.53655000,50及以上,高,0.00000000,0.00369408,False,False
9401,0,Returning_Visitor,2,Nov,True,222,9049.53402400,50及以上,高,0.00853623,0.01845745,False,False
11592,0,Returning_Visitor,1,Nov,True,222,8068.74215400,50及以上,高,0.00832579,0.02329814,False,False
12107,0,Returning_Visitor,2,Dec,False,222,6942.78354700,50及以上,高,0.00221239,0.01553656,False,False
6455,0,Returning_Visitor,2,Oct,False,221,3111.36212100,50及以上,高,0.00000000,0.00602056,False,False
2565,0,Returning_Visitor,6,May,False,220,11308.09795000,50及以上,高,0.00169951,0.01241487,False,False
11575,0,Returning_Visitor,1,Nov,False,220,10580.34479000,50及以上,高,0.00476774,0.02214092,False,False
7769,0,Returning_Visitor,1,June,False,219,6747.41449200,50及以上,高,0.00360485,0.02079307,False,False
3760,0,Returning_Visitor,6,May,True,217,4153.27658700,50及以上,高,0.00007090,0.00589350,False,False
6279,0,Returning_Visitor,13,Aug,False,216,14577.08498000,50及以上,高,0.00273973,0.01336885,False,False
10675,0,Returning_Visitor,1,Dec,True,213,8125.85228800,50及以上,高,0.00279070,0.01763170,False,False
8126,0,Returning_Visitor,1,Nov,False,213,7443.40744700,50及以上,高,0.00395833,0.01463379,False,False
6551,0,Returning_Visitor,13,Aug,False,211,7442.38814900,50及以上,高,0.01273585,0.02890134,False,False
12180,0,Returning_Visitor,2,Nov,False,210,8115.84585200,50及以上,高,0.00839867,0.03019318,False,False
10373,0,Returning_Visitor,2,Nov,False,207,5160.45136200,50及以上,高,0.00229665,0.01340729,False,False
2940,0,Returning_Visitor,1,May,False,206,9997.72857100,50及以上,高,0.00143974,0.01074139,False,False
11100,0,Returning_Visitor,2,Nov,False,206,8437.09918800,50及以上,高,0.00000000,0.00625715,False,False
10641,0,Returning_Visitor,3,Nov,True,205,4295.30506600,50及以上,高,0.00174672,0.00880105,False,False
2891,0,Returning_Visitor,4,May,False,204,9143.43571400,50及以上,高,0.00480769,0.01538462,False,False
8522,0,Returning_Visitor,2,Nov,False,204,5209.82036100,50及以上,高,0.00257143,0.01541199,False,False
8928,0,Returning_Visitor,2,Nov,False,200,6867.19384700,50及以上,高,0.00640886,0.02458738,False,False
9165,0,Returning_Visitor,2,Nov,False,200,6671.29014400,50及以上,高,0.00345890,0.01215253,False,False
6863,0,Returning_Visitor,1,Jul,False,198,8006.69520500,50及以上,高,0.00272277,0.01852759,False,False
9964,0,Returning_Visitor,3,Nov,True,197,2915.57142900,50及以上,高,0.00000000,0.00502513,False,False
11401,0,Returning_Visitor,2,Dec,False,195,10044.75756000,50及以上,高,0.00502513,0.02318022,False,False
4227,0,Returning_Visitor,4,May,False,195,7675.14929000,50及以上,高,0.00193754,0.01467358,False,False
1555,0,Returning_Visitor,3,Mar,True,194,6737.27182500,50及以上,高,0.00012376,0.00613861,False,False
5640,0,Returning_Visitor,3,Jul,False,193,7548.63333300,50及以上,高,0.01347150,0.02962003,False,False
7074,0,Returning_Visitor,2,June,False,193,5946.27577700,50及以上,高,0.00000000,0.00888659,False,False
12279,0,Returning_Visitor,1,Nov,False,192,4845.98921400,50及以上,高,0.00541237,0.02209925,False,False
7040,0,Returning_Visitor,1,Aug,True,191,3677.25817600,50及以上,高,0.00910569,0.02430394,False,False
11852,0,Returning_Visitor,2,Nov,False,190,6375.06575300,50及以上,高,0.00938918,0.02021161,False,False
10572,0,Returning_Visitor,3,Dec,False,190,3679.12888200,50及以上,高,0.00000000,0.00595126,False,False
7901,0,Returning_Visitor,1,Aug,False,189,15454.43857000,50及以上,高,0.00728643,0.01988275,False,False
10500,0,Returning_Visitor,2,Nov,False,188,8618.03187200,50及以上,高,0.00345441,0.01976565,False,False
8198,0,Returning_Visitor,2,Nov,False,188,5728.67361100,50及以上,高,0.00340976,0.01638112,False,False
2591,0,Returning_Visitor,2,May,False,187,9487.63916200,50及以上,高,0.00003350,0.01489623,False,False
12191,0,Returning_Visitor,2,Nov,False,187,6338.25663600,50及以上,高,0.00307692,0.02406250,False,False
3766,0,Returning_Visitor,2,May,False,187,4987.68888900,50及以上,高,0.00310881,0.01111859,False,False
11376,0,Returning_Visitor,2,Nov,True,186,8425.87047500,50及以上,高,0.00340314,0.01572151,False,False
9403,0,Returning_Visitor,2,Nov,True,186,5106.26299100,50及以上,高,0.00372340,0.02364224,False,False
5046,0,Returning_Visitor,6,May,False,184,7706.54642900,50及以上,高,0.00208333,0.01379327,False,False
7939,0,Returning_Visitor,20,Oct,False,184,3579.78590000,50及以上,高,0.00000000,0.00381931,False,False
11257,0,Returning_Visitor,2,Dec,False,182,5402.78526000,50及以上,高,0.00096866,0.00682926,False,False
6230,0,Returning_Visitor,1,Aug,False,182,3539.94461500,50及以上,高,0.01020942,0.03352499,False,False
3092,0,Returning_Visitor,4,May,True,181,6842.00251300,50及以上,高,0.00000000,0.00721882,False,False
7524,0,Returning_Visitor,1,Oct,False,181,4287.96060600,50及以上,高,0.00000000,0.01246728,False,False
4789,0,Returning_Visitor,13,May,True,181,4079.53046100,50及以上,高,0.01382199,0.02377301,False,False
5469,0,Returning_Visitor,3,Sep,False,180,6512.01095200,50及以上,高,0.00264550,0.01224868,False,False
4115,0,Returning_Visitor,3,May,False,180,4773.33563800,50及以上,高,0.00053763,0.00860044,False,False
9689,0,Returning_Visitor,2,Nov,True,179,10415.78364000,50及以上,高,0.00255183,0.02087674,False,False
4398,0,Returning_Visitor,4,May,True,179,5996.02500000,50及以上,高,0.01038889,0.03827778,False,False
5997,0,Returning_Visitor,11,Aug,False,179,1738.47252900,50及以上,高,0.00002730,0.02599761,False,False
4938,0,Returning_Visitor,4,May,False,178,4339.53442300,50及以上,高,0.00393906,0.01526317,False,False
10836,0,Returning_Visitor,2,Nov,False,177,4041.73491500,50及以上,高,0.00224719,0.01075976,False,False
11723,0,Returning_Visitor,1,Nov,True,176,7767.32556000,50及以上,高,0.00604520,0.01921263,False,False
7771,0,Returning_Visitor,4,Aug,False,176,6847.73666700,50及以上,高,0.00337079,0.01151685,False,False
4630,0,Returning_Visitor,1,May,True,175,12634.62089000,50及以上,高,0.00115607,0.02213450,False,False
10159,0,Returning_Visitor,1,Dec,False,174,5602.59350600,50及以上,高,0.00000000,0.00905760,False,False
8280,0,Returning_Visitor,8,Nov,False,174,4994.24915000,50及以上,高,0.00602597,0.01584294,False,False
612,0,Returning_Visitor,2,Mar,False,173,6255.01786600,50及以上,高,0.00253133,0.01073715,False,False
9706,0,Returning_Visitor,2,Nov,False,172,7017.19263500,50及以上,高,0.00139665,0.01986537,False,False
7764,0,Returning_Visitor,2,Nov,False,172,4098.69985300,50及以上,高,0.00331492,0.01621474,False,False
3690,0,Returning_Visitor,3,May,False,172,4086.14489700,50及以上,高,0.00055556,0.00960392,False,False
10226,0,Returning_Visitor,10,Dec,False,171,9119.88541300,50及以上,高,0.00441989,0.02162797,False,False
7612,0,Returning_Visitor,2,Sep,False,171,4554.69274400,50及以上,高,0.00225989,0.00406242,False,False
8788,0,Returning_Visitor,2,Dec,False,170,5639.22176000,50及以上,高,0.00245714,0.01109801,False,False
6312,0,Returning_Visitor,2,Nov,False,170,3888.27863600,50及以上,高,0.00000000,0.00451495,False,False
9977,0,Returning_Visitor,8,Nov,True,169,8276.29256500,50及以上,高,0.00240642,0.01605197,False,False
8834,0,Returning_Visitor,2,Nov,True,169,6920.97324300,50及以上,高,0.00526889,0.01676954,False,False
6602,0,Returning_Visitor,1,Aug,True,168,4948.39875900,50及以上,高,0.00663176,0.01352751,False,False
6937,0,Returning_Visitor,1,Jul,False,168,4316.26217100,50及以上,高,0.00357542,0.01867093,False,False
9485,0,Returning_Visitor,2,Nov,False,167,8701.85161700,50及以上,高,0.00240107,0.01247735,False,False
6742,0,Returning_Visitor,2,Jul,False,167,3890.86592400,50及以上,高,0.00233918,0.00965400,False,False
9756,0,Returning_Visitor,3,Dec,False,166,6850.49933500,50及以上,高,0.00000000,0.01754102,False,False
10541,0,Returning_Visitor,1,Nov,False,164,5767.46504300,50及以上,高,0.00363636,0.00934869,False,False
11902,0,Returning_Visitor,1,Dec,False,164,3269.25693300,50及以上,高,0.00658683,0.01290966,False,False
10825,0,Returning_Visitor,2,Dec,False,162,8596.66997900,50及以上,高,0.00507545,0.01234983,False,False
6474,0,Returning_Visitor,6,Sep,False,162,6117.81435900,50及以上,高,0.00000000,0.00396455,False,False
10925,0,Returning_Visitor,1,Nov,False,162,5918.30891500,50及以上,高,0.00479042,0.01925693,False,False
6597,0,Returning_Visitor,1,Oct,False,162,5721.80012300,50及以上,高,0.00114286,0.00909025,False,False
12090,0,Returning_Visitor,1,Nov,False,162,5509.71792800,50及以上,高,0.00190507,0.02198782,False,False
6604,0,Returning_Visitor,3,Jul,False,161,7263.95715700,50及以上,高,0.00359281,0.00772911,False,False
2239,0,Returning_Visitor,6,May,False,160,2418.52904000,50及以上,高,0.00487805,0.01736934,False,False
6957,0,Returning_Visitor,2,Aug,False,160,2006.59312000,50及以上,高,0.00245399,0.01336145,False,False
7894,0,Returning_Visitor,2,June,False,159,6137.14491000,50及以上,高,0.01127674,0.03148996,False,False
2826,0,Returning_Visitor,2,May,False,159,4668.05205100,50及以上,高,0.00569620,0.01628457,False,False
7575,0,Returning_Visitor,2,Jul,False,159,4362.00975200,50及以上,高,0.00120482,0.00866738,False,False
6586,0,Returning_Visitor,4,Oct,True,159,2184.48493800,50及以上,高,0.00185185,0.00558834,False,False
3789,0,Returning_Visitor,2,May,False,159,1905.65275400,50及以上,高,0.00411392,0.01342881,False,False
6137,0,Returning_Visitor,1,Aug,False,158,2110.25509300,50及以上,高,0.00361446,0.00976250,False,False
6323,0,Returning_Visitor,5,June,True,157,16093.30941000,50及以上,高,0.00790329,0.02724745,False,False
3157,0,Returning_Visitor,13,May,False,157,5645.17645500,50及以上,高,0.00269231,0.01384952,False,False
2526,0,Returning_Visitor,4,May,False,157,4643.75595200,50及以上,高,0.00168776,0.01077661,False,False
9919,0,Returning_Visitor,2,Nov,True,156,8613.25731200,50及以上,高,0.00628931,0.01511732,False,False
3913,0,Returning_Visitor,1,May,True,156,5432.83678300,50及以上,高,0.01000992,0.02907473,False,False
4682,0,Returning_Visitor,4,May,False,156,3899.00132800,50及以上,高,0.00017007,0.01125293,False,False
2561,0,Returning_Visitor,5,May,False,154,8038.32530200,50及以上,高,0.00733294,0.02796322,False,False
8873,0,Returning_Visitor,2,Nov,True,154,7838.55659800,50及以上,高,0.00376506,0.01492631,False,False
5972,0,Returning_Visitor,2,Aug,True,154,7835.87462900,50及以上,高,0.01254968,0.02258782,False,False
9781,0,Returning_Visitor,10,Nov,False,154,6759.31192800,50及以上,高,0.00576742,0.02883646,False,False
8331,0,Returning_Visitor,8,Nov,True,154,5253.06944400,50及以上,高,0.00127388,0.00883227,False,False
7809,0,Returning_Visitor,1,Oct,True,154,4800.57476200,50及以上,高,0.01447368,0.03287281,False,False
8886,0,Returning_Visitor,1,Nov,False,154,4755.22405400,50及以上,高,0.00980849,0.02914256,False,False
5029,0,Returning_Visitor,3,May,False,154,4712.76932200,50及以上,高,0.00128205,0.01426721,False,False
2634,0,Returning_Visitor,13,May,False,154,3395.72948400,50及以上,高,0.00766046,0.01225389,False,False
9860,0,Returning_Visitor,3,Nov,False,153,5315.21190500,50及以上,高,0.00617409,0.02058608,False,False
8436,0,Returning_Visitor,1,Dec,False,153,3812.16175300,50及以上,高,0.00301205,0.01376908,False,False
11190,0,Returning_Visitor,1,Nov,False,152,7114.79834100,50及以上,高,0.00259740,0.01070975,False,False
11774,0,Returning_Visitor,2,Nov,False,152,5617.09250500,50及以上,高,0.00359477,0.02743431,False,False
8692,0,Returning_Visitor,10,Nov,False,152,5426.82376400,50及以上,高,0.00522876,0.01875679,False,False
11549,0,Returning_Visitor,2,Nov,True,152,4838.29406000,50及以上,高,0.00304656,0.02252352,False,False
8603,0,Returning_Visitor,1,Nov,True,151,9018.12374100,50及以上,高,0.01282051,0.02459296,False,False
11908,0,Returning_Visitor,2,Dec,False,151,7700.50146100,50及以上,高,0.00259740,0.01278202,False,False
11372,0,Returning_Visitor,2,Dec,False,151,4344.91998600,50及以上,高,0.00253165,0.01196589,False,False
6390,0,Returning_Visitor,3,Jul,False,151,4249.12000000,50及以上,高,0.01340278,0.04116667,False,False
2108,0,Returning_Visitor,15,May,False,151,2564.27815700,50及以上,高,0.00917226,0.02108950,False,False
7415,0,Returning_Visitor,2,June,False,150,5962.20555600,50及以上,高,0.00534591,0.01528302,False,False
7617,0,Returning_Visitor,13,Oct,True,150,4935.53612400,50及以上,高,0.00566449,0.01642701,False,False
2074,0,Returning_Visitor,2,Mar,False,150,4764.42999700,50及以上,高,0.00000000,0.00563672,False,False
9387,0,Returning_Visitor,13,Nov,False,150,4760.77830300,50及以上,高,0.01212528,0.01906886,False,False
2409,0,Returning_Visitor,6,May,False,150,3147.58429400,50及以上,高,0.00554765,0.00606112,False,False
8282,0,Returning_Visitor,2,Nov,False,149,6082.87373900,50及以上,高,0.01152044,0.02724352,False,False
5894,0,Returning_Visitor,1,Sep,False,149,4304.36690500,50及以上,高,0.01025641,0.02799145,False,False
2458,0,Returning_Visitor,1,May,False,149,4107.11965800,50及以上,高,0.00636943,0.01330532,False,False
8094,0,Returning_Visitor,2,Nov,False,148,8629.78369100,50及以上,高,0.00950000,0.01915513,False,False
11829,0,Returning_Visitor,1,Nov,False,148,3486.19444400,50及以上,高,0.00869776,0.01768545,False,False
10037,0,Returning_Visitor,1,Nov,False,147,4254.66666700,50及以上,高,0.00844595,0.01925038,False,False
10229,0,Returning_Visitor,2,Nov,True,146,8150.55671600,50及以上,高,0.00129032,0.01127957,False,False
5426,0,Returning_Visitor,1,May,False,146,7253.67649300,50及以上,高,0.00657051,0.02030577,False,False
8757,0,Returning_Visitor,2,Dec,True,146,3231.85367200,50及以上,高,0.00779221,0.01658692,False,False
7241,0,Returning_Visitor,2,Oct,True,146,2650.78052600,50及以上,高,0.00000000,0.01118421,False,False
2971,0,Returning_Visitor,11,May,True,145,5577.82645600,50及以上,高,0.00268870,0.01187122,False,False
7644,0,Returning_Visitor,1,Aug,False,145,2935.25547700,50及以上,高,0.00136054,0.00570835,False,False
10203,0,Returning_Visitor,2,Nov,False,144,5757.85396100,50及以上,高,0.00296804,0.01403007,False,False
9183,0,Returning_Visitor,13,Nov,False,144,5485.01785700,50及以上,高,0.00551724,0.01650840,False,False
11228,0,Returning_Visitor,2,Nov,False,143,8060.96394800,50及以上,高,0.00292398,0.02079850,False,False
8138,0,Returning_Visitor,1,Nov,True,143,5149.43491900,50及以上,高,0.00419580,0.01448942,False,False
8082,0,Returning_Visitor,1,Nov,False,143,4977.85089300,50及以上,高,0.00873239,0.03897735,False,False
11088,0,Returning_Visitor,2,Nov,False,143,4081.24871800,50及以上,高,0.00272109,0.01562134,False,False
11855,0,Returning_Visitor,1,Nov,True,142,4777.81255400,50及以上,高,0.00566625,0.01970770,False,False
5781,0,Returning_Visitor,13,Jul,False,142,4204.43333300,50及以上,高,0.00972222,0.02134590,False,False
10368,0,Returning_Visitor,2,Nov,False,141,6481.48333300,50及以上,高,0.00000000,0.01998429,False,False
11744,0,Returning_Visitor,2,Dec,False,141,4567.94269600,50及以上,高,0.00294494,0.02119383,False,False
9596,0,Returning_Visitor,2,Dec,False,141,4310.77500000,50及以上,高,0.00140845,0.01389104,False,False
11316,0,Returning_Visitor,1,Dec,False,141,3274.52115400,50及以上,高,0.00000000,0.00839161,False,False
3863,0,Returning_Visitor,3,May,False,141,2886.52352100,50及以上,高,0.00431655,0.01879809,False,False
10577,0,Returning_Visitor,2,Nov,False,141,2834.69761900,50及以上,高,0.00968469,0.02055180,False,False
5830,0,Returning_Visitor,2,Nov,False,141,2623.58086400,50及以上,高,0.00000000,0.00424403,False,False
9882,0,Returning_Visitor,2,Nov,False,141,2596.20476200,50及以上,高,0.00610329,0.02012164,False,False
1557,0,Returning_Visitor,1,Mar,True,140,8961.40767100,50及以上,高,0.00137931,0.01298056,False,False
8966,0,Returning_Visitor,2,Nov,False,140,4817.36954600,50及以上,高,0.00268456,0.00955257,False,False
8727,0,Returning_Visitor,1,Nov,False,140,4096.09015200,50及以上,高,0.00380952,0.01187075,False,False
5586,0,Returning_Visitor,1,Jul,False,140,3252.20047600,50及以上,高,0.00547945,0.02429224,False,False
6655,0,Returning_Visitor,4,Sep,True,140,2810.79715800,50及以上,高,0.00190972,0.01622607,False,False
8425,0,Returning_Visitor,2,Nov,False,140,2404.83100600,50及以上,高,0.00142857,0.00314286,False,False
9573,0,Returning_Visitor,2,Nov,True,139,6566.86756200,50及以上,高,0.00347744,0.01553102,False,False
6297,0,Returning_Visitor,3,Nov,False,139,5286.58757700,50及以上,高,0.00295916,0.01820989,False,False
6195,0,Returning_Visitor,1,Aug,False,139,5107.03492800,50及以上,高,0.01544437,0.04400503,False,False
10106,0,Returning_Visitor,6,Dec,False,139,3891.21428600,50及以上,高,0.00197368,0.01118421,False,False
7178,0,Returning_Visitor,3,June,False,138,6440.23525600,50及以上,高,0.00189125,0.02731665,False,False
9743,0,Returning_Visitor,2,Nov,False,138,4172.11572000,50及以上,高,0.00000000,0.00833721,False,False
7371,0,Returning_Visitor,13,Nov,False,138,4031.56166700,50及以上,高,0.00285714,0.01023809,False,False
9335,0,Returning_Visitor,2,Nov,False,137,4045.72663400,50及以上,高,0.00999310,0.02171057,False,False
11520,0,Returning_Visitor,1,Dec,False,137,3978.62616700,50及以上,高,0.00144928,0.00474638,False,False
885,0,Returning_Visitor,2,Mar,False,137,3909.36829000,50及以上,高,0.00000000,0.00505594,False,False
9895,0,Returning_Visitor,1,Dec,False,137,3770.91607100,50及以上,高,0.00316547,0.01474525,False,False
6285,0,Returning_Visitor,2,Oct,False,137,3004.62810900,50及以上,高,0.00238095,0.01175015,False,False
10255,0,Returning_Visitor,2,Nov,False,137,2668.72504600,50及以上,高,0.00213840,0.02090774,False,False
6690,0,Returning_Visitor,1,Oct,False,136,5944.38737300,50及以上,高,0.01125260,0.03185159,False,False
4001,0,Returning_Visitor,4,May,False,136,4569.90436500,50及以上,高,0.00000000,0.00891253,False,False
12070,0,Returning_Visitor,3,Dec,False,136,4201.50833300,50及以上,高,0.00000000,0.01126508,False,False
9477,0,Returning_Visitor,1,Dec,False,135,5520.17550500,50及以上,高,0.00296296,0.01025814,False,False
8117,0,Returning_Visitor,10,Nov,True,135,4966.52066100,50及以上,高,0.00364964,0.01127795,False,False
4116,0,Returning_Visitor,4,May,False,135,3700.49581500,50及以上,高,0.00466201,0.01462607,False,False
5154,0,Returning_Visitor,1,May,False,134,6897.94242400,50及以上,高,0.00298507,0.00882467,False,False
11173,0,Returning_Visitor,11,Nov,False,134,6732.12441400,50及以上,高,0.00801865,0.02503022,False,False
7747,0,Returning_Visitor,2,Nov,False,134,3410.69759200,50及以上,高,0.00149573,0.00283957,False,False
6942,0,Returning_Visitor,4,June,False,133,10338.67177000,50及以上,高,0.00027604,0.01765727,False,False
11872,0,Returning_Visitor,10,Dec,False,133,5948.99831100,50及以上,高,0.00595745,0.00828996,False,False
9487,0,Returning_Visitor,2,Nov,True,133,4885.04906900,50及以上,高,0.00296296,0.00868919,False,False
12286,0,Returning_Visitor,2,Nov,False,133,3918.36373600,50及以上,高,0.00000000,0.00927536,False,False
9881,0,Returning_Visitor,6,Nov,True,133,3713.58010500,50及以上,高,0.00338200,0.01588974,False,False
3898,0,Returning_Visitor,3,May,False,133,3068.92248700,50及以上,高,0.00489051,0.01224630,False,False
11851,0,Returning_Visitor,10,Dec,False,132,7356.40238100,50及以上,高,0.00451228,0.01757703,False,False
10059,0,Returning_Visitor,2,Nov,False,132,6725.66369000,50及以上,高,0.00373134,0.01286425,False,False
1794,0,Returning_Visitor,2,Mar,False,132,4056.17536900,50及以上,高,0.00588235,0.01928295,False,False
4444,0,Returning_Visitor,4,May,False,132,3083.05097700,50及以上,高,0.00149440,0.00973340,False,False
2825,0,Returning_Visitor,2,May,False,131,9487.94043400,50及以上,高,0.00172662,0.01163249,False,False
11347,0,Returning_Visitor,2,Dec,False,131,6050.88311700,50及以上,高,0.00285714,0.01255756,False,False
10817,0,Returning_Visitor,2,Nov,False,131,5619.38489700,50及以上,高,0.01294547,0.03548829,False,False
11950,0,Returning_Visitor,2,Dec,False,131,4597.57525200,50及以上,高,0.00676692,0.02875454,False,False
11202,0,Returning_Visitor,2,Nov,True,131,4442.39444400,50及以上,高,0.01167883,0.01428350,False,False
5638,0,Returning_Visitor,2,Aug,False,131,4044.46567400,50及以上,高,0.00888919,0.03061240,False,False
8010,0,Returning_Visitor,1,Nov,False,131,3902.66477400,50及以上,高,0.00888889,0.02287037,False,False
3216,0,Returning_Visitor,1,May,False,131,2749.05833300,50及以上,高,0.00909091,0.01768226,False,False
8524,0,Returning_Visitor,2,Nov,False,131,2244.61666700,50及以上,高,0.00534351,0.01750636,False,False
5808,0,Returning_Visitor,1,Sep,False,130,9447.57851400,50及以上,高,0.01266150,0.02575819,False,False
11830,0,Returning_Visitor,2,Nov,False,130,6560.00754000,50及以上,高,0.00000000,0.00637626,False,False
2097,0,Returning_Visitor,13,May,False,130,4164.93690500,50及以上,高,0.00615385,0.01231935,False,False
7425,0,Returning_Visitor,2,Nov,False,130,3645.90904800,50及以上,高,0.00145985,0.00851581,False,False
9331,0,Returning_Visitor,1,Dec,False,130,3376.02756400,50及以上,高,0.00751880,0.02916927,False,False
9442,0,Returning_Visitor,2,Nov,True,130,3313.45575400,50及以上,高,0.00763359,0.02897273,False,False
1147,0,Returning_Visitor,13,Mar,False,129,7669.25079400,50及以上,高,0.00000000,0.00913520,False,False
4109,0,Returning_Visitor,2,May,False,129,6657.15136200,50及以上,高,0.01091758,0.02210210,False,False
5112,0,Returning_Visitor,2,May,False,129,5883.04050900,50及以上,高,0.00307692,0.00873567,False,False
4194,0,Returning_Visitor,1,May,False,129,5293.82470900,50及以上,高,0.00507246,0.02065907,False,False
11834,0,Returning_Visitor,2,Dec,False,129,4609.62638900,50及以上,高,0.00155039,0.01613751,False,False
2569,0,Returning_Visitor,2,May,True,129,4115.97857100,50及以上,高,0.00147059,0.01128852,False,False
4063,0,Returning_Visitor,4,May,True,129,3098.91208800,50及以上,高,0.00000000,0.00170426,False,False
10895,0,Returning_Visitor,1,Nov,True,128,6483.08040000,50及以上,高,0.00330789,0.01251782,False,False
110,0,Returning_Visitor,3,Feb,False,128,5062.21375300,50及以上,高,0.00085470,0.01791847,False,False
11978,0,Returning_Visitor,2,Nov,False,128,4391.87623200,50及以上,高,0.00875912,0.02241153,False,False
3349,0,Returning_Visitor,13,May,False,128,3158.56147600,50及以上,高,0.00547445,0.00581539,False,False
7065,0,Returning_Visitor,1,Jul,False,128,2787.69261900,50及以上,高,0.00312500,0.01417559,False,False
5162,0,Returning_Visitor,13,May,False,128,1799.14423500,50及以上,高,0.00923738,0.02018287,False,False
3309,0,Returning_Visitor,6,May,True,127,6931.04972500,50及以上,高,0.00434783,0.01585578,False,False
10314,0,Returning_Visitor,2,Nov,False,127,4876.00771200,50及以上,高,0.00575540,0.02920307,False,False
12261,0,Returning_Visitor,3,Nov,False,127,4214.77982200,50及以上,高,0.00839695,0.01803525,False,False
11220,0,Returning_Visitor,2,Dec,True,127,3418.69697500,50及以上,高,0.00390071,0.01370098,False,False
2255,0,Returning_Visitor,3,May,False,127,2573.87500000,50及以上,高,0.00025641,0.00919658,False,False
10403,0,Returning_Visitor,1,Dec,True,126,5276.22719300,50及以上,高,0.01154856,0.03393326,False,False
11072,0,Returning_Visitor,2,Nov,False,126,4558.37222200,50及以上,高,0.00000000,0.00620155,False,False
8674,0,Returning_Visitor,2,Dec,False,126,4446.30317500,50及以上,高,0.00153846,0.01556777,False,False
12251,0,Returning_Visitor,2,Nov,False,126,4310.00466800,50及以上,高,0.00068783,0.01282284,False,False
4402,0,Returning_Visitor,2,May,False,126,3372.82679700,50及以上,高,0.00625000,0.02348090,False,False
3093,0,Returning_Visitor,3,May,False,126,2645.83333300,50及以上,高,0.00451128,0.01597088,False,False
12283,0,Returning_Visitor,2,Nov,False,125,7453.76666700,50及以上,高,0.00162602,0.01313247,False,False
2257,0,Returning_Visitor,4,May,False,125,4639.41053400,50及以上,高,0.01243386,0.02385676,False,False
3504,0,Returning_Visitor,6,May,True,125,4313.13910300,50及以上,高,0.00173611,0.01962302,False,False
4385,0,Returning_Visitor,2,May,False,125,3727.32381000,50及以上,高,0.00000000,0.00115861,False,False
9029,0,Returning_Visitor,2,Nov,False,125,3507.01087700,50及以上,高,0.00564516,0.01387415,False,False
8424,0,Returning_Visitor,3,Nov,False,125,1935.33551600,50及以上,高,0.00000000,0.00803150,False,False
2191,0,Returning_Visitor,13,May,False,124,4093.43051900,50及以上,高,0.00581622,0.04349968,False,False
4163,0,Returning_Visitor,11,May,True,124,3394.13015900,50及以上,高,0.00158730,0.01291887,False,False
11025,0,Returning_Visitor,2,Nov,True,124,3197.29006400,50及以上,高,0.01032051,0.01989345,False,False
11992,0,Returning_Visitor,2,Nov,False,123,3944.38492100,50及以上,高,0.00516129,0.01711214,False,False
6491,0,Returning_Visitor,4,June,False,123,3886.82333300,50及以上,高,0.00209059,0.01556330,False,False
7122,0,Returning_Visitor,2,June,False,123,2396.27245600,50及以上,高,0.00090215,0.00856578,False,False
11867,0,Returning_Visitor,2,Nov,False,122,7532.51111100,50及以上,高,0.00461538,0.02961277,False,False
8765,0,Returning_Visitor,2,Nov,True,122,7141.21464200,50及以上,高,0.01292683,0.01962467,False,False
8407,0,Returning_Visitor,2,Dec,False,122,6919.89949500,50及以上,高,0.00461538,0.02200838,False,False
3440,0,Returning_Visitor,1,May,False,122,6141.43213900,50及以上,高,0.01359381,0.03006002,False,False
9250,0,Returning_Visitor,3,Nov,False,122,3492.31630400,50及以上,高,0.00654714,0.01579237,False,False
10917,0,Returning_Visitor,2,Nov,False,122,3068.06290400,50及以上,高,0.01312000,0.01695382,False,False
11604,0,Returning_Visitor,2,Dec,False,122,2767.36607100,50及以上,高,0.00053333,0.00407111,False,False
8536,0,Returning_Visitor,13,Nov,False,121,4875.10611300,50及以上,高,0.01180606,0.02002544,False,False
9234,0,Returning_Visitor,2,Dec,False,121,4218.07484700,50及以上,高,0.00998510,0.02651444,False,False
8249,0,Returning_Visitor,7,Nov,False,121,3648.56250000,50及以上,高,0.00192744,0.00940922,False,False
5601,0,Returning_Visitor,2,Aug,False,120,5771.46686200,50及以上,高,0.00275591,0.01453775,False,False
10683,0,Returning_Visitor,2,Nov,True,120,4173.13106100,50及以上,高,0.00671642,0.02792797,False,False
10090,0,Returning_Visitor,2,Nov,True,120,3934.20102400,50及以上,高,0.00245902,0.02364600,False,False
10088,0,Returning_Visitor,2,Nov,False,120,3283.71535900,50及以上,高,0.00465116,0.02454303,False,False
6709,0,Returning_Visitor,1,Aug,False,120,2872.71903100,50及以上,高,0.00022676,0.01194885,False,False
9157,0,Returning_Visitor,1,Dec,False,119,7609.82065000,50及以上,高,0.00320000,0.01523111,False,False
5276,0,Returning_Visitor,6,May,False,119,4749.24038500,50及以上,高,0.01577236,0.03181185,False,False
11551,0,Returning_Visitor,13,Nov,True,119,2763.01133200,50及以上,高,0.00536723,0.00756664,False,False
3422,0,Returning_Visitor,2,May,False,119,1243.18055600,50及以上,高,0.00000000,0.00766821,False,False
9004,0,Returning_Visitor,2,Nov,True,118,5250.89166700,50及以上,高,0.00162602,0.01490515,False,False
12028,0,Returning_Visitor,2,Nov,False,118,4947.35803800,50及以上,高,0.00113821,0.01120063,False,False
5346,0,Returning_Visitor,20,May,False,118,4541.92500000,50及以上,高,0.01311475,0.03139995,False,False
4541,0,Returning_Visitor,4,May,True,118,3712.81160000,50及以上,高,0.00325203,0.01031036,False,False
11193,0,Returning_Visitor,10,Nov,False,118,2652.55290400,50及以上,高,0.00165289,0.01002066,False,False
2134,0,Returning_Visitor,4,May,True,117,13158.66667000,50及以上,高,0.00689655,0.04181034,False,False
11562,0,Returning_Visitor,2,Nov,False,117,7468.86017300,50及以上,高,0.01290019,0.02094813,False,False
11056,0,Returning_Visitor,1,Dec,False,117,3484.26911800,50及以上,高,0.00250000,0.01437500,False,False
9390,0,Returning_Visitor,2,Nov,True,117,3228.50213700,50及以上,高,0.00593220,0.01899589,False,False
7165,0,Returning_Visitor,4,Aug,True,117,1953.53751200,50及以上,高,0.00289256,0.00729503,False,False
3267,0,Returning_Visitor,3,May,False,117,1569.86666700,50及以上,高,0.00341880,0.01187084,False,False
2415,0,Returning_Visitor,3,May,False,116,7009.09599600,50及以上,高,0.00000000,0.01108379,False,False
10450,0,Returning_Visitor,1,Nov,False,116,5389.88333300,50及以上,高,0.00956522,0.02078675,False,False
11906,0,Returning_Visitor,13,Dec,False,116,4097.40399300,50及以上,高,0.01648033,0.02253058,False,False
5068,0,Returning_Visitor,4,May,False,116,3364.19166700,50及以上,高,0.01495727,0.02486365,False,False
11000,0,Returning_Visitor,2,Nov,False,116,3363.18214300,50及以上,高,0.00042017,0.01404835,False,False
9301,0,Returning_Visitor,10,Nov,True,116,3184.81570500,50及以上,高,0.00015674,0.02263547,False,False
11059,0,Returning_Visitor,2,Dec,False,116,2971.43510100,50及以上,高,0.00185830,0.01230352,False,False
4934,0,Returning_Visitor,6,May,False,115,8388.31608300,50及以上,高,0.01252501,0.02954105,False,False
6593,0,Returning_Visitor,4,Oct,False,115,5284.81682500,50及以上,高,0.00000000,0.00284900,False,False
3807,0,Returning_Visitor,13,May,False,115,5016.35120500,50及以上,高,0.00683761,0.02202590,False,False
2822,0,Returning_Visitor,6,May,False,115,3382.28799900,50及以上,高,0.00534683,0.02197160,False,False
1826,0,Returning_Visitor,1,Mar,False,115,2625.00952400,50及以上,高,0.00000000,0.00401332,False,False
2887,0,Returning_Visitor,2,May,False,115,1822.00811700,50及以上,高,0.00116959,0.00790170,False,False
6145,0,Returning_Visitor,3,Nov,True,114,5066.66110000,50及以上,高,0.00666667,0.01618056,False,False
12245,0,Returning_Visitor,1,Nov,False,114,4269.49314600,50及以上,高,0.00157480,0.01698038,False,False
10045,0,Returning_Visitor,2,Dec,True,114,3788.80000000,50及以上,高,0.00347826,0.01043478,False,False
10460,0,Returning_Visitor,1,Dec,False,114,3616.00812100,50及以上,高,0.00409357,0.01353543,False,False
11117,0,Returning_Visitor,2,Dec,False,114,3494.83122500,50及以上,高,0.00360169,0.01876220,False,False
10779,0,Returning_Visitor,2,Nov,False,114,3488.07080300,50及以上,高,0.00008140,0.02268549,False,False
7802,0,Returning_Visitor,2,Nov,False,114,2139.15664700,50及以上,高,0.00000000,0.00941489,False,False
9705,0,Returning_Visitor,1,Dec,False,113,8041.58887000,50及以上,高,0.00793651,0.02680816,False,False
4522,0,Returning_Visitor,2,May,False,113,5882.17420600,50及以上,高,0.00000000,0.00658490,False,False
9476,0,Returning_Visitor,1,Dec,True,113,3770.02169800,50及以上,高,0.00800493,0.01900452,False,False
6535,0,Returning_Visitor,1,Aug,False,113,3282.58398300,50及以上,高,0.00737705,0.01669104,False,False
925,0,Returning_Visitor,2,Mar,False,113,3000.66666700,50及以上,高,0.00347826,0.00521739,False,False
5151,0,Returning_Visitor,1,May,False,113,2216.66832000,50及以上,高,0.00535714,0.01434486,False,False
6198,0,Returning_Visitor,3,June,False,113,1576.25222200,50及以上,高,0.00350877,0.00931495,False,False
6263,0,Returning_Visitor,13,Jul,False,113,1341.63261900,50及以上,高,0.00480480,0.01184685,False,False
2646,0,Returning_Visitor,1,May,False,112,7968.90336100,50及以上,高,0.00309326,0.03679370,False,False
12238,0,Returning_Visitor,3,Nov,False,112,6673.29139200,50及以上,高,0.00000000,0.00874459,False,False
3186,0,Returning_Visitor,3,May,False,112,4509.82301600,50及以上,高,0.00416667,0.01996028,False,False
11702,0,Returning_Visitor,2,Dec,False,112,3556.34679500,50及以上,高,0.00840336,0.02141547,False,False
9808,0,Returning_Visitor,2,Dec,False,112,2237.60388500,50及以上,高,0.00393314,0.01912831,False,False
11896,0,Returning_Visitor,2,Nov,False,112,2218.71720800,50及以上,高,0.00022321,0.01822917,False,False
9540,0,Returning_Visitor,1,Dec,False,111,8684.98333300,50及以上,高,0.00267857,0.01961310,False,False
12288,0,Returning_Visitor,2,Dec,False,111,6340.15238100,50及以上,高,0.00336134,0.00943177,False,False
5639,0,Returning_Visitor,1,Jul,True,111,4208.75209900,50及以上,高,0.00347774,0.01585615,False,False
7095,0,Returning_Visitor,5,Aug,False,111,4022.81214800,50及以上,高,0.00357143,0.01235142,False,False
8998,0,Returning_Visitor,2,Nov,False,111,3971.51527800,50及以上,高,0.00900901,0.02472563,False,False
11694,0,Returning_Visitor,2,Nov,False,111,3874.24087300,50及以上,高,0.00649412,0.02173140,False,False
368,0,Returning_Visitor,2,Mar,False,111,3510.87990300,50及以上,高,0.00009830,0.00943843,False,False
6825,0,Returning_Visitor,3,Jul,False,111,3276.19054100,50及以上,高,0.00880000,0.01102764,False,False
7621,0,Returning_Visitor,3,Aug,True,111,2805.03809500,50及以上,高,0.00540541,0.03819274,False,False
3201,0,Returning_Visitor,3,May,False,111,2748.62453800,50及以上,高,0.00542005,0.00667835,False,False
8120,0,Returning_Visitor,3,Nov,False,111,2556.37333500,50及以上,高,0.00042373,0.00814597,False,False
697,0,Returning_Visitor,2,Mar,True,111,2524.50190500,50及以上,高,0.00169491,0.01883418,False,False
12230,0,Returning_Visitor,2,Dec,False,111,1624.75000000,50及以上,高,0.01363636,0.02551515,False,False
6489,0,Returning_Visitor,3,Oct,False,110,10278.90421000,50及以上,高,0.01280000,0.02480939,False,False
4151,0,Returning_Visitor,2,May,False,110,5343.04957700,50及以上,高,0.00877193,0.02964303,False,False
9413,0,Returning_Visitor,2,Nov,False,110,4096.71271600,50及以上,高,0.00265487,0.01106195,False,False
11485,0,Returning_Visitor,1,Nov,False,110,4006.35931400,50及以上,高,0.01000000,0.03049687,False,False
1744,0,Returning_Visitor,2,Mar,False,110,3211.82770600,50及以上,高,0.00357143,0.01291667,False,False
7720,0,Returning_Visitor,1,Jul,False,110,2056.48859000,50及以上,高,0.00000000,0.00489297,False,False
6168,0,Returning_Visitor,4,Aug,True,110,1691.23614700,50及以上,高,0.00344828,0.01935992,False,False
770,0,Returning_Visitor,2,Mar,False,109,6682.67755700,50及以上,高,0.00083333,0.00534544,False,False
3180,0,Returning_Visitor,4,May,False,109,3731.13811600,50及以上,高,0.00486111,0.01524479,False,False
11247,0,Returning_Visitor,8,Nov,True,109,3339.07598000,50及以上,高,0.00818182,0.01458245,False,False
6463,0,Returning_Visitor,1,Oct,False,109,3297.49131100,50及以上,高,0.00614035,0.01028115,False,False
11905,0,Returning_Visitor,10,Nov,False,109,2925.67760700,50及以上,高,0.00550459,0.01567340,False,False
7378,0,Returning_Visitor,1,Aug,False,109,2110.42235400,50及以上,高,0.00517787,0.01493661,False,False
6304,0,Returning_Visitor,3,Jul,False,109,1370.12783800,50及以上,高,0.00451240,0.01969832,False,False
9856,0,Returning_Visitor,13,Nov,False,108,8402.71598600,50及以上,高,0.00887346,0.01955831,False,False
8204,0,Returning_Visitor,10,Nov,False,108,4656.33174600,50及以上,高,0.00645646,0.01832669,False,False
10154,0,Returning_Visitor,1,Nov,False,108,4590.43127700,50及以上,高,0.00555556,0.02275132,False,False
10176,0,Returning_Visitor,1,Nov,False,108,3279.23842800,50及以上,高,0.01203704,0.03070988,False,False
3413,0,Returning_Visitor,4,May,True,108,2973.12500000,50及以上,高,0.00530974,0.02099312,False,False
10305,0,Returning_Visitor,3,Nov,False,108,2270.90833300,50及以上,高,0.00550459,0.02966361,False,False
3936,0,Returning_Visitor,6,May,False,108,1479.08333300,50及以上,高,0.00178571,0.00714286,False,False
9970,0,Returning_Visitor,2,Nov,False,107,6235.06603000,50及以上,高,0.00530974,0.01622340,False,False
5752,0,Returning_Visitor,4,Oct,False,107,4376.90265500,50及以上,高,0.00727273,0.02170755,False,False
6302,0,Returning_Visitor,2,Oct,False,107,3739.63555600,50及以上,高,0.00000000,0.00931624,False,False
9318,0,Returning_Visitor,2,Nov,False,107,3723.52973900,50及以上,高,0.00109428,0.01972313,False,False
6608,0,Returning_Visitor,2,June,False,107,3173.21041700,50及以上,高,0.00313853,0.00912201,False,False
10617,0,Returning_Visitor,1,Nov,True,107,3074.85277800,50及以上,高,0.01545455,0.02623997,False,False
11035,0,Returning_Visitor,2,Dec,False,107,2589.88153700,50及以上,高,0.01060156,0.01962754,False,False
7578,0,Returning_Visitor,2,June,True,107,1688.24940000,50及以上,高,0.00000000,0.01640783,False,False
3128,0,Returning_Visitor,2,May,True,106,5633.53827400,50及以上,高,0.00887851,0.01723225,False,False
4616,0,Returning_Visitor,3,May,True,106,3825.10238100,50及以上,高,0.00759259,0.03982767,False,False
9070,0,Returning_Visitor,13,Nov,False,106,3163.09682500,50及以上,高,0.01166475,0.02139387,False,False
3938,0,Returning_Visitor,6,May,False,106,3156.50191400,50及以上,高,0.00062893,0.00957793,False,False
11777,0,Returning_Visitor,2,Dec,False,106,3095.20072500,50及以上,高,0.01261261,0.03468468,False,False
4659,0,Returning_Visitor,6,May,False,106,2980.88917900,50及以上,高,0.00185185,0.01013940,False,False
11917,0,Returning_Visitor,2,Nov,False,106,2709.52235700,50及以上,高,0.00000000,0.02265019,False,False
4956,0,Returning_Visitor,3,May,False,106,1974.70259700,50及以上,高,0.00188679,0.01442654,False,False
10136,0,Returning_Visitor,2,Nov,False,105,5254.15833300,50及以上,高,0.00186916,0.01758926,False,False
5369,0,Returning_Visitor,1,May,False,105,4797.98791500,50及以上,高,0.00560748,0.01372634,False,False
8372,0,Returning_Visitor,1,Dec,False,105,4434.28174600,50及以上,高,0.00504202,0.02969256,False,False
3745,0,Returning_Visitor,4,May,True,105,2900.63846900,50及以上,高,0.00943396,0.02126310,False,False
3512,0,Returning_Visitor,4,May,False,105,2062.44359200,50及以上,高,0.01220527,0.02027569,False,False
8356,0,Returning_Visitor,2,Nov,False,104,7181.87777800,50及以上,高,0.00884354,0.02373779,False,False
12140,0,Returning_Visitor,1,Nov,False,104,5155.35113200,50及以上,高,0.00689300,0.03157099,False,False
3962,0,Returning_Visitor,6,May,True,104,4877.25707100,50及以上,高,0.00392157,0.02014006,False,False
7475,0,Returning_Visitor,1,Jul,False,104,3528.06071400,50及以上,高,0.00621302,0.03560223,False,False
1103,0,Returning_Visitor,1,Mar,True,104,3486.69047600,50及以上,高,0.00330189,0.01310497,False,False
2777,0,Returning_Visitor,20,May,False,104,2743.81918900,50及以上,高,0.00000000,0.00775362,False,False
5528,0,Returning_Visitor,1,Jul,True,104,1667.15842100,50及以上,高,0.00000000,0.00254704,False,False
11937,0,Returning_Visitor,2,Nov,False,103,5395.20179400,50及以上,高,0.01048544,0.03000000,False,False
9246,0,Returning_Visitor,2,Nov,True,103,3626.00322300,50及以上,高,0.00751634,0.03513163,False,False
9957,0,Returning_Visitor,2,Nov,False,103,3608.34675200,50及以上,高,0.00000000,0.00790560,False,False
11670,0,Returning_Visitor,13,Nov,True,103,3400.24889700,50及以上,高,0.01469256,0.02559871,False,False
5739,0,Returning_Visitor,1,Sep,False,103,3357.05333300,50及以上,高,0.01553398,0.04352751,False,False
8512,0,Returning_Visitor,2,Dec,True,103,3216.92017200,50及以上,高,0.01219048,0.03075427,False,False
11427,0,Returning_Visitor,1,Nov,False,103,2546.85668500,50及以上,高,0.01492063,0.02522336,False,False
6960,0,Returning_Visitor,2,Oct,True,103,2091.03758800,50及以上,高,0.00789474,0.02816580,False,False
5738,0,Returning_Visitor,13,June,True,103,1955.16868500,50及以上,高,0.01535948,0.03705710,False,False
6331,0,Returning_Visitor,2,June,True,103,1843.75934700,50及以上,高,0.00000000,0.01961300,False,False
6422,0,Returning_Visitor,1,Sep,False,102,6684.52095200,50及以上,高,0.00218182,0.01736364,False,False
4821,0,Returning_Visitor,2,May,False,102,5978.18035700,50及以上,高,0.00469231,0.02032945,False,False
2942,0,Returning_Visitor,4,May,True,102,5703.47678600,50及以上,高,0.00173913,0.01470751,False,False
8720,0,Returning_Visitor,1,Nov,False,102,4509.00000000,50及以上,高,0.01176471,0.03767974,False,False
11846,0,Returning_Visitor,10,Nov,True,102,4264.41907800,50及以上,高,0.00778388,0.01983450,False,False
11995,0,Returning_Visitor,2,Nov,True,102,4227.09444400,50及以上,高,0.00000000,0.00849359,False,False
8077,0,Returning_Visitor,2,Nov,True,102,4021.17222200,50及以上,高,0.00000000,0.01000000,False,False
10336,0,Returning_Visitor,3,Dec,False,102,3284.50000000,50及以上,高,0.00392157,0.01035948,False,False
6780,0,Returning_Visitor,2,Sep,False,102,3025.29032500,50及以上,高,0.01410256,0.01980005,False,False
8827,0,Returning_Visitor,2,Dec,True,101,5276.59444400,50及以上,高,0.00000000,0.00554507,False,False
11317,0,Returning_Visitor,10,Dec,False,101,4484.66944500,50及以上,高,0.00840841,0.02405576,False,False
9383,0,Returning_Visitor,2,Nov,False,101,2681.99810500,50及以上,高,0.01018518,0.02137420,False,False
6211,0,Returning_Visitor,1,Oct,False,101,2611.74765300,50及以上,高,0.00435644,0.02928737,False,False
4420,0,Returning_Visitor,13,May,False,101,2584.71428600,50及以上,高,0.01121495,0.01713396,False,False
11643,0,Returning_Visitor,1,Nov,False,101,2186.14583300,50及以上,高,0.00000000,0.00480769,False,False
11393,0,Returning_Visitor,2,Nov,False,100,3457.28531700,50及以上,高,0.00612245,0.02823129,False,False
9891,0,Returning_Visitor,2,Dec,False,100,2852.01314100,50及以上,高,0.00044444,0.02430166,False,False
9065,0,Returning_Visitor,1,Dec,False,100,2781.12500000,50及以上,高,0.01200000,0.03766667,False,False
11546,0,Returning_Visitor,13,Nov,True,100,2565.79722200,50及以上,高,0.00186916,0.01207165,False,False
3527,0,Returning_Visitor,4,May,False,100,2463.24484100,50及以上,高,0.00188679,0.01494459,False,False
11932,0,Returning_Visitor,10,Dec,False,100,1284.36182200,50及以上,高,0.00192308,0.01160393,False,False
4246,0,Returning_Visitor,1,May,True,99,6266.20858600,50及以上,高,0.00000000,0.01086984,False,False
8500,0,Returning_Visitor,2,Nov,False,99,4097.70883800,50及以上,高,0.00206186,0.01374570,False,False
10775,0,Returning_Visitor,3,Nov,False,99,3881.93890700,50及以上,高,0.00185185,0.02682099,False,False
5262,0,Returning_Visitor,1,May,True,99,3072.30540300,50及以上,高,0.00196078,0.02050654,False,False
9594,0,Returning_Visitor,13,Nov,True,99,2171.54714900,50及以上,高,0.01628127,0.02950798,False,False
5878,0,Returning_Visitor,1,Nov,True,99,2129.98970700,50及以上,高,0.00186916,0.00680532,False,False
6763,0,Returning_Visitor,5,June,False,98,12449.90000000,50及以上,高,0.00229167,0.03110250,False,False
8884,0,Returning_Visitor,2,Dec,False,98,7712.37500000,50及以上,高,0.00000000,0.01243182,False,False
10838,0,Returning_Visitor,2,Dec,False,98,3986.78964600,50及以上,高,0.00612245,0.02711084,False,False
8601,0,Returning_Visitor,2,Nov,False,98,3714.35266400,50及以上,高,0.00500000,0.01342993,False,False
12208,0,Returning_Visitor,2,Nov,False,98,3653.64166700,50及以上,高,0.00268065,0.02966010,False,False
196,0,Returning_Visitor,3,Mar,False,98,3556.61241000,50及以上,高,0.00206186,0.01017346,False,False
11183,0,Returning_Visitor,3,Nov,False,98,3452.26250000,50及以上,高,0.00354396,0.02462704,False,False
3408,0,Returning_Visitor,2,May,True,98,2806.82991800,50及以上,高,0.01314475,0.03902912,False,False
6031,0,Returning_Visitor,2,Jul,True,98,2138.48126300,50及以上,高,0.00188679,0.01798540,False,False
8920,0,Returning_Visitor,2,Dec,False,98,1887.23214300,50及以上,高,0.00204082,0.02506803,False,False
7893,0,Returning_Visitor,4,Aug,False,98,1717.87327800,50及以上,高,0.01415094,0.02394280,False,False
3810,0,Returning_Visitor,2,May,False,97,7515.58333300,50及以上,高,0.00416667,0.02708333,False,False
7781,0,Returning_Visitor,3,Oct,False,97,6079.82000000,50及以上,高,0.00200000,0.01700000,False,False
6444,0,Returning_Visitor,2,Jul,True,97,4318.66808200,50及以上,高,0.00252005,0.01378418,False,False
11215,0,Returning_Visitor,3,Nov,True,97,3989.48555300,50及以上,高,0.00200000,0.01220187,False,False
7363,0,Returning_Visitor,1,Oct,False,97,2865.81777800,50及以上,高,0.00934579,0.02420561,False,False
8985,0,Returning_Visitor,1,Nov,True,97,2811.47807000,50及以上,高,0.00274914,0.01583211,False,False
8446,0,Returning_Visitor,2,Nov,False,97,2300.89131700,50及以上,高,0.00000000,0.01573038,False,False
6162,0,Returning_Visitor,4,Aug,False,97,2293.49012900,50及以上,高,0.01145573,0.02697054,False,False
8738,0,Returning_Visitor,2,Dec,False,97,1935.88711100,50及以上,高,0.00116839,0.00892836,False,False
5218,0,Returning_Visitor,2,May,False,97,1871.78804100,50及以上,高,0.00225225,0.01030207,False,False
6859,0,Returning_Visitor,1,Jul,False,97,1643.36590700,50及以上,高,0.00566667,0.01587059,False,False
2989,0,Returning_Visitor,3,May,False,97,1589.18333300,50及以上,高,0.00807018,0.01496742,False,False
11827,0,Returning_Visitor,1,Nov,True,96,5286.20833300,50及以上,高,0.01100000,0.02411905,False,False
11854,0,Returning_Visitor,2,Nov,True,96,4803.82717000,50及以上,高,0.01279461,0.02630097,False,False
576,0,Returning_Visitor,1,Mar,True,96,4233.48070000,50及以上,高,0.00663580,0.02717471,False,False
7207,0,Returning_Visitor,13,Sep,False,96,4162.53800500,50及以上,高,0.01237864,0.02528748,False,False
9060,0,Returning_Visitor,2,Nov,False,96,3541.32449300,50及以上,高,0.01055021,0.02052271,False,False
188,0,Returning_Visitor,2,Mar,True,96,3283.16673900,50及以上,高,0.00196078,0.01350941,False,False
8683,0,Returning_Visitor,6,Nov,True,96,2857.71245400,50及以上,高,0.00239362,0.01974291,False,False
11477,0,Returning_Visitor,2,Dec,False,96,2478.07083300,50及以上,高,0.00735577,0.01814402,False,False
9323,0,Returning_Visitor,1,Dec,False,96,1949.64725200,50及以上,高,0.00742268,0.01440574,False,False
2033,0,Returning_Visitor,2,Mar,False,96,1524.74837700,50及以上,高,0.00000000,0.00723906,False,False
5524,0,Returning_Visitor,3,Oct,False,96,1304.97333300,50及以上,高,0.00392157,0.00830999,False,False
7897,0,Returning_Visitor,1,Jul,False,96,1231.79046000,50及以上,高,0.00212766,0.01026897,False,False
8304,0,Returning_Visitor,2,Nov,True,95,4379.86315800,50及以上,高,0.00631443,0.03390894,False,False
11756,0,Returning_Visitor,1,Dec,False,95,4334.81547600,50及以上,高,0.00553192,0.03962766,False,False
6935,0,Returning_Visitor,1,Jul,False,95,3715.77756400,50及以上,高,0.01010101,0.01185185,False,False
8970,0,Returning_Visitor,1,Nov,True,95,2989.78095200,50及以上,高,0.00588235,0.01451358,False,False
9604,0,Returning_Visitor,1,Nov,False,95,2625.18501400,50及以上,高,0.00300000,0.02707766,False,False
9067,0,Returning_Visitor,2,Nov,False,95,2500.12805200,50及以上,高,0.00534208,0.01183263,False,False
4822,0,Returning_Visitor,6,May,False,95,2411.78927900,50及以上,高,0.00000000,0.01068254,False,False
8792,0,Returning_Visitor,2,Dec,True,95,2354.97905800,50及以上,高,0.00137457,0.00569539,False,False
2485,0,Returning_Visitor,4,May,True,95,2107.58333300,50及以上,高,0.00000000,0.00416667,False,False
6099,0,Returning_Visitor,13,Sep,False,94,9836.06833300,50及以上,高,0.00744681,0.02819149,False,False
12103,0,Returning_Visitor,2,Nov,True,94,4698.79642900,50及以上,高,0.00000000,0.01765957,False,False
9129,0,Returning_Visitor,2,Dec,True,94,4620.08888900,50及以上,高,0.00215054,0.01075269,False,False
11696,0,Returning_Visitor,2,Dec,False,94,3554.64902000,50及以上,高,0.00202020,0.01318335,False,False
5675,0,Returning_Visitor,2,Oct,True,94,3210.84821800,50及以上,高,0.00212766,0.02092199,False,False
9317,0,Returning_Visitor,3,Nov,False,94,3085.25000000,50及以上,高,0.00000000,0.00609319,False,False
8118,0,Returning_Visitor,13,Nov,False,94,2881.68452400,50及以上,高,0.00612245,0.02534014,False,False
9724,0,Returning_Visitor,10,Nov,False,94,2332.10952400,50及以上,高,0.00103093,0.00945017,False,False
2879,0,Returning_Visitor,3,May,False,94,2129.53675200,50及以上,高,0.00315789,0.00481871,False,False
5689,0,Returning_Visitor,1,Jul,False,94,2103.93877200,50及以上,高,0.01373106,0.03880916,False,False
7567,0,Returning_Visitor,1,Aug,False,94,1729.71666700,50及以上,高,0.00505051,0.02542087,False,False
3479,0,Returning_Visitor,3,May,False,94,1576.20507800,50及以上,高,0.01075269,0.01550606,False,False
1500,0,Returning_Visitor,1,Mar,False,93,4261.84285700,50及以上,高,0.00293040,0.02108084,False,False
4031,0,Returning_Visitor,13,May,False,93,3646.96666700,50及以上,高,0.00515464,0.02269603,False,False
9180,0,Returning_Visitor,3,Dec,True,93,3009.04285700,50及以上,高,0.00361702,0.01814590,False,False
8375,0,Returning_Visitor,1,Dec,False,93,2835.41764100,50及以上,高,0.00754386,0.03731609,False,False
12271,0,Returning_Visitor,3,Nov,True,93,2773.01087300,50及以上,高,0.01182796,0.01757354,False,False
12256,0,Returning_Visitor,1,Nov,True,93,2720.26536800,50及以上,高,0.00714286,0.03470198,False,False
8702,0,Returning_Visitor,2,Nov,True,93,2697.17535000,50及以上,高,0.00606061,0.01927456,False,False
1996,0,Returning_Visitor,1,Mar,False,93,2243.66666700,50及以上,高,0.01098901,0.03150183,False,False
7246,0,Returning_Visitor,4,Oct,True,93,2087.64987000,50及以上,高,0.01382979,0.02355116,False,False
7851,0,Returning_Visitor,13,Sep,False,93,2002.76000000,50及以上,高,0.00816326,0.02659864,False,False
12149,0,Returning_Visitor,3,Nov,False,92,4637.53842000,50及以上,高,0.00050000,0.01149524,False,False
7992,0,Returning_Visitor,13,Nov,True,92,4066.20747600,50及以上,高,0.00175439,0.01360367,False,False
11313,0,Returning_Visitor,2,Nov,True,92,2716.51904800,50及以上,高,0.00673759,0.03788530,False,False
6696,0,Returning_Visitor,1,Jul,False,92,2451.34666700,50及以上,高,0.00769231,0.02131868,False,False
2462,0,Returning_Visitor,6,May,True,92,1688.05876100,50及以上,高,0.00434783,0.01649413,False,False
5474,0,Returning_Visitor,1,Sep,False,91,5692.21171300,50及以上,高,0.00645161,0.03362345,False,False
6706,0,Returning_Visitor,13,Jul,False,91,4157.63333300,50及以上,高,0.01000000,0.02801347,False,False
9341,0,Returning_Visitor,2,Nov,True,91,4155.62083300,50及以上,高,0.00255319,0.02215006,False,False
10820,0,Returning_Visitor,1,Dec,False,91,3511.83305900,50及以上,高,0.00224719,0.00715177,False,False
4158,0,Returning_Visitor,4,May,False,91,2869.78809500,50及以上,高,0.00200000,0.00545238,False,False
11492,0,Returning_Visitor,2,Nov,False,91,2631.47321400,50及以上,高,0.00274725,0.02332112,False,False
9564,0,Returning_Visitor,3,Dec,False,91,2434.14487200,50及以上,高,0.00202020,0.01902197,False,False
10863,0,Returning_Visitor,2,Dec,False,91,2345.58914000,50及以上,高,0.00274914,0.01284160,False,False
9523,0,Returning_Visitor,2,Nov,True,91,2056.10698100,50及以上,高,0.00888889,0.02393706,False,False
8052,0,Returning_Visitor,3,Nov,False,91,2023.75000000,50及以上,高,0.00473118,0.01875222,False,False
6911,0,Returning_Visitor,1,Sep,False,91,1596.41269800,50及以上,高,0.00109890,0.00791209,False,False
6475,0,Returning_Visitor,2,Sep,False,90,8024.50919700,50及以上,高,0.00824742,0.03204825,False,False
67,0,Returning_Visitor,3,Feb,False,90,6951.97222200,50及以上,高,0.00215054,0.01501303,False,False
3406,0,Returning_Visitor,2,May,False,90,5621.59920600,50及以上,高,0.00000000,0.01306818,False,False
5420,0,Returning_Visitor,6,May,False,90,3262.35089600,50及以上,高,0.00312500,0.01090962,False,False
8478,0,Returning_Visitor,2,Nov,True,90,3111.68333300,50及以上,高,0.00000000,0.01324967,False,False
8302,0,Returning_Visitor,2,Nov,True,90,2776.01358200,50及以上,高,0.00238095,0.01725694,False,False
7604,0,Returning_Visitor,4,Aug,False,90,2167.90047600,50及以上,高,0.00289855,0.01329710,False,False
10511,0,Returning_Visitor,1,Nov,False,90,1996.56590900,50及以上,高,0.01368421,0.02780788,False,False
7037,0,Returning_Visitor,4,Aug,False,90,1816.55500800,50及以上,高,0.00000000,0.00486111,False,False
10049,0,Returning_Visitor,10,Dec,False,90,1322.00443700,50及以上,高,0.00000000,0.00547491,False,False
2285,0,Returning_Visitor,4,May,False,90,1221.85384600,50及以上,高,0.00206186,0.01438717,False,False
953,0,Returning_Visitor,1,Mar,False,89,6770.27426700,50及以上,高,0.00631579,0.03012531,False,False
3264,0,Returning_Visitor,6,May,False,89,5044.75689000,50及以上,高,0.00252874,0.00837608,False,False
4617,0,Returning_Visitor,3,May,False,89,3639.73730200,50及以上,高,0.00021739,0.02138305,False,False
11185,0,Returning_Visitor,2,Nov,True,89,3614.10514700,50及以上,高,0.00643939,0.02056981,False,False
2465,0,Returning_Visitor,6,May,True,89,3509.13095200,50及以上,高,0.00561798,0.01524880,False,False
11216,0,Returning_Visitor,2,Nov,True,89,3401.30000000,50及以上,高,0.00222222,0.01483598,False,False
10057,0,Returning_Visitor,2,Dec,False,89,3296.60209100,50及以上,高,0.00326087,0.01728749,False,False
9107,0,Returning_Visitor,10,Nov,True,89,3236.86563200,50及以上,高,0.01254480,0.02752700,False,False
10318,0,Returning_Visitor,10,Nov,True,89,2744.54107100,50及以上,高,0.00337079,0.01563670,False,False
6728,0,Returning_Visitor,1,Jul,False,89,2577.96034900,50及以上,高,0.01285223,0.03729051,False,False
4110,0,Returning_Visitor,6,May,False,89,2213.81904800,50及以上,高,0.01354167,0.03415118,False,False
3255,0,Returning_Visitor,4,May,False,89,2114.08333300,50及以上,高,0.00000000,0.01168539,False,False
10939,0,Returning_Visitor,3,Dec,False,89,1938.99664600,50及以上,高,0.00386364,0.01808048,False,False
3076,0,Returning_Visitor,11,May,False,89,1638.88809500,50及以上,高,0.01436782,0.04065955,False,False
4648,0,Returning_Visitor,3,May,True,89,1332.08888900,50及以上,高,0.00000000,0.00329670,False,False
620,0,Returning_Visitor,2,Mar,False,88,5958.07193100,50及以上,高,0.00210526,0.00954386,False,False
11301,0,Returning_Visitor,2,Nov,False,88,5093.30000000,50及以上,高,0.00492424,0.02339384,False,False
3454,0,Returning_Visitor,6,May,False,88,3827.75357100,50及以上,高,0.00000000,0.00726950,False,False
6931,0,Returning_Visitor,3,Oct,False,88,3634.58571400,50及以上,高,0.00556391,0.03570175,False,False
5254,0,Returning_Visitor,2,May,False,88,2765.44444400,50及以上,高,0.00000000,0.01477273,False,False
3864,0,Returning_Visitor,4,May,False,88,2663.82381000,50及以上,高,0.00816326,0.02591837,False,False
9934,0,Returning_Visitor,10,Nov,True,88,2638.24442900,50及以上,高,0.00439560,0.02246474,False,False
9285,0,Returning_Visitor,1,Nov,False,88,2366.19210500,50及以上,高,0.01247191,0.03050126,False,False
9160,0,Returning_Visitor,2,Nov,True,88,2085.97256500,50及以上,高,0.00000000,0.00627395,False,False
5082,0,Returning_Visitor,1,May,False,88,1917.68333300,50及以上,高,0.00340909,0.01628788,False,False
7505,0,Returning_Visitor,2,Aug,True,88,1839.09810600,50及以上,高,0.01575870,0.03158756,False,False
398,0,Returning_Visitor,2,Mar,False,88,1759.27570300,50及以上,高,0.00454546,0.02064454,False,False
6777,0,Returning_Visitor,2,June,True,88,1568.53333300,50及以上,高,0.00000000,0.00512821,False,False
11395,0,Returning_Visitor,2,Nov,False,87,4984.54285700,50及以上,高,0.00326087,0.02113009,False,False
11738,0,Returning_Visitor,2,Dec,False,87,4403.38277700,50及以上,高,0.00294118,0.01155230,False,False
6962,0,Returning_Visitor,3,Sep,False,87,4131.15604400,50及以上,高,0.00659341,0.03708094,False,False
6558,0,Returning_Visitor,1,Sep,False,87,3898.81666700,50及以上,高,0.00000000,0.00411985,False,False
289,0,Returning_Visitor,1,Mar,False,87,3037.49995200,50及以上,高,0.00215054,0.00772239,False,False
11921,0,Returning_Visitor,1,Dec,False,87,3006.88363100,50及以上,高,0.00462963,0.01858554,False,False
11555,0,Returning_Visitor,2,Dec,False,87,2903.76441700,50及以上,高,0.00625000,0.01528021,False,False
4057,0,Returning_Visitor,1,May,False,87,2531.06047900,50及以上,高,0.00689655,0.01770516,False,False
10644,0,Returning_Visitor,2,Dec,False,87,2467.25634900,50及以上,高,0.00018939,0.01956876,False,False
7825,0,Returning_Visitor,3,Sep,False,87,1836.98333300,50及以上,高,0.00978261,0.02644928,False,False
6745,0,Returning_Visitor,1,June,False,87,1764.18004700,50及以上,高,0.00700758,0.03226110,False,False
11856,0,Returning_Visitor,2,Dec,False,86,4479.11622600,50及以上,高,0.00544218,0.02640646,False,False
6869,0,Returning_Visitor,1,Nov,False,86,3908.03349000,50及以上,高,0.01517857,0.02385629,False,False
2052,0,Returning_Visitor,1,Mar,False,86,2973.00833300,50及以上,高,0.00222222,0.01574074,False,False
6884,0,Returning_Visitor,3,Oct,True,86,2806.84682500,50及以上,高,0.00153257,0.00406130,False,False
2726,0,Returning_Visitor,5,May,False,86,2559.54122800,50及以上,高,0.00833333,0.00858757,False,False
10539,0,Returning_Visitor,10,Dec,True,86,2351.83472200,50及以上,高,0.00206186,0.02083620,False,False
8826,0,Returning_Visitor,2,Nov,False,86,2106.89404800,50及以上,高,0.00232558,0.00891473,False,False
10366,0,Returning_Visitor,2,Dec,False,86,1789.95476200,50及以上,高,0.00229885,0.01242656,False,False
3177,0,Returning_Visitor,3,May,False,86,1699.66666700,50及以上,高,0.01395349,0.02683093,False,False
7129,0,Returning_Visitor,13,Oct,False,85,6743.39876000,50及以上,高,0.01376812,0.03390703,False,False
12189,0,Returning_Visitor,13,Nov,False,85,5496.63035500,50及以上,高,0.01019262,0.02528412,False,False
11238,0,Returning_Visitor,3,Dec,False,85,3887.22232100,50及以上,高,0.00059524,0.01850649,False,False
10754,0,Returning_Visitor,2,Nov,False,85,3881.79359000,50及以上,高,0.00453159,0.03911522,False,False
3875,0,Returning_Visitor,6,May,True,85,3731.07936500,50及以上,高,0.01494253,0.03904215,False,False
6758,0,Returning_Visitor,2,Nov,True,85,3684.85528200,50及以上,高,0.00093458,0.00995974,False,False
9983,0,Returning_Visitor,1,Nov,False,85,3642.06602600,50及以上,高,0.00777778,0.02954986,False,False
9136,0,Returning_Visitor,3,Dec,False,85,3344.95892900,50及以上,高,0.00232558,0.01275453,False,False
11632,0,Returning_Visitor,1,Nov,True,85,2834.28011700,50及以上,高,0.00488372,0.01338894,False,False
6153,0,Returning_Visitor,4,Jul,False,85,2651.94318600,50及以上,高,0.00088889,0.01426455,False,False
9691,0,Returning_Visitor,2,Dec,False,85,2409.87500000,50及以上,高,0.00681818,0.01726756,False,False
4061,0,Returning_Visitor,3,May,False,85,2299.39166700,50及以上,高,0.00306513,0.01354680,False,False
3192,0,Returning_Visitor,2,May,False,85,2197.19523800,50及以上,高,0.01500000,0.02940577,False,False
10243,0,Returning_Visitor,3,Nov,False,85,2112.10151500,50及以上,高,0.00352941,0.01419608,False,False
6861,0,Returning_Visitor,4,Aug,False,85,1813.75346600,50及以上,高,0.00000000,0.00569944,False,False
4269,0,Returning_Visitor,3,May,False,85,1740.27100800,50及以上,高,0.01182796,0.03086534,False,False
3042,0,Returning_Visitor,2,May,False,85,1736.44736800,50及以上,高,0.00306905,0.03998923,False,False
7240,0,Returning_Visitor,3,Aug,False,85,1558.52904800,50及以上,高,0.00602410,0.02425703,False,False
2985,0,Returning_Visitor,3,May,True,85,1311.07201200,50及以上,高,0.00265781,0.01501362,False,False
6734,0,Returning_Visitor,1,Sep,False,84,8365.60222200,50及以上,高,0.00891473,0.03720930,False,False
2204,0,Returning_Visitor,1,May,False,84,3882.02575800,50及以上,高,0.00490956,0.02088789,False,False
9012,0,Returning_Visitor,2,Nov,False,84,3646.08333300,50及以上,高,0.00689655,0.01680350,False,False
6402,0,Returning_Visitor,1,June,False,84,3528.69125000,50及以上,高,0.01577381,0.03990079,False,False
7418,0,Returning_Visitor,2,June,False,84,2759.13505800,50及以上,高,0.00568182,0.02926548,False,False
1774,0,Returning_Visitor,2,Mar,False,84,2566.22088700,50及以上,高,0.00000000,0.00757576,False,False
5704,0,Returning_Visitor,3,June,False,84,2359.52243800,50及以上,高,0.01666667,0.02870974,False,False
7624,0,Returning_Visitor,3,June,False,84,2289.07915700,50及以上,高,0.00255682,0.01311051,False,False
6289,0,Returning_Visitor,1,Jul,False,84,1854.91555600,50及以上,高,0.00421053,0.01238597,False,False
11985,0,Returning_Visitor,2,Nov,True,84,1460.25611500,50及以上,高,0.00470383,0.01320503,False,False
6051,0,Returning_Visitor,4,Nov,True,84,1242.77604600,50及以上,高,0.00000000,0.00658915,False,False
3923,0,Returning_Visitor,6,May,False,84,1212.03030300,50及以上,高,0.00510204,0.02145125,False,False
2104,0,Returning_Visitor,2,May,False,83,6860.63273800,50及以上,高,0.01151230,0.03930568,False,False
2997,0,Returning_Visitor,13,May,False,83,5448.99444400,50及以上,高,0.00888889,0.02353535,False,False
10642,0,Returning_Visitor,6,Dec,False,83,5124.69166700,50及以上,高,0.00000000,0.01119659,False,False
11408,0,Returning_Visitor,2,Nov,True,83,3708.38394900,50及以上,高,0.00242005,0.01254783,False,False
9676,0,Returning_Visitor,1,Nov,False,83,3091.14603300,50及以上,高,0.00493827,0.01907561,False,False
4924,0,Returning_Visitor,3,May,False,83,3025.28333300,50及以上,高,0.00000000,0.00650406,False,False
8547,0,Returning_Visitor,1,Nov,False,83,2922.49751100,50及以上,高,0.00975610,0.03008130,False,False
10706,0,Returning_Visitor,2,Dec,False,83,2355.68273800,50及以上,高,0.00287356,0.02248730,False,False
1027,0,Returning_Visitor,3,Mar,False,83,1778.12521400,50及以上,高,0.00796703,0.01999049,False,False
11461,0,Returning_Visitor,2,Nov,True,82,11257.10830000,50及以上,高,0.00557491,0.01940174,False,False
10636,0,Returning_Visitor,2,Nov,False,82,6858.67212200,50及以上,高,0.00240964,0.01338036,False,False
7960,0,Returning_Visitor,4,Sep,False,82,3801.68039700,50及以上,高,0.01071429,0.03015873,False,False
10595,0,Returning_Visitor,2,Nov,False,82,3247.43333300,50及以上,高,0.00243902,0.01280488,False,False
11239,0,Returning_Visitor,2,Nov,True,82,3174.64279300,50及以上,高,0.00449438,0.01208107,False,False
11591,0,Returning_Visitor,6,Nov,False,82,2796.31666700,50及以上,高,0.00518519,0.01958474,False,False
9974,0,Returning_Visitor,1,Nov,True,82,2375.11428600,50及以上,高,0.00705882,0.03176471,False,False
9308,0,Returning_Visitor,2,Dec,False,82,1853.28653800,50及以上,高,0.00000000,0.01595727,False,False
12156,0,Returning_Visitor,2,Dec,False,82,1836.21424900,50及以上,高,0.00454546,0.02518114,False,False
4656,0,Returning_Visitor,2,May,False,82,1814.56428600,50及以上,高,0.00232558,0.01038583,False,False
8978,0,Returning_Visitor,2,Dec,False,82,1805.27737500,50及以上,高,0.00000000,0.02329561,False,False
3278,0,Returning_Visitor,2,May,False,82,1164.09963500,50及以上,高,0.01071429,0.01668402,False,False
11574,0,Returning_Visitor,2,Nov,False,81,7514.79047600,50及以上,高,0.00382114,0.02188347,False,False
7316,0,Returning_Visitor,1,Oct,False,81,6847.93689600,50及以上,高,0.01522727,0.02298290,False,False
8847,0,Returning_Visitor,2,Nov,True,81,5000.73911600,50及以上,高,0.00329412,0.02043316,False,False
8595,0,Returning_Visitor,2,Nov,False,81,4272.60793700,50及以上,高,0.00235294,0.01862745,False,False
8473,0,Returning_Visitor,10,Nov,True,81,3197.75563800,50及以上,高,0.01000000,0.02151108,False,False
2504,0,Returning_Visitor,4,May,False,81,2961.48333300,50及以上,高,0.00705882,0.02666667,False,False
10043,0,Returning_Visitor,2,Nov,False,81,2833.81410300,50及以上,高,0.00021645,0.02513708,False,False
374,0,Returning_Visitor,2,Mar,False,81,2820.95241900,50及以上,高,0.00889749,0.02943101,False,False
9747,0,Returning_Visitor,2,Nov,True,81,2537.80708200,50及以上,高,0.01379310,0.02867468,False,False
4078,0,Returning_Visitor,4,May,False,81,2533.83333300,50及以上,高,0.00253165,0.01023091,False,False
3040,0,Returning_Visitor,2,May,False,81,2477.66666700,50及以上,高,0.00114942,0.01195402,False,False
650,0,Returning_Visitor,1,Mar,False,81,2241.00238100,50及以上,高,0.00243902,0.00701219,False,False
9164,0,Returning_Visitor,6,Nov,True,81,2237.75720500,50及以上,高,0.00723140,0.01820364,False,False
8586,0,Returning_Visitor,2,Nov,True,81,2126.07750100,50及以上,高,0.01172840,0.02129074,False,False
5932,0,Returning_Visitor,1,Oct,False,81,2092.67381000,50及以上,高,0.01500000,0.02715545,False,False
3827,0,Returning_Visitor,2,May,False,81,2071.00000000,50及以上,高,0.01234568,0.02530864,False,False
8688,0,Returning_Visitor,2,Nov,False,81,1878.99682500,50及以上,高,0.00232558,0.01927749,False,False
6877,0,Returning_Visitor,13,Sep,False,81,1839.13000000,50及以上,高,0.01468254,0.01838023,False,False
7341,0,Returning_Visitor,2,Oct,True,81,1719.37571400,50及以上,高,0.00449438,0.00973783,False,False
10408,0,Returning_Visitor,2,Nov,False,81,1441.91058800,50及以上,高,0.00246914,0.01393298,False,False
5363,0,Returning_Visitor,4,May,False,81,1421.66862700,50及以上,高,0.00000000,0.00083333,False,False
3012,0,Returning_Visitor,3,May,True,81,1141.06190500,50及以上,高,0.00160514,0.00480985,False,False
4062,0,Returning_Visitor,13,May,False,80,5426.02207800,50及以上,高,0.01287478,0.03391596,False,False
6919,0,Returning_Visitor,3,Oct,False,80,5046.05666700,50及以上,高,0.01108434,0.02577166,False,False
5880,0,Returning_Visitor,2,Jul,False,80,4240.03620500,50及以上,高,0.00016969,0.01163554,False,False
10695,0,Returning_Visitor,2,Nov,False,80,3734.95833300,50及以上,高,0.00250000,0.02654762,False,False
11278,0,Returning_Visitor,1,Nov,False,80,1982.88452400,50及以上,高,0.00759494,0.03349944,False,False
10002,0,Returning_Visitor,2,Dec,False,80,1903.08163900,50及以上,高,0.00722892,0.03224900,False,False
5527,0,Returning_Visitor,13,Jul,False,80,1807.22777800,50及以上,高,0.01609195,0.03486590,False,False
4904,0,Returning_Visitor,4,May,False,80,1552.50476200,50及以上,高,0.00224719,0.00952381,False,False
6414,0,Returning_Visitor,2,Sep,True,80,1249.04835800,50及以上,高,0.00357143,0.01374373,False,False
6871,0,Returning_Visitor,1,Oct,False,80,1242.06309500,50及以上,高,0.00454546,0.02070707,False,False
3196,0,Returning_Visitor,4,May,False,80,1190.41890300,50及以上,高,0.00571429,0.02742063,False,False
5040,0,Returning_Visitor,3,May,True,80,1143.37107800,50及以上,高,0.00246305,0.01905790,False,False
10202,0,Returning_Visitor,1,Dec,False,79,4218.91666700,50及以上,高,0.01282051,0.02884615,False,False
3518,0,Returning_Visitor,4,May,False,79,3855.20000000,50及以上,高,0.01234568,0.02876543,False,False
10406,0,Returning_Visitor,2,Dec,False,79,3497.21428600,50及以上,高,0.00344828,0.01264368,False,False
1937,0,Returning_Visitor,2,Mar,True,79,3380.69155800,50及以上,高,0.00266667,0.02377222,False,False
2129,0,Returning_Visitor,13,May,False,79,2819.96666700,50及以上,高,0.00609756,0.02439024,False,False
8560,0,Returning_Visitor,2,Dec,False,79,2693.58233100,50及以上,高,0.00000000,0.00343042,False,False
3214,0,Returning_Visitor,6,May,False,79,2650.40850200,50及以上,高,0.00076628,0.00563218,False,False
8635,0,Returning_Visitor,10,Nov,True,79,2619.10970900,50及以上,高,0.01631505,0.02074799,False,False
9425,0,Returning_Visitor,6,Nov,False,79,2431.24299500,50及以上,高,0.00000000,0.00559028,False,False
7633,0,Returning_Visitor,3,Sep,False,79,2426.00666700,50及以上,高,0.00126582,0.01772152,False,False
5813,0,Returning_Visitor,3,Nov,False,79,2150.43333300,50及以上,高,0.00722892,0.02088353,False,False
503,0,Returning_Visitor,2,Mar,False,79,2096.91136400,50及以上,高,0.00333333,0.01400855,False,False
10108,0,Returning_Visitor,3,Nov,True,79,2006.83441600,50及以上,高,0.00253165,0.00643919,False,False
4258,0,Returning_Visitor,13,May,False,79,1926.33339000,50及以上,高,0.01533101,0.02005295,False,False
6970,0,Returning_Visitor,2,Oct,False,79,1828.88404800,50及以上,高,0.00000000,0.01252331,False,False
10929,0,Returning_Visitor,3,Nov,False,79,1608.21428600,50及以上,高,0.00259740,0.00774892,False,False
5194,0,Returning_Visitor,2,May,True,79,1594.97222200,50及以上,高,0.00000000,0.01569106,False,False
8161,0,Returning_Visitor,3,Nov,False,79,1319.54742100,50及以上,高,0.00512821,0.00962556,False,False
7144,0,Returning_Visitor,2,Oct,True,79,1193.51717200,50及以上,高,0.00000000,0.00282187,False,False
6012,0,Returning_Visitor,1,Nov,False,78,5526.08012300,50及以上,高,0.00000000,0.01069959,False,False
10209,0,Returning_Visitor,1,Dec,True,78,4716.57261900,50及以上,高,0.01149425,0.02615581,False,False
11336,0,Returning_Visitor,1,Nov,True,78,3913.98703000,50及以上,高,0.00542496,0.00656118,False,False
7719,0,Returning_Visitor,1,Jul,False,78,3621.60666700,50及以上,高,0.00000000,0.00602410,False,False
3542,0,Returning_Visitor,13,May,True,78,3098.99285700,50及以上,高,0.00769231,0.02212454,False,False
3360,0,Returning_Visitor,6,May,True,78,2588.07726800,50及以上,高,0.00833333,0.01206888,False,False
11063,0,Returning_Visitor,10,Dec,False,78,2448.53605400,50及以上,高,0.01189873,0.02841508,False,False
9016,0,Returning_Visitor,2,Dec,False,78,2207.36693600,50及以上,高,0.00238095,0.01245839,False,False
7383,0,Returning_Visitor,13,Sep,False,78,2063.64284400,50及以上,高,0.00740741,0.01193416,False,False
5870,0,Returning_Visitor,2,June,False,78,1983.22562900,50及以上,高,0.00250000,0.00791667,False,False
869,0,Returning_Visitor,3,Mar,False,78,1781.69697000,50及以上,高,0.00320513,0.01581197,False,False
2398,0,Returning_Visitor,4,May,False,77,5284.76507900,50及以上,高,0.00000000,0.01500000,False,False
9644,0,Returning_Visitor,2,Nov,False,77,4350.64732100,50及以上,高,0.01272727,0.02384253,False,False
1197,0,Returning_Visitor,2,Mar,False,77,4346.54166700,50及以上,高,0.00307018,0.02309942,False,False
9045,0,Returning_Visitor,2,Nov,False,77,4130.93787900,50及以上,高,0.01121951,0.02926078,False,False
4347,0,Returning_Visitor,2,May,False,77,3909.62036300,50及以上,高,0.00240964,0.02237745,False,False
9046,0,Returning_Visitor,2,Dec,False,77,3586.83333300,50及以上,高,0.00000000,0.01257576,False,False
2096,0,Returning_Visitor,6,May,False,77,3332.20833300,50及以上,高,0.00204082,0.02471993,False,False
5498,0,Returning_Visitor,2,Nov,False,77,2697.02210400,50及以上,高,0.00000000,0.00947147,False,False
2477,0,Returning_Visitor,2,May,False,77,2660.15000000,50及以上,高,0.00000000,0.00822785,False,False
10714,0,Returning_Visitor,1,Dec,False,77,1903.60174300,50及以上,高,0.00315152,0.02931436,False,False
7216,0,Returning_Visitor,1,Sep,True,77,1690.48922200,50及以上,高,0.01184211,0.02784682,False,False
2112,0,Returning_Visitor,2,May,False,77,1449.68333300,50及以上,高,0.00000000,0.00263158,False,False
11042,0,Returning_Visitor,2,Dec,False,77,1266.09404800,50及以上,高,0.00259740,0.02363224,False,False
4195,0,Returning_Visitor,2,May,False,77,1230.31230200,50及以上,高,0.00000000,0.00349206,False,False
2012,0,Returning_Visitor,2,Mar,False,76,5186.11666700,50及以上,高,0.00487805,0.02483740,False,False
12262,0,Returning_Visitor,2,Nov,True,76,3923.58611100,50及以上,高,0.00086580,0.01367572,False,False
11302,0,Returning_Visitor,1,Nov,False,76,3580.33333300,50及以上,高,0.00481928,0.02052209,False,False
8376,0,Returning_Visitor,8,Nov,False,76,2893.94047600,50及以上,高,0.00240964,0.01485944,False,False
4213,0,Returning_Visitor,4,May,False,76,2854.78333300,50及以上,高,0.00586667,0.01955556,False,False
3511,0,Returning_Visitor,2,May,True,76,2208.78809500,50及以上,高,0.00000000,0.00475610,False,False
11595,0,Returning_Visitor,1,Nov,False,76,2002.23061200,50及以上,高,0.00250000,0.02333333,False,False
7972,0,Returning_Visitor,1,Oct,False,76,1985.89420300,50及以上,高,0.01563025,0.03110203,False,False
9170,0,Returning_Visitor,10,Nov,True,76,1777.52045500,50及以上,高,0.00800000,0.02549206,False,False
8041,0,Returning_Visitor,6,Dec,False,76,1758.91239300,50及以上,高,0.00490196,0.01691318,False,False
11705,0,Returning_Visitor,2,Nov,False,76,1553.26904800,50及以上,高,0.00000000,0.00958647,False,False
10185,0,Returning_Visitor,1,Nov,False,76,1523.57803000,50及以上,高,0.01298701,0.02110193,False,False
7091,0,Returning_Visitor,4,Aug,False,76,1464.20961800,50及以上,高,0.00980309,0.01785746,False,False
11984,0,Returning_Visitor,2,Nov,False,75,5610.68689900,50及以上,高,0.00804598,0.01920517,False,False
335,0,Returning_Visitor,1,Mar,False,75,4105.66666700,50及以上,高,0.00263158,0.01732456,False,False
2041,0,Returning_Visitor,1,Mar,False,75,3537.99166700,50及以上,高,0.01171429,0.02736236,False,False
2487,0,Returning_Visitor,13,May,True,75,2755.33611100,50及以上,高,0.00281250,0.01282126,False,False
6906,0,Returning_Visitor,4,Jul,False,75,2549.52912700,50及以上,高,0.01181818,0.04738048,False,False
7428,0,Returning_Visitor,1,Aug,False,75,2532.96065600,50及以上,高,0.00426667,0.03074854,False,False
3217,0,Returning_Visitor,4,May,False,75,1959.30476200,50及以上,高,0.00547945,0.02714612,False,False
8845,0,Returning_Visitor,3,Nov,True,75,1775.24166700,50及以上,高,0.00133333,0.01942857,False,False
10220,0,Returning_Visitor,1,Dec,False,75,1677.80595200,50及以上,高,0.00657895,0.02312866,False,False
10715,0,Returning_Visitor,1,Dec,False,75,1585.60873000,50及以上,高,0.00506329,0.02160338,False,False
10303,0,Returning_Visitor,8,Dec,False,74,8981.58012800,50及以上,高,0.00298895,0.04330183,False,False
11603,0,Returning_Visitor,13,Nov,False,74,6194.85238100,50及以上,高,0.01554054,0.03215261,False,False
8953,0,Returning_Visitor,2,Nov,False,74,3817.20384600,50及以上,高,0.00000000,0.02053333,False,False
5334,0,Returning_Visitor,1,May,False,74,3615.88923900,50及以上,高,0.00702811,0.01693014,False,False
11460,0,Returning_Visitor,3,Nov,True,74,3487.12471000,50及以上,高,0.00273973,0.00951946,False,False
10991,0,Returning_Visitor,3,Nov,False,74,3237.11416600,50及以上,高,0.00270270,0.00911358,False,False
3170,0,Returning_Visitor,1,May,False,74,3206.19340700,50及以上,高,0.00481928,0.01939903,False,False
12246,0,Returning_Visitor,2,Nov,False,74,3109.40416700,50及以上,高,0.00945946,0.04285917,False,False
10898,0,Returning_Visitor,2,Nov,False,74,3105.36520700,50及以上,高,0.01578947,0.02226190,False,False
4303,0,Returning_Visitor,6,May,False,74,2763.25000000,50及以上,高,0.00540541,0.02128898,False,False
10412,0,Returning_Visitor,1,Nov,False,74,2719.73409100,50及以上,高,0.00810811,0.02432432,False,False
11646,0,Returning_Visitor,2,Nov,False,74,2408.57976200,50及以上,高,0.00000000,0.01662162,False,False
1480,0,Returning_Visitor,1,Mar,False,74,2396.69031600,50及以上,高,0.00269906,0.02034984,False,False
7123,0,Returning_Visitor,13,Aug,False,74,1903.45000000,50及以上,高,0.00500000,0.01910714,False,False
6007,0,Returning_Visitor,1,Aug,False,74,1540.29011500,50及以上,高,0.00617284,0.01623751,False,False
6380,0,Returning_Visitor,1,Aug,True,74,1294.40500000,50及以上,高,0.00266667,0.01066667,False,False
5741,0,Returning_Visitor,4,June,False,74,1268.26666700,50及以上,高,0.00270270,0.00954955,False,False
11333,0,Returning_Visitor,2,Nov,False,73,3585.17757900,50及以上,高,0.00817511,0.02445161,False,False
3890,0,Returning_Visitor,13,May,False,73,3085.00714300,50及以上,高,0.00833333,0.02475118,False,False
2278,0,Returning_Visitor,1,May,False,73,3022.47857100,50及以上,高,0.00263158,0.02647243,False,False
4467,0,Returning_Visitor,3,May,False,73,2958.50000000,50及以上,高,0.00540541,0.02184685,False,False
11107,0,Returning_Visitor,2,Nov,True,73,2784.80000000,50及以上,高,0.00273973,0.01531756,False,False
7315,0,Returning_Visitor,13,Nov,False,73,2693.96345200,50及以上,高,0.00000000,0.00129870,False,False
1852,0,Returning_Visitor,2,Mar,False,73,2490.13809500,50及以上,高,0.00000000,0.01036585,False,False
10753,0,Returning_Visitor,2,Nov,True,73,2371.37154500,50及以上,高,0.01333333,0.03380523,False,False
7501,0,Returning_Visitor,13,Nov,False,73,2265.49285700,50及以上,高,0.01111111,0.00716821,False,False
6216,0,Returning_Visitor,4,June,True,73,2260.85714300,50及以上,高,0.00266667,0.01893333,False,False
12171,0,Returning_Visitor,1,Nov,True,73,2163.50000000,50及以上,高,0.00769231,0.02991453,False,False
5582,0,Returning_Visitor,3,Sep,False,73,2000.61833300,50及以上,高,0.00000000,0.00370370,False,False
11796,0,Returning_Visitor,13,Dec,False,73,1889.83333300,50及以上,高,0.01025641,0.01888389,False,False
7708,0,Returning_Visitor,2,June,False,73,1860.95000000,50及以上,高,0.00540541,0.01952703,False,False
5521,0,Returning_Visitor,1,June,False,73,1677.66666700,50及以上,高,0.01066667,0.04044444,False,False
9178,0,Returning_Visitor,2,Nov,True,73,1606.30825000,50及以上,高,0.01029536,0.01910888,False,False
5053,0,Returning_Visitor,1,May,True,73,1209.76190500,50及以上,高,0.00281690,0.00766823,False,False
9083,0,Returning_Visitor,2,Dec,False,72,5251.38273800,50及以上,高,0.00000000,0.00996909,False,False
9636,0,Returning_Visitor,2,Nov,False,72,4140.33376600,50及以上,高,0.00131579,0.02459795,False,False
10330,0,Returning_Visitor,3,Nov,False,72,3752.66697000,50及以上,高,0.00704225,0.00728035,False,False
11017,0,Returning_Visitor,2,Nov,False,72,3559.37500000,50及以上,高,0.00857143,0.02379762,False,False
9005,0,Returning_Visitor,11,Nov,False,72,2494.81710000,50及以上,高,0.00277778,0.01384259,False,False
11605,0,Returning_Visitor,2,Dec,False,72,2271.55357100,50及以上,高,0.00270270,0.01790540,False,False
6846,0,Returning_Visitor,13,June,False,72,2163.56952400,50及以上,高,0.01549296,0.03225352,False,False
3752,0,Returning_Visitor,6,May,False,72,2129.33333300,50及以上,高,0.00000000,0.01875000,False,False
6337,0,Returning_Visitor,2,Aug,False,72,2101.46792500,50及以上,高,0.00614035,0.02998696,False,False
6639,0,Returning_Visitor,2,Sep,False,72,1933.55925900,50及以上,高,0.00533333,0.02637726,False,False
7500,0,Returning_Visitor,1,June,False,72,1822.86666700,50及以上,高,0.00675676,0.02477477,False,False
8234,0,Returning_Visitor,8,Nov,True,72,1781.19166700,50及以上,高,0.00821918,0.01517487,False,False
12029,0,Returning_Visitor,2,Nov,False,72,1706.06488500,50及以上,高,0.01111111,0.02124039,False,False
7975,0,Returning_Visitor,4,Oct,False,72,1636.25833300,50及以上,高,0.00533333,0.00773333,False,False
11647,0,Returning_Visitor,2,Nov,False,72,1602.35000000,50及以上,高,0.00274725,0.03898810,False,False
3659,0,Returning_Visitor,4,May,True,72,1353.11514600,50及以上,高,0.00285714,0.00727721,False,False
3812,0,Returning_Visitor,3,May,True,72,1248.24226200,50及以上,高,0.00000000,0.00259740,False,False
5183,0,Returning_Visitor,2,May,False,72,1243.80882000,50及以上,高,0.00067568,0.00729730,False,False
8089,0,Returning_Visitor,2,Nov,False,71,3534.29861100,50及以上,高,0.00890411,0.02383210,False,False
3229,0,Returning_Visitor,2,May,False,71,3439.73324200,50及以上,高,0.00000000,0.01480808,False,False
1325,0,Returning_Visitor,3,Mar,True,71,3424.58333300,50及以上,高,0.00131579,0.01500000,False,False
8665,0,Returning_Visitor,2,Nov,False,71,3401.05068700,50及以上,高,0.00512821,0.02623858,False,False
7069,0,Returning_Visitor,2,Sep,False,71,3044.35666700,50及以上,高,0.00000000,0.01338028,False,False
250,0,Returning_Visitor,1,Mar,True,71,2753.37857100,50及以上,高,0.01267606,0.01520121,False,False
12066,0,Returning_Visitor,2,Nov,True,71,2632.18928600,50及以上,高,0.00069444,0.00861111,False,False
9333,0,Returning_Visitor,2,Nov,False,71,2582.69971700,50及以上,高,0.00000000,0.01385373,False,False
7485,0,Returning_Visitor,1,Oct,True,71,2576.43212100,50及以上,高,0.01027027,0.04552637,False,False
10620,0,Returning_Visitor,11,Nov,False,71,2487.06177700,50及以上,高,0.00101351,0.01559169,False,False
10549,0,Returning_Visitor,3,Dec,False,71,2086.66666700,50及以上,高,0.00555556,0.01990741,False,False
10407,0,Returning_Visitor,2,Nov,False,71,2065.83816500,50及以上,高,0.00610329,0.01579695,False,False
9328,0,Returning_Visitor,3,Nov,True,71,1733.65833300,50及以上,高,0.00000000,0.00289855,False,False
6365,0,Returning_Visitor,1,Jul,True,71,1722.72112700,50及以上,高,0.00555556,0.03402778,False,False
7385,0,Returning_Visitor,4,Oct,False,71,1683.74444400,50及以上,高,0.00487805,0.01666667,False,False
778,0,Returning_Visitor,13,Mar,True,71,1678.90512500,50及以上,高,0.00000000,0.01603788,False,False
2523,0,Returning_Visitor,4,May,False,71,1563.93095200,50及以上,高,0.00657895,0.01719298,False,False
8518,0,Returning_Visitor,2,Dec,False,71,1361.78095200,50及以上,高,0.00000000,0.01400304,False,False
2201,0,Returning_Visitor,13,May,False,71,1294.25120700,50及以上,高,0.00263158,0.01503053,False,False
3629,0,Returning_Visitor,1,May,False,71,1145.57142900,50及以上,高,0.00000000,0.00405405,False,False
7134,0,Returning_Visitor,6,Nov,False,71,1096.87682200,50及以上,高,0.00000000,0.00301413,False,False
7722,0,Returning_Visitor,2,Oct,False,71,1094.31047600,50及以上,高,0.00000000,0.00928571,False,False
10074,0,Returning_Visitor,8,Nov,True,70,5778.96666700,50及以上,高,0.00592186,0.02345336,False,False
5300,0,Returning_Visitor,3,May,True,70,2860.50000000,50及以上,高,0.00987654,0.02530864,False,False
12259,0,Returning_Visitor,3,Nov,False,70,2802.11666700,50及以上,高,0.00289855,0.01723027,False,False
7420,0,Returning_Visitor,2,Jul,True,70,2678.05523800,50及以上,高,0.00000000,0.00586855,False,False
9738,0,Returning_Visitor,3,Nov,False,70,2346.22023800,50及以上,高,0.00289855,0.00345756,False,False
5979,0,Returning_Visitor,2,Nov,False,70,2146.75798400,50及以上,高,0.00000000,0.00931632,False,False
5038,0,Returning_Visitor,2,May,False,70,2083.30000000,50及以上,高,0.00098039,0.00525210,False,False
9720,0,Returning_Visitor,3,Dec,False,70,1787.47936500,50及以上,高,0.00428571,0.01980952,False,False
11502,0,Returning_Visitor,2,Nov,False,70,1692.25714300,50及以上,高,0.00000000,0.01455556,False,False
8062,0,Returning_Visitor,2,Nov,False,70,1473.70151500,50及以上,高,0.00869565,0.03237053,False,False
5003,0,Returning_Visitor,3,May,False,70,1453.90000000,50及以上,高,0.01014493,0.02077295,False,False
6585,0,Returning_Visitor,1,Jul,False,70,1438.71000000,50及以上,高,0.01135135,0.03376646,False,False
8816,0,Returning_Visitor,2,Dec,False,69,4112.39444400,50及以上,高,0.00712329,0.02235506,False,False
4950,0,Returning_Visitor,4,May,False,69,3596.93396700,50及以上,高,0.00476191,0.00985167,False,False
6965,0,Returning_Visitor,3,Oct,False,69,3051.52551800,50及以上,高,0.00071429,0.01694959,False,False
9830,0,Returning_Visitor,2,Dec,False,69,2766.94217200,50及以上,高,0.00281690,0.02866532,False,False
9789,0,Returning_Visitor,2,Nov,False,69,2517.21666700,50及以上,高,0.00034247,0.02176560,False,False
2389,0,Returning_Visitor,2,May,False,69,2456.29761900,50及以上,高,0.00140845,0.00355337,False,False
11730,0,Returning_Visitor,2,Dec,False,69,2350.90576900,50及以上,高,0.01208889,0.01829206,False,False
7915,0,Returning_Visitor,2,Oct,False,69,2222.41904800,50及以上,高,0.00509259,0.01496142,False,False
6892,0,Returning_Visitor,6,Jul,False,69,2183.00702400,50及以上,高,0.00855263,0.03295659,False,False
1543,0,Returning_Visitor,1,Mar,False,69,2124.72676800,50及以上,高,0.00289855,0.00909018,False,False
12215,0,Returning_Visitor,2,Nov,False,69,2077.80600700,50及以上,高,0.00483092,0.01856187,False,False
8173,0,Returning_Visitor,2,Nov,False,69,1918.90272200,50及以上,高,0.00342466,0.02157534,False,False
8762,0,Returning_Visitor,1,Nov,False,69,1618.53296700,50及以上,高,0.00555556,0.02769841,False,False
9962,0,Returning_Visitor,3,Nov,True,69,1310.63690500,50及以上,高,0.01086956,0.03279315,False,False
4605,0,Returning_Visitor,4,May,False,69,1248.13333300,50及以上,高,0.00579710,0.02922705,False,False
6899,0,Returning_Visitor,3,Aug,False,68,4100.25545500,50及以上,高,0.00763158,0.02561404,False,False
10103,0,Returning_Visitor,13,Nov,True,68,3974.53450100,50及以上,高,0.01351351,0.01900844,False,False
4585,0,Returning_Visitor,4,May,False,68,3177.79166700,50及以上,高,0.00597015,0.01148801,False,False
966,0,Returning_Visitor,1,Mar,False,68,3135.51767700,50及以上,高,0.00336134,0.01146836,False,False
190,0,Returning_Visitor,1,Mar,False,68,3008.12410800,50及以上,高,0.00714286,0.01672789,False,False
4261,0,Returning_Visitor,6,May,False,68,2950.62381000,50及以上,高,0.00958904,0.02307458,False,False
6555,0,Returning_Visitor,1,June,False,68,2889.94615400,50及以上,高,0.00289855,0.00878940,False,False
11416,0,Returning_Visitor,3,Nov,False,68,2853.02083300,50及以上,高,0.00882353,0.01282680,False,False
10358,0,Returning_Visitor,10,Nov,False,68,2822.17211800,50及以上,高,0.00310502,0.02315298,False,False
9946,0,Returning_Visitor,3,Nov,True,68,2614.20972200,50及以上,高,0.00000000,0.00694215,False,False
1201,0,Returning_Visitor,8,Mar,False,68,2593.74166700,50及以上,高,0.00294118,0.01284314,False,False
325,0,Returning_Visitor,1,Mar,False,68,2524.71904800,50及以上,高,0.00000000,0.00017559,False,False
9312,0,Returning_Visitor,2,Dec,False,68,2435.74375000,50及以上,高,0.00256410,0.01555896,False,False
3930,0,Returning_Visitor,2,May,True,68,2277.37705600,50及以上,高,0.00975845,0.02985191,False,False
2866,0,Returning_Visitor,4,May,False,68,2241.84444400,50及以上,高,0.01095890,0.02305936,False,False
10605,0,Returning_Visitor,2,Dec,False,68,2162.65739300,50及以上,高,0.00652763,0.02055132,False,False
5414,0,Returning_Visitor,3,May,False,68,1986.25151500,50及以上,高,0.00000000,0.00955320,False,False
10273,0,Returning_Visitor,13,Nov,True,68,1806.16666700,50及以上,高,0.00441176,0.02794118,False,False
3371,0,Returning_Visitor,2,May,True,68,1725.87067100,50及以上,高,0.00320000,0.01834815,False,False
8287,0,Returning_Visitor,2,Nov,False,68,1723.75371100,50及以上,高,0.01194030,0.02368159,False,False
9993,0,Returning_Visitor,2,Dec,False,68,1587.76559800,50及以上,高,0.00000000,0.01004584,False,False
11475,0,Returning_Visitor,1,Nov,False,68,1212.44166700,50及以上,高,0.00289855,0.01438127,False,False
4028,0,Returning_Visitor,2,May,False,67,6483.77500000,50及以上,高,0.00375000,0.01725000,False,False
2745,0,Returning_Visitor,4,May,False,67,4290.83333300,50及以上,高,0.00000000,0.01840796,False,False
6832,0,Returning_Visitor,4,Aug,False,67,3523.33111100,50及以上,高,0.00266667,0.01208889,False,False
9456,0,Returning_Visitor,2,Dec,True,67,3397.95795500,50及以上,高,0.00000000,0.01550414,False,False
6035,0,Returning_Visitor,2,Aug,False,67,3264.12846600,50及以上,高,0.01352657,0.02190126,False,False
3414,0,Returning_Visitor,3,May,False,67,3014.29047600,50及以上,高,0.00191781,0.00781583,False,False
10180,0,Returning_Visitor,13,Nov,True,67,2891.74457100,50及以上,高,0.01323529,0.02390183,False,False
8143,0,Returning_Visitor,1,Dec,False,67,2876.44166700,50及以上,高,0.01519608,0.02732620,False,False
1026,0,Returning_Visitor,10,Mar,False,67,2502.81666700,50及以上,高,0.00606061,0.01114719,False,False
4787,0,Returning_Visitor,2,May,False,67,2421.06062300,50及以上,高,0.00000000,0.00537950,False,False
9439,0,Returning_Visitor,1,Dec,False,67,2413.75440300,50及以上,高,0.00615385,0.01030303,False,False
8744,0,Returning_Visitor,2,Nov,True,67,2199.97678600,50及以上,高,0.00833333,0.02766535,False,False
10135,0,Returning_Visitor,11,Nov,True,67,2162.84087900,50及以上,高,0.00740741,0.01825985,False,False
9843,0,Returning_Visitor,1,Dec,False,67,1982.52361100,50及以上,高,0.00441176,0.01097179,False,False
6645,0,Returning_Visitor,2,Sep,False,67,1784.75521900,50及以上,高,0.00035211,0.00192852,False,False
3020,0,Returning_Visitor,4,May,False,67,1783.12222200,50及以上,高,0.00000000,0.00585586,False,False
3430,0,Returning_Visitor,3,May,False,67,1564.44444400,50及以上,高,0.00263158,0.02254918,False,False
6778,0,Returning_Visitor,13,June,False,67,1553.69666700,50及以上,高,0.00857143,0.01904762,False,False
3592,0,Returning_Visitor,4,May,False,67,1336.55422100,50及以上,高,0.00000000,0.02732733,False,False
1650,0,Returning_Visitor,1,Mar,False,67,1231.13650800,50及以上,高,0.00298507,0.01101990,False,False
3725,0,Returning_Visitor,6,May,False,66,6100.52777800,50及以上,高,0.01060606,0.04626263,False,False
2072,0,Returning_Visitor,1,Mar,False,66,4891.97222200,50及以上,高,0.00000000,0.00215962,False,False
1037,0,Returning_Visitor,2,Mar,False,66,4566.95283900,50及以上,高,0.00647059,0.01814192,False,False
2536,0,Returning_Visitor,11,May,False,66,4415.33333300,50及以上,高,0.00995025,0.02453119,False,False
5518,0,Returning_Visitor,4,Sep,True,66,4152.76310000,50及以上,高,0.01497959,0.01756194,False,False
913,0,Returning_Visitor,1,Mar,False,66,3960.64615400,50及以上,高,0.00294118,0.01366306,False,False
5501,0,Returning_Visitor,2,Oct,False,66,3572.24175700,50及以上,高,0.00579710,0.01231445,False,False
3643,0,Returning_Visitor,4,May,True,66,3268.07575800,50及以上,高,0.00588235,0.02954913,False,False
11208,0,Returning_Visitor,10,Nov,False,66,2780.60000000,50及以上,高,0.00000000,0.01653333,False,False
2390,0,Returning_Visitor,1,May,False,66,2656.18333300,50及以上,高,0.00092593,0.00965208,False,False
4986,0,Returning_Visitor,2,May,False,66,2582.69697000,50及以上,高,0.00303030,0.01212121,False,False
11539,0,Returning_Visitor,2,Nov,False,66,2544.05357100,50及以上,高,0.00000000,0.01592040,False,False
4720,0,Returning_Visitor,4,May,False,66,2537.45000000,50及以上,高,0.00395604,0.02217716,False,False
11217,0,Returning_Visitor,6,Nov,False,66,2436.10616900,50及以上,高,0.00603622,0.03456070,False,False
8000,0,Returning_Visitor,2,Nov,False,66,2339.80555600,50及以上,高,0.01212121,0.03484848,False,False
7297,0,Returning_Visitor,3,Jul,False,66,2061.92650800,50及以上,高,0.01323529,0.01420268,False,False
9764,0,Returning_Visitor,1,Nov,False,66,2060.50833300,50及以上,高,0.00579710,0.02256729,False,False
829,0,Returning_Visitor,1,Mar,True,66,2049.45847100,50及以上,高,0.00448980,0.01276531,False,False
5051,0,Returning_Visitor,2,May,False,66,1859.50000000,50及以上,高,0.00512821,0.00974359,False,False
3991,0,Returning_Visitor,4,May,False,66,1706.71228100,50及以上,高,0.00000000,0.00957265,False,False
9732,0,Returning_Visitor,2,Nov,True,66,1646.61219500,50及以上,高,0.00714286,0.02906511,False,False
4302,0,Returning_Visitor,2,May,False,66,1505.33333300,50及以上,高,0.00000000,0.00910973,False,False
12006,0,Returning_Visitor,2,Dec,False,66,1415.38750000,50及以上,高,0.00358209,0.01426202,False,False
4192,0,Returning_Visitor,4,May,True,66,1231.20000000,50及以上,高,0.00628019,0.02829893,False,False
7219,0,Returning_Visitor,4,Sep,True,66,1203.81714300,50及以上,高,0.00156250,0.00416667,False,False
7954,0,Returning_Visitor,3,Aug,False,66,1158.78285700,50及以上,高,0.00972222,0.02256944,False,False
1038,0,Returning_Visitor,13,Mar,True,65,8646.00000000,50及以上,高,0.00000000,0.01176471,False,False
10080,0,Returning_Visitor,2,Dec,False,65,6203.69047600,50及以上,高,0.00739583,0.02728067,False,False
6170,0,Returning_Visitor,3,Sep,False,65,6053.46666700,50及以上,高,0.00520833,0.02619792,False,False
3750,0,Returning_Visitor,6,May,False,65,5478.53008700,50及以上,高,0.00952381,0.03895883,False,False
9491,0,Returning_Visitor,2,Nov,False,65,5410.95670500,50及以上,高,0.00289855,0.01903152,False,False
2388,0,Returning_Visitor,1,May,False,65,3864.42857100,50及以上,高,0.00615385,0.02300366,False,False
8031,0,Returning_Visitor,13,Nov,True,65,3804.28750000,50及以上,高,0.00000000,0.02031250,False,False
11290,0,Returning_Visitor,2,Nov,False,65,3186.95833300,50及以上,高,0.01159420,0.01993559,False,False
10921,0,Returning_Visitor,2,Nov,False,65,2863.40042700,50及以上,高,0.00312500,0.01134673,False,False
11079,0,Returning_Visitor,6,Dec,True,65,2498.83365800,50及以上,高,0.00317460,0.01005291,False,False
3881,0,Returning_Visitor,4,May,True,65,2091.66282100,50及以上,高,0.01220657,0.03014637,False,False
8870,0,Returning_Visitor,2,Nov,True,65,2019.76946800,50及以上,高,0.00294118,0.01708110,False,False
10679,0,Returning_Visitor,2,Dec,False,65,2008.90097400,50及以上,高,0.00144928,0.02037037,False,False
10527,0,Returning_Visitor,2,Dec,False,65,1931.51212100,50及以上,高,0.00000000,0.02512821,False,False
2864,0,Returning_Visitor,3,May,False,65,1803.75833300,50及以上,高,0.00468750,0.01940476,False,False
2400,0,Returning_Visitor,1,May,True,65,1690.79035100,50及以上,高,0.01464286,0.03467150,False,False
11686,0,Returning_Visitor,11,Nov,True,65,1624.94166700,50及以上,高,0.00000000,0.02031250,False,False
1393,0,Returning_Visitor,1,Mar,False,65,1451.22736200,50及以上,高,0.00303030,0.00849290,False,False
10910,0,Returning_Visitor,10,Nov,False,65,1267.50281400,50及以上,高,0.00454546,0.02163239,False,False
12068,0,Returning_Visitor,2,Dec,False,64,4326.66666700,50及以上,高,0.00855263,0.02450292,False,False
8467,0,Returning_Visitor,2,Nov,False,64,3875.42777800,50及以上,高,0.00000000,0.01958333,False,False
9528,0,Returning_Visitor,2,Nov,False,64,3757.07976200,50及以上,高,0.01225490,0.02200980,False,False
4287,0,Returning_Visitor,4,May,True,64,3289.50000000,50及以上,高,0.00000000,0.01041667,False,False
7997,0,Returning_Visitor,2,Nov,False,64,3025.05833300,50及以上,高,0.00312500,0.01895833,False,False
12002,0,Returning_Visitor,2,Nov,False,64,2527.08333300,50及以上,高,0.00000000,0.00523990,False,False
9768,0,Returning_Visitor,10,Nov,False,64,2264.09166700,50及以上,高,0.00625000,0.00885417,False,False
2256,0,Returning_Visitor,4,May,True,64,2121.30430400,50及以上,高,0.00318841,0.01800787,False,False
12151,0,Returning_Visitor,2,Nov,False,64,2018.76206600,50及以上,高,0.00989583,0.02793606,False,False
9858,0,Returning_Visitor,2,Nov,True,64,1991.82256700,50及以上,高,0.01483092,0.02239821,False,False
9639,0,Returning_Visitor,10,Nov,True,64,1911.61066500,50及以上,高,0.01250000,0.02673919,False,False
11599,0,Returning_Visitor,3,Nov,True,64,1899.59889900,50及以上,高,0.01096491,0.02994988,False,False
8851,0,Returning_Visitor,2,Dec,False,64,1876.33333300,50及以上,高,0.00724638,0.01425121,False,False
7875,0,Returning_Visitor,4,Nov,True,64,1831.94222200,50及以上,高,0.00000000,0.01523810,False,False
4121,0,Returning_Visitor,6,May,False,64,1810.96666700,50及以上,高,0.00317460,0.01296296,False,False
9840,0,Returning_Visitor,2,Nov,True,64,1716.58333300,50及以上,高,0.01212121,0.01944444,False,False
9536,0,Returning_Visitor,2,Dec,False,64,1690.77840900,50及以上,高,0.01428571,0.02521935,False,False
9731,0,Returning_Visitor,3,Nov,True,64,1602.94026000,50及以上,高,0.01343284,0.02873134,False,False
334,0,Returning_Visitor,1,Mar,False,64,1588.94444400,50及以上,高,0.00307692,0.00921367,False,False
2732,0,Returning_Visitor,14,May,True,64,1550.21111100,50及以上,高,0.00000000,0.01608696,False,False
6932,0,Returning_Visitor,4,Jul,False,64,1298.20326000,50及以上,高,0.00312500,0.01757330,False,False
8393,0,Returning_Visitor,3,Nov,True,63,5826.33333300,50及以上,高,0.00079365,0.02671958,False,False
6949,0,Returning_Visitor,1,Nov,False,63,5245.27761900,50及以上,高,0.00273973,0.02009132,False,False
3179,0,Returning_Visitor,4,May,False,63,4833.92500000,50及以上,高,0.00615385,0.01512821,False,False
6681,0,Returning_Visitor,4,Aug,False,63,3908.75476200,50及以上,高,0.00000000,0.00158730,False,False
9468,0,Returning_Visitor,2,Dec,False,63,3445.01250000,50及以上,高,0.01189744,0.02819031,False,False
8919,0,Returning_Visitor,1,Nov,True,63,3301.22222200,50及以上,高,0.00645161,0.03016129,False,False
1620,0,Returning_Visitor,1,Mar,False,63,2777.61666700,50及以上,高,0.00000000,0.01408602,False,False
1936,0,Returning_Visitor,2,Mar,True,63,2717.32738100,50及以上,高,0.00285714,0.01285714,False,False
10325,0,Returning_Visitor,2,Dec,False,63,2611.65192300,50及以上,高,0.00000000,0.00298507,False,False
5788,0,Returning_Visitor,3,Jul,False,63,2435.69753100,50及以上,高,0.00952381,0.01746032,False,False
12197,0,Returning_Visitor,2,Nov,True,63,2219.86666700,50及以上,高,0.00317460,0.02312925,False,False
4937,0,Returning_Visitor,2,May,False,63,2162.22476700,50及以上,高,0.00923077,0.02248169,False,False
8081,0,Returning_Visitor,1,Dec,False,63,2138.38333300,50及以上,高,0.00000000,0.01228269,False,False
8149,0,Returning_Visitor,10,Dec,False,63,2074.61111100,50及以上,高,0.01079365,0.02000962,False,False
3425,0,Returning_Visitor,4,May,False,63,1903.66666700,50及以上,高,0.00806452,0.01954685,False,False
5596,0,Returning_Visitor,1,Aug,False,63,1779.16333300,50及以上,高,0.00327869,0.02024342,False,False
843,0,Returning_Visitor,2,Mar,True,63,1656.31666700,50及以上,高,0.00416667,0.01598958,False,False
2401,0,Returning_Visitor,1,May,False,63,1621.15208300,50及以上,高,0.00769231,0.02344794,False,False
7487,0,Returning_Visitor,3,June,False,63,1422.10333300,50及以上,高,0.00000000,0.00876623,False,False
9973,0,Returning_Visitor,2,Nov,False,63,1361.20317500,50及以上,高,0.00000000,0.01476191,False,False
11876,0,Returning_Visitor,2,Nov,False,63,1320.18988100,50及以上,高,0.00000000,0.00046838,False,False
10874,0,Returning_Visitor,2,Nov,False,63,1242.66169900,50及以上,高,0.01191176,0.02691802,False,False
7305,0,Returning_Visitor,2,Sep,True,62,5556.93269800,50及以上,高,0.00000000,0.02062500,False,False
7697,0,Returning_Visitor,1,June,False,62,4391.66666700,50及以上,高,0.00317460,0.01481482,False,False
11234,0,Returning_Visitor,1,Dec,True,62,3688.84686100,50及以上,高,0.01661290,0.02715054,False,False
9079,0,Returning_Visitor,10,Nov,True,62,3142.94117600,50及以上,高,0.00303798,0.01968546,False,False
797,0,Returning_Visitor,10,Mar,False,62,3120.21110200,50及以上,高,0.00056338,0.01739691,False,False
3099,0,Returning_Visitor,1,May,False,62,3000.25079400,50及以上,高,0.00491803,0.02953552,False,False
11334,0,Returning_Visitor,2,Dec,False,62,2964.65059500,50及以上,高,0.01076923,0.02644444,False,False
8861,0,Returning_Visitor,1,Nov,True,62,2787.67857100,50及以上,高,0.00322581,0.01559140,False,False
11027,0,Returning_Visitor,2,Dec,False,62,2587.15059500,50及以上,高,0.00833333,0.01316138,False,False
5196,0,Returning_Visitor,4,May,True,62,2450.43580900,50及以上,高,0.00312500,0.01278336,False,False
9960,0,Returning_Visitor,10,Dec,False,62,2350.66785700,50及以上,高,0.00745258,0.03398681,False,False
7468,0,Returning_Visitor,1,Aug,False,62,2337.19666700,50及以上,高,0.00819672,0.02391101,False,False
3390,0,Returning_Visitor,4,May,False,62,2232.45000000,50及以上,高,0.00819672,0.03972678,False,False
10415,0,Returning_Visitor,10,Nov,True,62,2038.77272700,50及以上,高,0.00707071,0.02546620,False,False
6356,0,Returning_Visitor,4,Sep,False,62,2032.39696000,50及以上,高,0.00523077,0.01881429,False,False
7151,0,Returning_Visitor,4,Oct,False,62,2021.74772700,50及以上,高,0.00307692,0.01564103,False,False
6698,0,Returning_Visitor,4,Aug,False,62,1918.96666700,50及以上,高,0.01031746,0.02224664,False,False
7100,0,Returning_Visitor,1,Sep,False,62,1875.10333300,50及以上,高,0.00327869,0.02786885,False,False
6804,0,Returning_Visitor,3,Aug,False,62,1846.66666700,50及以上,高,0.00606061,0.01893939,False,False
6081,0,Returning_Visitor,2,Jul,False,62,1685.74798500,50及以上,高,0.00000000,0.01312821,False,False
1824,0,Returning_Visitor,3,Mar,True,62,1573.23333300,50及以上,高,0.00000000,0.00459459,False,False
11942,0,Returning_Visitor,2,Dec,False,62,1493.35384600,50及以上,高,0.00952381,0.04031746,False,False
601,0,Returning_Visitor,3,Mar,True,62,1470.85303700,50及以上,高,0.00000000,0.00968337,False,False
7308,0,Returning_Visitor,2,Aug,False,62,1340.67666700,50及以上,高,0.00039139,0.01972603,False,False
4542,0,Returning_Visitor,3,May,False,62,1279.33333300,50及以上,高,0.00064516,0.01605223,False,False
9432,0,Returning_Visitor,2,Dec,False,62,1243.17619000,50及以上,高,0.00645161,0.00983871,False,False
5740,0,Returning_Visitor,1,Nov,False,62,1200.35444400,50及以上,高,0.00322581,0.02365591,False,False
1664,0,Returning_Visitor,3,Mar,True,62,1136.60303000,50及以上,高,0.00000000,0.00351767,False,False
1118,0,Returning_Visitor,10,Mar,False,61,5900.35137800,50及以上,高,0.00000000,0.00721311,False,False
3937,0,Returning_Visitor,4,May,False,61,5233.59047600,50及以上,高,0.00909091,0.03523990,False,False
5113,0,Returning_Visitor,2,May,False,61,4501.43370000,50及以上,高,0.01500000,0.03667839,False,False
9923,0,Returning_Visitor,2,Nov,True,61,4081.04166700,50及以上,高,0.00000000,0.01937500,False,False
2996,0,Returning_Visitor,1,May,False,61,3374.91666700,50及以上,高,0.00111111,0.02138889,False,False
2470,0,Returning_Visitor,3,May,False,61,2635.61627000,50及以上,高,0.00000000,0.00338983,False,False
12003,0,Returning_Visitor,2,Dec,True,61,2495.61507900,50及以上,高,0.00564972,0.01600081,False,False
10328,0,Returning_Visitor,2,Nov,True,61,2440.47361100,50及以上,高,0.00625000,0.01486742,False,False
7273,0,Returning_Visitor,1,Oct,False,61,2362.72456300,50及以上,高,0.00561508,0.02450732,False,False
997,0,Returning_Visitor,1,Mar,False,61,2292.67976200,50及以上,高,0.00000000,0.00955224,False,False
385,0,Returning_Visitor,2,Mar,False,61,2258.43058600,50及以上,高,0.01000000,0.02065501,False,False
553,0,Returning_Visitor,1,Mar,False,61,2202.57916700,50及以上,高,0.00579710,0.01715385,False,False
11194,0,Returning_Visitor,13,Nov,False,61,2190.42936700,50及以上,高,0.01384615,0.03877900,False,False
1858,0,Returning_Visitor,9,Mar,True,61,2183.50000000,50及以上,高,0.00000000,0.00322581,False,False
4298,0,Returning_Visitor,2,May,False,61,2072.99191900,50及以上,高,0.00595238,0.03650794,False,False
7956,0,Returning_Visitor,2,Aug,False,61,2006.68815800,50及以上,高,0.00327869,0.01546002,False,False
12001,0,Returning_Visitor,13,Nov,False,61,1934.22575800,50及以上,高,0.00967742,0.01662531,False,False
4951,0,Returning_Visitor,4,May,False,61,1880.27142900,50及以上,高,0.00000000,0.01334776,False,False
10034,0,Returning_Visitor,3,Nov,True,61,1749.84226200,50及以上,高,0.01519608,0.02894958,False,False
10114,0,Returning_Visitor,2,Nov,True,61,1740.05277800,50及以上,高,0.00717949,0.02379620,False,False
10971,0,Returning_Visitor,2,Nov,False,61,1669.98809500,50及以上,高,0.00806452,0.02577852,False,False
11321,0,Returning_Visitor,2,Nov,True,61,1617.51904800,50及以上,高,0.01397850,0.03029570,False,False
4607,0,Returning_Visitor,4,May,False,61,1423.96785700,50及以上,高,0.01000000,0.02261111,False,False
10559,0,Returning_Visitor,2,Dec,False,61,1407.44642900,50及以上,高,0.00053333,0.01920317,False,False
4519,0,Returning_Visitor,13,May,False,61,1238.06666700,50及以上,高,0.00476191,0.02074074,False,False
7716,0,Returning_Visitor,2,June,False,61,1140.79666700,50及以上,高,0.00000000,0.00283333,False,False
2582,0,Returning_Visitor,13,May,False,60,4139.62500000,50及以上,高,0.01363636,0.03291246,False,False
1974,0,Returning_Visitor,1,Mar,True,60,3451.75151500,50及以上,高,0.00666667,0.01156593,False,False
2506,0,Returning_Visitor,4,May,False,60,3222.75873000,50及以上,高,0.01436782,0.01660151,False,False
1052,0,Returning_Visitor,10,Mar,False,60,3135.44257200,50及以上,高,0.00166667,0.00935881,False,False
2975,0,Returning_Visitor,6,May,False,60,3121.28333300,50及以上,高,0.00285714,0.01093537,False,False
4545,0,Returning_Visitor,1,May,False,60,3086.39865400,50及以上,高,0.00028736,0.01967687,False,False
2651,0,Returning_Visitor,2,May,False,60,2818.09444400,50及以上,高,0.01666667,0.01838710,False,False
10456,0,Returning_Visitor,2,Dec,False,60,2719.65476200,50及以上,高,0.00655738,0.01208041,False,False
7344,0,Returning_Visitor,4,Oct,False,60,2686.40292200,50及以上,高,0.01666667,0.02271367,False,False
9262,0,Returning_Visitor,2,Dec,False,60,2606.77954500,50及以上,高,0.00666667,0.02194444,False,False
11858,0,Returning_Visitor,11,Nov,False,60,2591.79534600,50及以上,高,0.00968137,0.01981504,False,False
6110,0,Returning_Visitor,2,Oct,False,60,2580.63493500,50及以上,高,0.00000000,0.00944274,False,False
9152,0,Returning_Visitor,2,Dec,True,60,2335.12500000,50及以上,高,0.00156250,0.01875000,False,False
1752,0,Returning_Visitor,2,Mar,False,60,2126.46194100,50及以上,高,0.00808768,0.01706664,False,False
6953,0,Returning_Visitor,2,Aug,False,60,2072.60555600,50及以上,高,0.01379310,0.01683386,False,False
12111,0,Returning_Visitor,2,Nov,False,60,2068.24847300,50及以上,高,0.00285714,0.03405896,False,False
8312,0,Returning_Visitor,3,Nov,False,60,2050.19180300,50及以上,高,0.00875878,0.02838170,False,False
3681,0,Returning_Visitor,1,May,False,60,1993.91525700,50及以上,高,0.00597015,0.01198413,False,False
6299,0,Returning_Visitor,3,Nov,False,60,1635.46666700,50及以上,高,0.00655738,0.01475410,False,False
9354,0,Returning_Visitor,2,Nov,True,60,1548.08631000,50及以上,高,0.00634921,0.02592593,False,False
6549,0,Returning_Visitor,3,Aug,True,60,1516.73000000,50及以上,高,0.00793651,0.01982092,False,False
9921,0,Returning_Visitor,1,Dec,False,60,1449.60833300,50及以上,高,0.00454546,0.01132035,False,False
10455,0,Returning_Visitor,2,Nov,False,60,1316.43498200,50及以上,高,0.00312500,0.01439394,False,False
5857,0,Returning_Visitor,4,June,False,60,1288.56333300,50及以上,高,0.00000000,0.01777778,False,False
4714,0,Returning_Visitor,2,May,False,60,1147.61558400,50及以上,高,0.00428571,0.02441667,False,False
10015,0,Returning_Visitor,2,Dec,True,59,5004.22916700,50及以上,高,0.00677966,0.03438795,False,False
8786,0,Returning_Visitor,13,Dec,False,59,4679.02916700,50及以上,高,0.00961749,0.03238947,False,False
11236,0,Returning_Visitor,10,Nov,False,59,4165.13869000,50及以上,高,0.00833333,0.01745833,False,False
9126,0,Returning_Visitor,1,Nov,True,59,3478.75000000,50及以上,高,0.00000000,0.01355932,False,False
6603,0,Returning_Visitor,13,Jul,False,59,3296.55000000,50及以上,高,0.00666667,0.02650000,False,False
8594,0,Returning_Visitor,1,Nov,False,59,3066.69551300,50及以上,高,0.00000000,0.01046007,False,False
1745,0,Returning_Visitor,13,Mar,True,59,3036.40000000,50及以上,高,0.00000000,0.02118644,False,False
8546,0,Returning_Visitor,2,Nov,False,59,3033.68944900,50及以上,高,0.00756193,0.01547968,False,False
8191,0,Returning_Visitor,2,Nov,False,59,2934.23672200,50及以上,高,0.00666667,0.02233333,False,False
8336,0,Returning_Visitor,2,Nov,False,59,2886.84166700,50及以上,高,0.00000000,0.02557471,False,False
741,0,Returning_Visitor,1,Mar,False,59,2816.78178100,50及以上,高,0.00321470,0.01476617,False,False
3925,0,Returning_Visitor,4,May,False,59,2574.72597400,50及以上,高,0.00350877,0.01662168,False,False
6856,0,Returning_Visitor,7,Jul,False,59,2050.29239900,50及以上,高,0.01005575,0.02233780,False,False
5031,0,Returning_Visitor,4,May,False,59,2012.90079400,50及以上,高,0.00153846,0.01143123,False,False
8952,0,Returning_Visitor,3,Dec,False,59,2004.37149100,50及以上,高,0.00869565,0.03096179,False,False
5984,0,Returning_Visitor,2,Aug,True,59,1992.73333300,50及以上,高,0.00322581,0.03433180,False,False
10130,0,Returning_Visitor,1,Dec,False,59,1954.75416700,50及以上,高,0.00000000,0.00322581,False,False
4685,0,Returning_Visitor,3,May,False,59,1889.70000000,50及以上,高,0.00574713,0.01420361,False,False
11002,0,Returning_Visitor,7,Dec,True,59,1843.18769600,50及以上,高,0.01438597,0.04199338,False,False
5076,0,Returning_Visitor,6,May,False,59,1828.77460300,50及以上,高,0.00387409,0.02336158,False,False
6077,0,Returning_Visitor,4,Nov,False,59,1684.49666700,50及以上,高,0.00000000,0.00952381,False,False
11126,0,Returning_Visitor,7,Dec,True,59,1669.94018600,50及以上,高,0.00413793,0.01161110,False,False
1612,0,Returning_Visitor,1,Mar,False,59,1660.22222200,50及以上,高,0.00000000,0.01175352,False,False
3885,0,Returning_Visitor,2,May,True,59,1609.31388900,50及以上,高,0.01044776,0.03079543,False,False
1392,0,Returning_Visitor,2,Mar,False,59,1560.60116300,50及以上,高,0.00517241,0.01067323,False,False
8926,0,Returning_Visitor,1,Nov,True,59,1533.02583400,50及以上,高,0.00721393,0.03229860,False,False
10777,0,Returning_Visitor,2,Dec,False,59,1125.90476200,50及以上,高,0.00000000,0.01404358,False,False
4382,0,Returning_Visitor,6,May,False,58,5072.39593800,50及以上,高,0.00766747,0.03880280,False,False
11256,0,Returning_Visitor,15,Nov,True,58,4191.03174600,50及以上,高,0.01458333,0.03309338,False,False
4602,0,Returning_Visitor,1,May,True,58,3816.36666700,50及以上,高,0.01060606,0.02805916,False,False
2429,0,Returning_Visitor,3,May,False,58,3473.85714300,50及以上,高,0.00571429,0.01611111,False,False
7732,0,Returning_Visitor,2,Oct,False,58,3441.80666700,50及以上,高,0.00000000,0.01075269,False,False
630,0,Returning_Visitor,1,Mar,False,58,3200.36666700,50及以上,高,0.00344828,0.02758621,False,False
8632,0,Returning_Visitor,2,Dec,False,58,2801.75119000,50及以上,高,0.01052632,0.01637427,False,False
3272,0,Returning_Visitor,2,May,False,58,2787.25000000,50及以上,高,0.00000000,0.00771562,False,False
3085,0,Returning_Visitor,4,May,False,58,2665.79803900,50及以上,高,0.00714286,0.02728896,False,False
10361,0,Returning_Visitor,10,Nov,False,58,2528.28743100,50及以上,高,0.00131868,0.00558242,False,False
9110,0,Returning_Visitor,2,Nov,False,58,2492.22402000,50及以上,高,0.00893901,0.02586424,False,False
10213,0,Returning_Visitor,1,Dec,False,58,2451.05846600,50及以上,高,0.01236559,0.02276989,False,False
3322,0,Returning_Visitor,2,May,True,58,2153.71859000,50及以上,高,0.00752688,0.01215630,False,False
9942,0,Returning_Visitor,2,Nov,False,58,2021.32083300,50及以上,高,0.00517241,0.03160919,False,False
6220,0,Returning_Visitor,1,Jul,False,58,2007.20666700,50及以上,高,0.00344828,0.02729885,False,False
9982,0,Returning_Visitor,2,Nov,False,58,1992.71730800,50及以上,高,0.00895522,0.01582919,False,False
2697,0,Returning_Visitor,6,May,False,58,1806.50416700,50及以上,高,0.01379310,0.02681992,False,False
4447,0,Returning_Visitor,3,May,True,58,1660.35476200,50及以上,高,0.00351906,0.01808756,False,False
4706,0,Returning_Visitor,1,May,False,58,1645.96666700,50及以上,高,0.01428571,0.03660714,False,False
10151,0,Returning_Visitor,3,Nov,False,58,1599.50000000,50及以上,高,0.00000000,0.00714286,False,False
5448,0,Returning_Visitor,2,May,False,58,1572.27381000,50及以上,高,0.00387097,0.01780338,False,False
10945,0,Returning_Visitor,1,Nov,True,58,1470.62916700,50及以上,高,0.01111111,0.01539682,False,False
8779,0,Returning_Visitor,1,Dec,True,58,1436.69047600,50及以上,高,0.00000000,0.00823129,False,False
684,0,Returning_Visitor,1,Mar,False,58,1400.43896100,50及以上,高,0.00000000,0.00595104,False,False
5340,0,Returning_Visitor,4,May,False,58,1341.26111100,50及以上,高,0.00459770,0.00982759,False,False
9988,0,Returning_Visitor,6,Dec,False,58,1200.50000000,50及以上,高,0.00229885,0.01781609,False,False
2110,0,Returning_Visitor,13,May,False,57,4895.02298900,50及以上,高,0.00333333,0.02332126,False,False
4376,0,Returning_Visitor,1,May,False,57,4555.02381000,50及以上,高,0.00000000,0.03062147,False,False
4354,0,Returning_Visitor,2,May,False,57,4516.58831200,50及以上,高,0.00500000,0.01518085,False,False
11825,0,Returning_Visitor,2,Nov,False,57,4312.22500000,50及以上,高,0.00446429,0.03196429,False,False
3640,0,Returning_Visitor,13,May,False,57,4115.23333300,50及以上,高,0.00350877,0.01842105,False,False
10656,0,Returning_Visitor,2,Nov,True,57,3696.22534200,50及以上,高,0.00701754,0.03761542,False,False
12196,0,Returning_Visitor,2,Nov,False,57,3671.67500000,50及以上,高,0.00327869,0.02759563,False,False
10686,0,Returning_Visitor,10,Dec,False,57,3079.08333300,50及以上,高,0.00584795,0.01290727,False,False
3064,0,Returning_Visitor,2,May,True,57,2931.58030300,50及以上,高,0.00400000,0.02183333,False,False
5320,0,Returning_Visitor,4,May,False,57,2874.96666700,50及以上,高,0.00327869,0.01672131,False,False
3815,0,Returning_Visitor,1,May,False,57,2816.55307000,50及以上,高,0.00000000,0.00585859,False,False
6894,0,Returning_Visitor,2,Oct,False,57,2791.06063500,50及以上,高,0.00000000,0.00691756,False,False
10488,0,Returning_Visitor,2,Nov,False,57,2689.29166700,50及以上,高,0.00357143,0.02750000,False,False
5131,0,Returning_Visitor,4,May,False,57,2660.24523800,50及以上,高,0.00084746,0.00395480,False,False
907,0,Returning_Visitor,2,Mar,False,57,2099.93055400,50及以上,高,0.00333333,0.00914286,False,False
3249,0,Returning_Visitor,6,May,False,57,1925.10238100,50及以上,高,0.00500000,0.01750000,False,False
10479,0,Returning_Visitor,2,Nov,False,57,1836.77500000,50及以上,高,0.00000000,0.00409357,False,False
10755,0,Returning_Visitor,3,Nov,True,57,1761.28571400,50及以上,高,0.00689655,0.02222085,False,False
6672,0,Returning_Visitor,2,Sep,True,57,1720.44474800,50及以上,高,0.00098039,0.00786632,False,False
12282,0,Returning_Visitor,3,Nov,False,57,1656.41071400,50及以上,高,0.00000000,0.00225989,False,False
4491,0,Returning_Visitor,4,May,False,57,1580.60000000,50及以上,高,0.01147541,0.02833085,False,False
3853,0,Returning_Visitor,6,May,False,57,1575.21666700,50及以上,高,0.00689655,0.03017241,False,False
3847,0,Returning_Visitor,4,May,False,57,1518.90369400,50及以上,高,0.00000000,0.02294745,False,False
6922,0,Returning_Visitor,1,Oct,False,57,1475.60842700,50及以上,高,0.01641791,0.03086896,False,False
5341,0,Returning_Visitor,13,May,False,57,1384.50000000,50及以上,高,0.01034483,0.03448276,False,False
11660,0,Returning_Visitor,2,Nov,True,57,1234.50000000,50及以上,高,0.00172414,0.02068966,False,False
10856,0,Returning_Visitor,2,Nov,False,57,1091.00587600,50及以上,高,0.00701754,0.02787524,False,False
10938,0,Returning_Visitor,13,Nov,False,56,4681.42083300,50及以上,高,0.00711864,0.02266882,False,False
3831,0,Returning_Visitor,4,May,False,56,4377.98333300,50及以上,高,0.00428571,0.02229592,False,False
8442,0,Returning_Visitor,1,Nov,True,56,3543.80952400,50及以上,高,0.00446429,0.02178571,False,False
9602,0,Returning_Visitor,1,Dec,False,56,3327.53756600,50及以上,高,0.00657895,0.02206025,False,False
3004,0,Returning_Visitor,6,May,False,56,2954.75952400,50及以上,高,0.01379310,0.04939655,False,False
1790,0,Returning_Visitor,2,Mar,True,56,2866.90202000,50及以上,高,0.00000000,0.01045198,False,False
1150,0,Returning_Visitor,1,Mar,False,56,2633.86904800,50及以上,高,0.00370370,0.01666667,False,False
11271,0,Returning_Visitor,2,Nov,True,56,2581.35512800,50及以上,高,0.00327869,0.01137333,False,False
4300,0,Returning_Visitor,2,May,False,56,2504.41363600,50及以上,高,0.00491803,0.01166276,False,False
3055,0,Returning_Visitor,2,May,False,56,2220.87146500,50及以上,高,0.00338983,0.00632768,False,False
5434,0,Returning_Visitor,4,May,False,56,1977.38508800,50及以上,高,0.00000000,0.00747126,False,False
6839,0,Returning_Visitor,1,June,False,56,1775.89000000,50及以上,高,0.00000000,0.02552083,False,False
11967,0,Returning_Visitor,8,Nov,True,56,1568.65000000,50及以上,高,0.00689655,0.02183908,False,False
11012,0,Returning_Visitor,2,Nov,True,56,1531.92013600,50及以上,高,0.01150794,0.01788110,False,False
8668,0,Returning_Visitor,3,Dec,False,56,1514.03787900,50及以上,高,0.01607143,0.01750000,False,False
5712,0,Returning_Visitor,5,Oct,True,56,1371.41571400,50及以上,高,0.00253968,0.01175245,False,False
7522,0,Returning_Visitor,3,Aug,False,56,1294.63714300,50及以上,高,0.00740741,0.03345679,False,False
1881,0,Returning_Visitor,3,Mar,False,56,1246.91904800,50及以上,高,0.00333333,0.00536752,False,False
11005,0,Returning_Visitor,1,Dec,False,56,1167.32142900,50及以上,高,0.00476191,0.01891534,False,False
2930,0,Returning_Visitor,1,May,True,55,4277.00000000,50及以上,高,0.00363636,0.02121212,False,False
7237,0,Returning_Visitor,2,Sep,False,55,3987.38666700,50及以上,高,0.00535714,0.01160714,False,False
9749,0,Returning_Visitor,1,Nov,False,55,3494.06746000,50及以上,高,0.00000000,0.02918871,False,False
4510,0,Returning_Visitor,1,May,False,55,3373.01586500,50及以上,高,0.01643836,0.03829256,False,False
9148,0,Returning_Visitor,2,Nov,False,55,3328.90375200,50及以上,高,0.00793651,0.01421202,False,False
9081,0,Returning_Visitor,13,Nov,False,55,3227.48333300,50及以上,高,0.00363636,0.01636364,False,False
10940,0,Returning_Visitor,1,Dec,True,55,3165.95833300,50及以上,高,0.00566038,0.03262055,False,False
7614,0,Returning_Visitor,1,Aug,True,55,3134.06666700,50及以上,高,0.00000000,0.00666667,False,False
9583,0,Returning_Visitor,2,Nov,False,55,3057.04583300,50及以上,高,0.01166667,0.01873789,False,False
7010,0,Returning_Visitor,13,Jul,False,55,2846.29530500,50及以上,高,0.01034483,0.02896249,False,False
3850,0,Returning_Visitor,1,May,False,55,2831.56111100,50及以上,高,0.00000000,0.02857700,False,False
4024,0,Returning_Visitor,2,May,True,55,2598.99166700,50及以上,高,0.00327869,0.00819672,False,False
11253,0,Returning_Visitor,2,Nov,True,55,2570.42619000,50及以上,高,0.00350877,0.01727804,False,False
11424,0,Returning_Visitor,11,Nov,True,55,2415.41666700,50及以上,高,0.00000000,0.01981132,False,False
7648,0,Returning_Visitor,1,Nov,False,55,2400.78207700,50及以上,高,0.00000000,0.01071718,False,False
5382,0,Returning_Visitor,13,May,False,55,1995.46666700,50及以上,高,0.00333333,0.02539683,False,False
7783,0,Returning_Visitor,2,Jul,False,55,1988.93142900,50及以上,高,0.00727273,0.00533014,False,False
9073,0,Returning_Visitor,6,Nov,True,55,1984.02500000,50及以上,高,0.00000000,0.00348640,False,False
11269,0,Returning_Visitor,2,Nov,False,55,1933.42361100,50及以上,高,0.00181818,0.01735537,False,False
12214,0,Returning_Visitor,13,Nov,True,55,1893.65048800,50及以上,高,0.01272727,0.03848352,False,False
354,0,Returning_Visitor,2,Mar,False,55,1743.06666700,50及以上,高,0.00000000,0.00437158,False,False
4533,0,Returning_Visitor,4,May,False,55,1699.32766800,50及以上,高,0.00000000,0.00846156,False,False
3854,0,Returning_Visitor,2,May,True,55,1546.50382200,50及以上,高,0.01557708,0.01915915,False,False
1132,0,Returning_Visitor,2,Mar,False,55,1509.59444400,50及以上,高,0.00645161,0.02016129,False,False
3496,0,Returning_Visitor,4,May,False,55,1420.47249600,50及以上,高,0.00121212,0.00575025,False,False
4808,0,Returning_Visitor,4,May,True,55,1247.35714300,50及以上,高,0.00188679,0.01069182,False,False
4484,0,Returning_Visitor,19,May,False,55,1165.62325400,50及以上,高,0.01320755,0.01874214,False,False
10546,0,Returning_Visitor,10,Dec,False,55,1139.63888900,50及以上,高,0.00350877,0.03245614,False,False
967,0,Returning_Visitor,1,Mar,False,55,1127.28830500,50及以上,高,0.00312500,0.01449916,False,False
12069,0,Returning_Visitor,3,Nov,False,55,1119.54305600,50及以上,高,0.00545454,0.00887052,False,False
1847,0,Returning_Visitor,1,Mar,False,54,9128.28388300,50及以上,高,0.01146199,0.03925160,False,False
8962,0,Returning_Visitor,1,Nov,True,54,3978.24583300,50及以上,高,0.00384615,0.02480769,False,False
6678,0,Returning_Visitor,3,Jul,False,54,3371.05000000,50及以上,高,0.00377358,0.02201258,False,False
11275,0,Returning_Visitor,2,Nov,False,54,2871.10416700,50及以上,高,0.00000000,0.02146893,False,False
9044,0,Returning_Visitor,1,Nov,False,54,2864.63333300,50及以上,高,0.01229508,0.02402030,False,False
6980,0,Returning_Visitor,1,Aug,False,54,2802.36782100,50及以上,高,0.00928997,0.02544270,False,False
316,0,Returning_Visitor,2,Mar,False,54,2631.10000000,50及以上,高,0.00000000,0.00969697,False,False
2215,0,Returning_Visitor,4,May,False,54,2407.32281100,50及以上,高,0.00344828,0.01041872,False,False
1603,0,Returning_Visitor,10,Mar,False,54,2377.00000000,50及以上,高,0.00000000,0.00509091,False,False
8057,0,Returning_Visitor,10,Dec,True,54,2295.00000000,50及以上,高,0.00727273,0.01454546,False,False
3649,0,Returning_Visitor,4,May,False,54,2222.90000000,50及以上,高,0.00370370,0.01481482,False,False
7564,0,Returning_Visitor,1,Oct,False,54,2214.23030300,50及以上,高,0.00937500,0.03107639,False,False
12205,0,Returning_Visitor,1,Dec,False,54,2201.71071400,50及以上,高,0.00059524,0.01125283,False,False
3204,0,Returning_Visitor,4,May,False,54,2070.64393900,50及以上,高,0.00377358,0.01616352,False,False
4683,0,Returning_Visitor,13,May,False,54,2008.80714300,50及以上,高,0.01442308,0.01367230,False,False
9713,0,Returning_Visitor,2,Dec,False,54,1986.55311800,50及以上,高,0.00512821,0.01993905,False,False
8432,0,Returning_Visitor,2,Nov,False,54,1975.45595200,50及以上,高,0.00370370,0.01604938,False,False
3806,0,Returning_Visitor,4,May,False,54,1835.06666700,50及以上,高,0.00377358,0.01132076,False,False
4053,0,Returning_Visitor,4,May,False,54,1603.33333300,50及以上,高,0.00508475,0.02542373,False,False
1566,0,Returning_Visitor,2,Mar,False,54,1470.96666700,50及以上,高,0.00909091,0.02454546,False,False
8570,0,Returning_Visitor,2,Nov,False,54,1441.63690500,50及以上,高,0.00846154,0.00429071,False,False
10290,0,Returning_Visitor,1,Dec,False,54,1391.73333300,50及以上,高,0.00535714,0.02261905,False,False
12216,0,Returning_Visitor,2,Dec,False,54,1389.21666700,50及以上,高,0.00892857,0.02511905,False,False
654,0,Returning_Visitor,2,Mar,True,54,1357.61783000,50及以上,高,0.00000000,0.00481227,False,False
1044,0,Returning_Visitor,1,Mar,False,54,1306.15197400,50及以上,高,0.00350877,0.01296296,False,False
6139,0,Returning_Visitor,2,Sep,True,54,1299.19666700,50及以上,高,0.00363636,0.02254545,False,False
6426,0,Returning_Visitor,3,Oct,False,54,1256.29333300,50及以上,高,0.01034483,0.01436782,False,False
10709,0,Returning_Visitor,1,Dec,False,54,1210.92132400,50及以上,高,0.00545454,0.00867133,False,False
2988,0,Returning_Visitor,4,May,False,54,1155.03333300,50及以上,高,0.00128205,0.00397436,False,False
11713,0,Returning_Visitor,2,Nov,False,53,4223.40983800,50及以上,高,0.00877193,0.01712635,False,False
10005,0,Returning_Visitor,1,Dec,False,53,4048.58333300,50及以上,高,0.00784314,0.01549020,False,False
9653,0,Returning_Visitor,2,Dec,False,53,3372.74821400,50及以上,高,0.00377358,0.00251572,False,False
6720,0,Returning_Visitor,4,Nov,False,53,3271.03044800,50及以上,高,0.00000000,0.00552701,False,False
7977,0,Returning_Visitor,2,Sep,True,53,2822.62360300,50及以上,高,0.00666667,0.01701539,False,False
3631,0,Returning_Visitor,4,May,False,53,2797.21309500,50及以上,高,0.00409836,0.02454223,False,False
10626,0,Returning_Visitor,2,Nov,False,53,2634.47624500,50及以上,高,0.00094340,0.01642961,False,False
4130,0,Returning_Visitor,2,May,False,53,2544.16666700,50及以上,高,0.00617284,0.01604938,False,False
2824,0,Returning_Visitor,1,May,False,53,2409.06843400,50及以上,高,0.00196078,0.01807656,False,False
7236,0,Returning_Visitor,2,Oct,False,53,2387.59666700,50及以上,高,0.00000000,0.00769231,False,False
2261,0,Returning_Visitor,4,May,False,53,2247.60829800,50及以上,高,0.00484848,0.01675193,False,False
4101,0,Returning_Visitor,20,May,False,53,2241.50000000,50及以上,高,0.00384615,0.02692308,False,False
7727,0,Returning_Visitor,3,Aug,False,53,2224.63333300,50及以上,高,0.01153846,0.03514652,False,False
3999,0,Returning_Visitor,4,May,False,53,2130.02500000,50及以上,高,0.00000000,0.01006173,False,False
11245,0,Returning_Visitor,2,Nov,False,53,2019.82857100,50及以上,高,0.00769231,0.01573427,False,False
9544,0,Returning_Visitor,2,Dec,False,53,1899.05833300,50及以上,高,0.00493827,0.00769400,False,False
7831,0,Returning_Visitor,6,Nov,False,53,1854.24284500,50及以上,高,0.00043290,0.01554837,False,False
12326,0,Returning_Visitor,1,Dec,True,53,1783.79166700,50及以上,高,0.00714286,0.02903061,False,False
9736,0,Returning_Visitor,2,Nov,False,53,1768.65705100,50及以上,高,0.00000000,0.00392157,False,False
7342,0,Returning_Visitor,2,Oct,False,53,1696.56761900,50及以上,高,0.00350877,0.01760234,False,False
6887,0,Returning_Visitor,1,Aug,False,53,1692.69415500,50及以上,高,0.01206897,0.02219772,False,False
7869,0,Returning_Visitor,3,Sep,False,53,1624.32095200,50及以上,高,0.00980392,0.01735761,False,False
12190,0,Returning_Visitor,2,Dec,True,53,1609.99007900,50及以上,高,0.00357143,0.02892857,False,False
6514,0,Returning_Visitor,1,Nov,False,53,1572.81666700,50及以上,高,0.00701754,0.02494827,False,False
3916,0,Returning_Visitor,6,May,False,53,1556.60000000,50及以上,高,0.00000000,0.02641509,False,False
1203,0,Returning_Visitor,2,Mar,True,53,1518.76111100,50及以上,高,0.00727273,0.00545454,False,False
4847,0,Returning_Visitor,6,May,True,53,1511.19523800,50及以上,高,0.00545454,0.02578788,False,False
1945,0,Returning_Visitor,2,Mar,True,53,1299.38333300,50及以上,高,0.00000000,0.00370370,False,False
12236,0,Returning_Visitor,2,Dec,False,53,1287.85277800,50及以上,高,0.00338983,0.02751412,False,False
1912,0,Returning_Visitor,1,Mar,True,53,1200.89285700,50及以上,高,0.00181818,0.01803030,False,False
4975,0,Returning_Visitor,1,May,False,52,4167.48809500,50及以上,高,0.00961539,0.02483974,False,False
4399,0,Returning_Visitor,2,May,False,52,3593.12932000,50及以上,高,0.00779570,0.01826421,False,False
11282,0,Returning_Visitor,10,Nov,False,52,3329.10000000,50及以上,高,0.01223156,0.04246980,False,False
2618,0,Returning_Visitor,2,May,True,52,3258.07121200,50及以上,高,0.00000000,0.00327381,False,False
4577,0,Returning_Visitor,6,May,False,52,3095.97500000,50及以上,高,0.01228070,0.02251462,False,False
7443,0,Returning_Visitor,1,Nov,False,52,3019.80539700,50及以上,高,0.00000000,0.00272452,False,False
9482,0,Returning_Visitor,2,Nov,False,52,2983.35813500,50及以上,高,0.01011299,0.01726126,False,False
3329,0,Returning_Visitor,13,May,True,52,2826.79004800,50及以上,高,0.00725807,0.03006076,False,False
5289,0,Returning_Visitor,3,May,False,52,2529.16666700,50及以上,高,0.01400000,0.04266667,False,False
3536,0,Returning_Visitor,3,May,False,52,2376.86190500,50及以上,高,0.01666667,0.04567901,False,False
1943,0,Returning_Visitor,2,Mar,False,52,2335.06428600,50及以上,高,0.00714286,0.01056384,False,False
8182,0,Returning_Visitor,2,Dec,False,52,2180.21780300,50及以上,高,0.00000000,0.01251526,False,False
9986,0,Returning_Visitor,2,Nov,False,52,2120.63095200,50及以上,高,0.00000000,0.01196581,False,False
36,0,Returning_Visitor,1,Feb,False,52,2086.24285700,50及以上,高,0.01538462,0.02035256,False,False
2638,0,Returning_Visitor,13,May,False,52,2059.10920300,50及以上,高,0.00374707,0.00845112,False,False
9692,0,Returning_Visitor,1,Dec,False,52,2004.70833300,50及以上,高,0.00000000,0.01933761,False,False
2042,0,Returning_Visitor,1,Mar,False,52,1896.27222200,50及以上,高,0.00531073,0.01319282,False,False
8660,0,Returning_Visitor,11,Nov,False,52,1894.39384000,50及以上,高,0.00555556,0.01683854,False,False
4643,0,Returning_Visitor,4,May,False,52,1887.15824200,50及以上,高,0.00350877,0.01149749,False,False
11580,0,Returning_Visitor,2,Nov,False,52,1786.10964900,50及以上,高,0.00000000,0.01711864,False,False
6465,0,Returning_Visitor,1,Sep,False,52,1761.15666700,50及以上,高,0.00370370,0.01831276,False,False
2422,0,Returning_Visitor,1,May,False,52,1701.85714300,50及以上,高,0.00320000,0.01918951,False,False
5129,0,Returning_Visitor,2,May,True,52,1630.97222200,50及以上,高,0.01200000,0.02600000,False,False
4039,0,Returning_Visitor,6,May,True,52,1624.22348500,50及以上,高,0.00769231,0.03269231,False,False
4710,0,Returning_Visitor,13,May,False,52,1622.43333300,50及以上,高,0.00641026,0.03173077,False,False
9916,0,Returning_Visitor,3,Nov,False,52,1616.54816000,50及以上,高,0.00000000,0.00368590,False,False
738,0,Returning_Visitor,2,Mar,False,52,1551.66666700,50及以上,高,0.00181818,0.01939394,False,False
10257,0,Returning_Visitor,13,Nov,False,52,1543.75000000,50及以上,高,0.00416667,0.02363946,False,False
9352,0,Returning_Visitor,20,Dec,False,52,1423.79047600,50及以上,高,0.00545454,0.00848485,False,False
10584,0,Returning_Visitor,3,Nov,True,52,1380.16666700,50及以上,高,0.00769231,0.02307692,False,False
7108,0,Returning_Visitor,1,Sep,False,52,1218.10000000,50及以上,高,0.00128205,0.03044872,False,False
7941,0,Returning_Visitor,13,Sep,False,52,1199.22619000,50及以上,高,0.01309524,0.02025794,False,False
2950,0,Returning_Visitor,3,May,False,52,1192.31785700,50及以上,高,0.00641026,0.03301282,False,False
9508,0,Returning_Visitor,10,Nov,False,52,1090.38528100,50及以上,高,0.00647931,0.03916158,False,False
826,0,Returning_Visitor,1,Mar,False,51,5818.91666700,50及以上,高,0.00098039,0.02298475,False,False
3601,0,Returning_Visitor,2,May,False,51,5407.78888900,50及以上,高,0.00192308,0.02012057,False,False
5963,0,Returning_Visitor,4,Jul,False,51,4651.61222200,50及以上,高,0.00415584,0.02060606,False,False
4743,0,Returning_Visitor,2,May,True,51,4522.40952400,50及以上,高,0.01575758,0.04292208,False,False
3931,0,Returning_Visitor,3,May,False,51,3981.89248400,50及以上,高,0.00338983,0.01540490,False,False
8235,0,Returning_Visitor,2,Nov,False,51,3472.87051300,50及以上,高,0.01186697,0.03717057,False,False
8856,0,Returning_Visitor,3,Nov,True,51,3296.94047600,50及以上,高,0.00000000,0.00859539,False,False
8359,0,Returning_Visitor,3,Nov,False,51,2855.16666700,50及以上,高,0.00000000,0.01274510,False,False
10984,0,Returning_Visitor,3,Nov,False,51,2786.91666700,50及以上,高,0.00392157,0.01176471,False,False
10990,0,Returning_Visitor,2,Dec,False,51,2767.97619000,50及以上,高,0.00384615,0.03012821,False,False
2704,0,Returning_Visitor,19,May,False,51,2697.48787900,50及以上,高,0.00431035,0.01747126,False,False
12267,0,Returning_Visitor,2,Nov,False,51,2159.00416700,50及以上,高,0.01368421,0.03734716,False,False
9459,0,Returning_Visitor,2,Nov,False,51,2003.37577900,50及以上,高,0.00000000,0.00887427,False,False
4332,0,Returning_Visitor,13,May,False,51,1933.89893000,50及以上,高,0.01125926,0.03213243,False,False
2210,0,Returning_Visitor,3,May,True,51,1927.03154800,50及以上,高,0.00395480,0.01448129,False,False
129,0,Returning_Visitor,3,Feb,False,51,1873.21666700,50及以上,高,0.00000000,0.00754717,False,False
2186,0,Returning_Visitor,2,May,True,51,1742.32521600,50及以上,高,0.00363636,0.00922884,False,False
5994,0,Returning_Visitor,2,Nov,False,51,1693.63333300,50及以上,高,0.00370370,0.01481482,False,False
771,0,Returning_Visitor,6,Mar,True,51,1671.37500000,50及以上,高,0.00109890,0.01643357,False,False
10819,0,Returning_Visitor,2,Nov,True,51,1655.35833300,50及以上,高,0.00000000,0.01307190,False,False
4015,0,Returning_Visitor,3,May,True,51,1620.18333300,50及以上,高,0.00431373,0.02129085,False,False
9324,0,Returning_Visitor,1,Nov,True,51,1544.85515900,50及以上,高,0.01224490,0.02775510,False,False
5384,0,Returning_Visitor,1,May,False,51,1424.86666700,50及以上,高,0.00408163,0.02077922,False,False
2116,0,Returning_Visitor,2,May,False,51,1403.84191900,50及以上,高,0.00363636,0.00909091,False,False
9416,0,Returning_Visitor,2,Nov,True,51,1364.26666700,50及以上,高,0.00769231,0.01198718,False,False
9631,0,Returning_Visitor,2,Nov,True,51,1346.63023100,50及以上,高,0.00712644,0.02971953,False,False
4374,0,Returning_Visitor,6,May,False,51,1229.16666700,50及以上,高,0.00000000,0.01923077,False,False
8773,0,Returning_Visitor,10,Nov,False,50,3831.10000000,50及以上,高,0.00000000,0.01730769,False,False
9968,0,Returning_Visitor,2,Nov,True,50,3002.90277800,50及以上,高,0.00208333,0.01361111,False,False
2669,0,Returning_Visitor,2,May,False,50,2871.26293200,50及以上,高,0.00185185,0.00816104,False,False
7740,0,Returning_Visitor,1,Aug,False,50,2653.19666700,50及以上,高,0.01568627,0.02790850,False,False
11073,0,Returning_Visitor,2,Nov,False,50,2549.53452400,50及以上,高,0.01224490,0.03653061,False,False
2235,0,Returning_Visitor,3,May,False,50,2424.75000000,50及以上,高,0.00000000,0.02333333,False,False
1380,0,Returning_Visitor,3,Mar,True,50,2207.39166700,50及以上,高,0.00172414,0.00997296,False,False
11013,0,Returning_Visitor,2,Nov,True,50,2147.98333300,50及以上,高,0.01228571,0.02476812,False,False
8543,0,Returning_Visitor,3,Dec,True,50,1897.83333300,50及以上,高,0.01270000,0.01174603,False,False
10128,0,Returning_Visitor,1,Dec,False,50,1870.79166700,50及以上,高,0.00264151,0.02402516,False,False
3393,0,Returning_Visitor,1,May,False,50,1845.16666700,50及以上,高,0.01111111,0.02237654,False,False
10587,0,Returning_Visitor,2,Nov,False,50,1784.51666700,50及以上,高,0.00160000,0.02059394,False,False
2907,0,Returning_Visitor,3,May,False,50,1766.85595200,50及以上,高,0.00288462,0.01314103,False,False
3869,0,Returning_Visitor,1,May,False,50,1735.59523800,50及以上,高,0.00000000,0.00874636,False,False
1042,0,Returning_Visitor,3,Mar,True,50,1694.79761900,50及以上,高,0.00892857,0.01815476,False,False
7959,0,Returning_Visitor,2,Nov,False,50,1572.48639900,50及以上,高,0.00000000,0.01993988,False,False
8103,0,Returning_Visitor,2,Dec,False,50,1557.91666700,50及以上,高,0.00377358,0.01320755,False,False
2372,0,Returning_Visitor,4,May,False,50,1483.36666700,50及以上,高,0.00000000,0.01047619,False,False
234,0,Returning_Visitor,2,Mar,True,50,1434.25512800,50及以上,高,0.00000000,0.01923077,False,False
9784,0,Returning_Visitor,2,Dec,True,50,1404.45909100,50及以上,高,0.01300000,0.04400000,False,False
6567,0,Returning_Visitor,4,Sep,False,50,1388.05236600,50及以上,高,0.00861111,0.02038584,False,False
9320,0,Returning_Visitor,1,Nov,True,50,1317.79583300,50及以上,高,0.01000000,0.02146951,False,False
231,0,Returning_Visitor,9,Mar,True,50,1245.30000000,50及以上,高,0.00400000,0.02066667,False,False
1074,0,Returning_Visitor,3,Mar,False,50,1188.56666700,50及以上,高,0.00784314,0.01830065,False,False
5381,0,Returning_Visitor,1,May,False,50,1156.38492100,50及以上,高,0.00800000,0.03550000,False,False
4033,0,Returning_Visitor,4,May,True,50,1115.45952400,50及以上,高,0.00784314,0.01568627,False,False
3370,0,Returning_Visitor,4,May,False,49,4051.37500000,21至49,高,0.00727273,0.02294950,False,False
12263,0,Returning_Visitor,2,Nov,False,49,3414.87500000,21至49,高,0.01224490,0.02721088,False,False
6060,0,Returning_Visitor,2,Nov,False,49,3346.96904800,21至49,高,0.00000000,0.00847159,False,False
2245,0,Returning_Visitor,4,May,False,49,3003.41904800,21至49,高,0.01052632,0.01571150,False,False
9801,0,Returning_Visitor,13,Nov,False,49,2990.31250000,21至49,高,0.01224490,0.03823129,False,False
1551,0,Returning_Visitor,1,Mar,False,49,2612.35714300,21至49,高,0.00000000,0.00952381,False,False
7399,0,Returning_Visitor,2,Aug,False,49,2268.90067700,21至49,高,0.00000000,0.01740741,False,False
9314,0,Returning_Visitor,1,Nov,False,49,2259.04761900,21至49,高,0.00816326,0.03469388,False,False
2412,0,Returning_Visitor,2,May,False,49,2104.31140000,21至49,高,0.00961539,0.01954189,False,False
1351,0,Returning_Visitor,1,Mar,False,49,1616.08333300,21至49,高,0.00400000,0.01600000,False,False
3207,0,Returning_Visitor,4,May,True,49,1592.13333300,21至49,高,0.00363636,0.02000000,False,False
10897,0,Returning_Visitor,1,Nov,False,49,1550.91666700,21至49,高,0.01600000,0.04133333,False,False
9125,0,Returning_Visitor,1,Nov,False,49,1494.08333300,21至49,高,0.00125786,0.02877359,False,False
8054,0,Returning_Visitor,10,Dec,True,49,1493.69523800,21至49,高,0.00539084,0.01575059,False,False
6408,0,Returning_Visitor,1,June,False,49,1463.48000000,21至49,高,0.00408163,0.01564626,False,False
11601,0,Returning_Visitor,2,Nov,False,49,1435.77211400,21至49,高,0.01509434,0.01357919,False,False
8472,0,Returning_Visitor,3,Dec,False,49,1385.85000000,21至49,高,0.00000000,0.01326531,False,False
338,0,Returning_Visitor,2,Mar,False,49,1384.01666700,21至49,高,0.00000000,0.01190476,False,False
11710,0,Returning_Visitor,2,Dec,True,49,1222.25000000,21至49,高,0.00518519,0.02160494,False,False
9219,0,Returning_Visitor,13,Dec,True,49,1196.25000000,21至49,高,0.00784314,0.01895425,False,False
3449,0,Returning_Visitor,2,May,False,49,1143.34850400,21至49,高,0.00000000,0.00859539,False,False
6849,0,Returning_Visitor,3,June,False,49,1088.63690500,21至49,高,0.01545699,0.02958944,False,False
2539,0,Returning_Visitor,3,May,False,49,1088.05000000,21至49,高,0.01132076,0.02106918,False,False
8808,0,Returning_Visitor,1,Nov,True,48,4152.08333300,21至49,高,0.00625000,0.02812500,False,False
9112,0,Returning_Visitor,2,Dec,False,48,3972.00000000,21至49,高,0.00000000,0.02099125,False,False
740,0,Returning_Visitor,9,Mar,True,48,3726.33333300,21至49,高,0.00000000,0.00416667,False,False
1771,0,Returning_Visitor,2,Mar,False,48,3644.75238100,21至49,高,0.00000000,0.01666667,False,False
1485,0,Returning_Visitor,3,Mar,False,48,3332.29351100,21至49,高,0.00000000,0.00784722,False,False
7530,0,Returning_Visitor,1,Jul,False,48,3177.36666700,21至49,高,0.00851064,0.04468085,False,False
6016,0,Returning_Visitor,20,Aug,False,48,3025.33333300,21至49,高,0.00416667,0.00937500,False,False
10684,0,Returning_Visitor,2,Nov,False,48,2849.48214300,21至49,高,0.00000000,0.01485380,False,False
4948,0,Returning_Visitor,4,May,False,48,2562.08333300,21至49,高,0.00425532,0.00531915,False,False
8556,0,Returning_Visitor,2,Nov,False,48,2492.16666700,21至49,高,0.00000000,0.01458333,False,False
5404,0,Returning_Visitor,2,May,True,48,2235.00000000,21至49,高,0.00434783,0.02536232,False,False
2397,0,Returning_Visitor,4,May,False,48,2215.86666700,21至49,高,0.00104167,0.01958333,False,False
5409,0,Returning_Visitor,11,May,False,48,2207.83333300,21至49,高,0.00104167,0.01692130,False,False
6305,0,Returning_Visitor,1,Aug,False,48,2074.40190500,21至49,高,0.00000000,0.01607143,False,False
8017,0,Returning_Visitor,2,Nov,True,48,2073.91666700,21至49,高,0.00392157,0.02627451,False,False
10629,0,Returning_Visitor,2,Dec,False,48,1777.70238100,21至49,高,0.00000000,0.02153846,False,False
631,0,Returning_Visitor,2,Mar,False,48,1769.69738300,21至49,高,0.00060606,0.01161616,False,False
2469,0,Returning_Visitor,2,May,False,48,1681.52381000,21至49,高,0.00000000,0.01699346,False,False
6929,0,Returning_Visitor,1,Aug,False,48,1510.38333300,21至49,高,0.00851064,0.03092705,False,False
8217,0,Returning_Visitor,1,Dec,False,48,1481.10833300,21至49,高,0.00377358,0.00817610,False,False
10891,0,Returning_Visitor,3,Dec,False,48,1361.63442000,21至49,高,0.01020408,0.01728863,False,False
9811,0,Returning_Visitor,2,Nov,False,48,1256.29166700,21至49,高,0.00384615,0.01657051,False,False
10111,0,Returning_Visitor,2,Nov,True,48,1252.56141400,21至49,高,0.01403846,0.02473863,False,False
11568,0,Returning_Visitor,2,Dec,False,48,1249.75000000,21至49,高,0.00833333,0.02046131,False,False
3032,0,Returning_Visitor,3,May,False,48,1142.66666700,21至49,高,0.00000000,0.00625000,False,False
5313,0,Returning_Visitor,1,May,False,48,1129.21428600,21至49,高,0.00816326,0.01094509,False,False
9449,0,Returning_Visitor,2,Nov,False,47,3993.83333300,21至49,高,0.00204082,0.04317112,False,False
9447,0,Returning_Visitor,2,Nov,False,47,3954.95000000,21至49,高,0.00600000,0.02371429,False,False
6749,0,Returning_Visitor,1,Oct,False,47,3633.95333300,21至49,高,0.00130719,0.01728758,False,False
478,0,Returning_Visitor,1,Mar,False,47,3608.90000000,21至49,高,0.00000000,0.01987180,False,False
11014,0,Returning_Visitor,1,Dec,False,47,3573.47222200,21至49,高,0.00377358,0.01200686,False,False
10398,0,Returning_Visitor,3,Nov,False,47,2455.14761900,21至49,高,0.00740741,0.02370370,False,False
11688,0,Returning_Visitor,1,Nov,False,47,2386.06666700,21至49,高,0.00444444,0.03086420,False,False
2015,0,Returning_Visitor,1,Mar,False,47,2102.58150200,21至49,高,0.00416667,0.01041667,False,False
7554,0,Returning_Visitor,1,Jul,True,47,2101.69154100,21至49,高,0.00743590,0.02061552,False,False
7984,0,Returning_Visitor,6,Dec,False,47,2059.70000000,21至49,高,0.00576923,0.03324342,False,False
7169,0,Returning_Visitor,2,Nov,False,47,1975.12500000,21至49,高,0.00363636,0.01518615,False,False
10674,0,Returning_Visitor,1,Nov,False,47,1889.95340900,21至49,高,0.01481482,0.02825103,False,False
449,0,Returning_Visitor,3,Mar,False,47,1882.11340900,21至49,高,0.00400000,0.01931429,False,False
892,0,Returning_Visitor,1,Mar,False,47,1842.95000000,21至49,高,0.00000000,0.01257764,False,False
2313,0,Returning_Visitor,6,May,True,47,1813.86461000,21至49,高,0.00737705,0.01909080,False,False
1222,0,Returning_Visitor,2,Mar,True,47,1813.20833300,21至49,高,0.00000000,0.00208333,False,False
10992,0,Returning_Visitor,2,Dec,False,47,1708.62500000,21至49,高,0.00869565,0.01884058,False,False
11611,0,Returning_Visitor,1,Dec,False,47,1697.05833300,21至49,高,0.00434783,0.01956522,False,False
5421,0,Returning_Visitor,4,May,False,47,1541.32745100,21至49,高,0.00065359,0.02328861,False,False
11607,0,Returning_Visitor,2,Nov,False,47,1477.39484100,21至49,高,0.00416667,0.02152778,False,False
7051,0,Returning_Visitor,1,Nov,True,47,1475.36666700,21至49,高,0.01063830,0.02674772,False,False
6401,0,Returning_Visitor,3,Oct,False,47,1459.57666700,21至49,高,0.01041667,0.01763889,False,False
4619,0,Returning_Visitor,3,May,False,47,1447.57727300,21至49,高,0.00000000,0.01113475,False,False
6378,0,Returning_Visitor,1,Sep,False,47,1423.00000000,21至49,高,0.00434783,0.01376812,False,False
6751,0,Returning_Visitor,1,Oct,False,47,1299.83333300,21至49,高,0.00833333,0.03263889,False,False
3994,0,Returning_Visitor,2,May,False,47,1230.36818200,21至49,高,0.00434783,0.02072464,False,False
11803,0,Returning_Visitor,2,Dec,True,47,1204.66468300,21至49,高,0.00000000,0.01500000,False,False
7133,0,Returning_Visitor,2,Jul,False,47,1153.54000000,21至49,高,0.00314010,0.03997930,False,False
10980,0,Returning_Visitor,2,Dec,False,47,1117.64285700,21至49,高,0.00754717,0.01933962,False,False
6480,0,Returning_Visitor,4,Nov,False,47,1101.80333300,21至49,高,0.00000000,0.00272109,False,False
11310,0,Returning_Visitor,1,Dec,False,47,1093.83333300,21至49,高,0.00444444,0.01851852,False,False
4829,0,Returning_Visitor,13,May,False,46,4681.89444400,21至49,高,0.00800000,0.02438095,False,False
41,0,Returning_Visitor,4,Feb,False,46,4084.39393900,21至49,高,0.00000000,0.00179487,False,False
1987,0,Returning_Visitor,2,Mar,False,46,4053.09220800,21至49,高,0.01418440,0.02968423,False,False
8096,0,Returning_Visitor,2,Nov,True,46,2756.19246000,21至49,高,0.00000000,0.01765792,False,False
359,0,Returning_Visitor,2,Mar,False,46,2749.66666700,21至49,高,0.00000000,0.00555556,False,False
251,0,Returning_Visitor,3,Mar,True,46,2452.58214300,21至49,高,0.00724638,0.02225391,False,False
4415,0,Returning_Visitor,2,May,False,46,2425.08333300,21至49,高,0.01086956,0.02768116,False,False
2293,0,Returning_Visitor,1,May,False,46,2295.18214300,21至49,高,0.00408163,0.01487366,False,False
5633,0,Returning_Visitor,1,Aug,False,46,2031.50666700,21至49,高,0.01304348,0.02391304,False,False
3281,0,Returning_Visitor,4,May,False,46,1942.93333300,21至49,高,0.01011905,0.01333333,False,False
1780,0,Returning_Visitor,3,Mar,False,46,1852.75000000,21至49,高,0.00000000,0.00579710,False,False
690,0,Returning_Visitor,2,Mar,False,46,1814.58333300,21至49,高,0.00367347,0.02675737,False,False
6592,0,Returning_Visitor,1,June,False,46,1805.14666700,21至49,高,0.01224490,0.02122449,False,False
5903,0,Returning_Visitor,4,Sep,True,46,1760.65714300,21至49,高,0.01010929,0.02542130,False,False
5891,0,Returning_Visitor,4,June,False,46,1728.86626800,21至49,高,0.00000000,0.01905974,False,False
4401,0,Returning_Visitor,4,May,False,46,1687.85000000,21至49,高,0.00000000,0.01111111,False,False
9492,0,Returning_Visitor,13,Nov,True,46,1679.66666700,21至49,高,0.01200000,0.02600000,False,False
7729,0,Returning_Visitor,3,Nov,False,46,1624.93562500,21至49,高,0.00535714,0.02139144,False,False
9420,0,Returning_Visitor,2,Dec,False,46,1621.02537900,21至49,高,0.00408163,0.02054422,False,False
11359,0,Returning_Visitor,2,Dec,True,46,1438.10000000,21至49,高,0.00425532,0.01780142,False,False
4770,0,Returning_Visitor,4,May,True,46,1431.33333300,21至49,高,0.00370370,0.01543210,False,False
2856,0,Returning_Visitor,19,May,False,46,1425.75000000,21至49,高,0.00888889,0.02925926,False,False
4076,0,Returning_Visitor,2,May,False,46,1388.86666700,21至49,高,0.00416667,0.02944444,False,False
320,0,Returning_Visitor,1,Mar,False,46,1380.16666700,21至49,高,0.00000000,0.01037037,False,False
6526,0,Returning_Visitor,1,Sep,False,46,1376.30000000,21至49,高,0.00816326,0.03537415,False,False
7928,0,Returning_Visitor,3,Aug,False,46,1354.80000000,21至49,高,0.01090909,0.04121212,False,False
7785,0,Returning_Visitor,2,Aug,True,46,1292.44976200,21至49,高,0.00434783,0.00555556,False,False
11165,0,Returning_Visitor,1,Nov,True,46,1143.83333300,21至49,高,0.00980392,0.01448802,False,False
4943,0,Returning_Visitor,2,May,False,46,1107.66666700,21至49,高,0.00592593,0.02014815,False,False
2151,0,Returning_Visitor,4,May,False,46,1103.91666700,21至49,高,0.00000000,0.00408163,False,False
9058,0,Returning_Visitor,8,Nov,False,46,1098.52480200,21至49,高,0.00708333,0.01652988,False,False
7183,0,Returning_Visitor,2,Oct,False,45,6707.54000000,21至49,高,0.01136364,0.01985931,False,False
12309,0,Returning_Visitor,1,Nov,True,45,4018.45000000,21至49,高,0.00909091,0.02196970,False,False
11652,0,Returning_Visitor,1,Dec,True,45,3740.29166700,21至49,高,0.01276596,0.04188450,False,False
7389,0,Returning_Visitor,1,Aug,True,45,3166.33333300,21至49,高,0.00000000,0.00489130,False,False
8659,0,Returning_Visitor,10,Dec,False,45,3007.68750000,21至49,高,0.01276596,0.01290780,False,False
3245,0,Returning_Visitor,3,May,False,45,2996.48750000,21至49,高,0.01481482,0.02628108,False,False
10463,0,Returning_Visitor,1,Nov,False,45,2984.13095200,21至49,高,0.00425532,0.02141844,False,False
10518,0,Returning_Visitor,8,Dec,True,45,2904.92229400,21至49,高,0.00000000,0.01187075,False,False
12281,0,Returning_Visitor,1,Nov,False,45,2674.33921600,21至49,高,0.00086956,0.02013935,False,False
12285,0,Returning_Visitor,1,Dec,True,45,2650.41666700,21至49,高,0.01333333,0.03407407,False,False
5664,0,Returning_Visitor,1,Nov,False,45,2347.33333300,21至49,高,0.00454546,0.01590909,False,False
3247,0,Returning_Visitor,6,May,False,45,2171.17459200,21至49,高,0.00000000,0.01793149,False,False
9280,0,Returning_Visitor,2,Nov,False,45,2033.84523800,21至49,高,0.00000000,0.00715409,False,False
10987,0,Returning_Visitor,2,Dec,False,45,2028.17261900,21至49,高,0.00434783,0.02065217,False,False
9391,0,Returning_Visitor,2,Nov,False,45,2018.30000000,21至49,高,0.00568182,0.03082251,False,False
8146,0,Returning_Visitor,2,Nov,False,45,2007.52261900,21至49,高,0.01304348,0.01865703,False,False
2001,0,Returning_Visitor,2,Mar,True,45,1998.44408100,21至49,高,0.00909091,0.01644733,False,False
12079,0,Returning_Visitor,1,Dec,False,45,1896.96666700,21至49,高,0.01176471,0.02745098,False,False
11325,0,Returning_Visitor,2,Dec,False,45,1873.58929700,21至49,高,0.00000000,0.00724223,False,False
5221,0,Returning_Visitor,6,May,True,45,1754.00000000,21至49,高,0.00000000,0.01453416,False,False
10658,0,Returning_Visitor,1,Dec,False,45,1739.25000000,21至49,高,0.01466667,0.01780000,False,False
5761,0,Returning_Visitor,2,Sep,False,45,1668.12523800,21至49,高,0.00444444,0.02410774,False,False
7805,0,Returning_Visitor,2,Oct,False,45,1620.14166700,21至49,高,0.00000000,0.00933333,False,False
3303,0,Returning_Visitor,4,May,False,45,1438.72222200,21至49,高,0.00454546,0.02772727,False,False
8247,0,Returning_Visitor,2,Dec,True,45,1424.83974400,21至49,高,0.01224490,0.03173955,False,False
9040,0,Returning_Visitor,3,Nov,False,45,1296.00000000,21至49,高,0.00000000,0.01333333,False,False
11037,0,Returning_Visitor,2,Dec,False,45,1142.19583300,21至49,高,0.00000000,0.02444444,False,False
1657,0,Returning_Visitor,2,Mar,False,44,3113.51666700,21至49,高,0.00148148,0.01600000,False,False
12067,0,Returning_Visitor,1,Dec,False,44,2588.15476200,21至49,高,0.00909091,0.02727273,False,False
10367,0,Returning_Visitor,8,Dec,False,44,2284.48809500,21至49,高,0.00000000,0.00335917,False,False
3335,0,Returning_Visitor,4,May,False,44,2279.22222200,21至49,高,0.00111111,0.01230159,False,False
8390,0,Returning_Visitor,1,Dec,False,44,2187.33872500,21至49,高,0.00510204,0.02904239,False,False
9225,0,Returning_Visitor,8,Nov,True,44,2038.05227300,21至49,高,0.00771930,0.02842105,False,False
11666,0,Returning_Visitor,3,Nov,False,44,2011.30555600,21至49,高,0.00000000,0.01230159,False,False
7623,0,Returning_Visitor,1,Sep,False,44,1993.39666700,21至49,高,0.01254902,0.04124650,False,False
9509,0,Returning_Visitor,1,Dec,False,44,1975.82500000,21至49,高,0.00000000,0.03214286,False,False
12046,0,Returning_Visitor,10,Dec,False,44,1909.08055600,21至49,高,0.00476191,0.01825397,False,False
699,0,Returning_Visitor,1,Mar,False,44,1616.42582400,21至49,高,0.00694444,0.01097443,False,False
6589,0,Returning_Visitor,3,Jul,False,44,1535.66666700,21至49,高,0.01276596,0.01418440,False,False
4273,0,Returning_Visitor,6,May,True,44,1527.16666700,21至49,高,0.01276596,0.03276596,False,False
1428,0,Returning_Visitor,1,Mar,True,44,1489.14444400,21至49,高,0.00408163,0.01469388,False,False
3483,0,Returning_Visitor,4,May,True,44,1470.33333300,21至49,高,0.01600000,0.01920779,False,False
10950,0,Returning_Visitor,8,Nov,True,44,1410.42857100,21至49,高,0.00869565,0.02608696,False,False
396,0,Returning_Visitor,2,Mar,False,44,1406.10000000,21至49,高,0.00408163,0.00650146,False,False
6033,0,Returning_Visitor,2,June,False,44,1341.71666700,21至49,高,0.00888889,0.04666667,False,False
10732,0,Returning_Visitor,1,Dec,False,44,1254.11217900,21至49,高,0.00709220,0.03012918,False,False
12247,0,Returning_Visitor,2,Dec,False,44,1236.63809500,21至49,高,0.00000000,0.01472868,False,False
8406,0,Returning_Visitor,2,Nov,False,44,1184.26984100,21至49,高,0.00454546,0.02329545,False,False
12324,0,Returning_Visitor,10,Nov,False,44,1157.97619000,21至49,高,0.00000000,0.01395349,False,False
2297,0,Returning_Visitor,6,May,False,44,1151.11666700,21至49,高,0.00000000,0.01782946,False,False
11959,0,Returning_Visitor,3,Nov,False,44,1127.56666700,21至49,高,0.00681818,0.02196970,False,False
8367,0,Returning_Visitor,1,Dec,False,44,1113.30952400,21至49,高,0.00833333,0.01562500,False,False
1753,0,Returning_Visitor,3,Mar,True,44,1112.00000000,21至49,高,0.00000000,0.00681818,False,False
7016,0,Returning_Visitor,1,Oct,False,44,1100.78908200,21至49,高,0.00851064,0.01856130,False,False
8759,0,Returning_Visitor,1,Dec,False,43,4215.96111100,21至49,高,0.00930233,0.02217054,False,False
11418,0,Returning_Visitor,1,Dec,False,43,3606.08888900,21至49,高,0.00977011,0.04395145,False,False
2961,0,Returning_Visitor,2,May,False,43,3382.08333300,21至49,高,0.00000000,0.01162791,False,False
5073,0,Returning_Visitor,4,May,False,43,3283.72222200,21至49,高,0.00930233,0.01937984,False,False
1827,0,Returning_Visitor,10,Mar,False,43,3266.12777800,21至49,高,0.00424242,0.04371234,False,False
5335,0,Returning_Visitor,13,May,False,43,2949.55000000,21至49,高,0.01590909,0.02716450,False,False
949,0,Returning_Visitor,3,Mar,False,43,2798.07381000,21至49,高,0.00000000,0.01097101,False,False
2935,0,Returning_Visitor,2,May,True,43,2797.81666700,21至49,高,0.00000000,0.00666667,False,False
10246,0,Returning_Visitor,2,Dec,False,43,2754.11742400,21至49,高,0.00468750,0.03387515,False,False
1230,0,Returning_Visitor,1,Mar,False,43,2595.28095200,21至49,高,0.00909091,0.02537879,False,False
11840,0,Returning_Visitor,10,Nov,False,43,2365.42954500,21至49,高,0.00000000,0.01304348,False,False
4175,0,Returning_Visitor,4,May,False,43,2325.61190500,21至49,高,0.00952381,0.01814059,False,False
2194,0,Returning_Visitor,2,May,False,43,2265.52922100,21至49,高,0.00400000,0.00400000,False,False
11112,0,Returning_Visitor,2,Dec,False,43,2209.55487600,21至49,高,0.01031746,0.02231702,False,False
2246,0,Returning_Visitor,3,May,True,43,2053.93333300,21至49,高,0.01287879,0.03901515,False,False
7698,0,Returning_Visitor,20,Oct,False,43,2013.65952400,21至49,高,0.00000000,0.00909091,False,False
9437,0,Returning_Visitor,3,Dec,False,43,1990.12500000,21至49,高,0.00116279,0.02403101,False,False
7481,0,Returning_Visitor,5,Nov,False,43,1912.75190500,21至49,高,0.00833333,0.00777778,False,False
10965,0,Returning_Visitor,2,Nov,True,43,1866.10714300,21至49,高,0.00000000,0.02500000,False,False
10631,0,Returning_Visitor,2,Nov,True,43,1825.55714300,21至49,高,0.00000000,0.01811594,False,False
1497,0,Returning_Visitor,2,Mar,False,43,1770.62500000,21至49,高,0.00425532,0.01515366,False,False
2733,0,Returning_Visitor,3,May,False,43,1738.25000000,21至49,高,0.00634921,0.03537415,False,False
2339,0,Returning_Visitor,3,May,True,43,1719.41666700,21至49,高,0.00434783,0.02623188,False,False
1460,0,Returning_Visitor,3,Mar,True,43,1650.41666700,21至49,高,0.00000000,0.00387597,False,False
1547,0,Returning_Visitor,2,Mar,False,43,1607.29761900,21至49,高,0.00227273,0.01590909,False,False
7919,0,Returning_Visitor,1,Nov,False,43,1582.70000000,21至49,高,0.00454546,0.01439394,False,False
5982,0,Returning_Visitor,2,Oct,False,43,1568.32083300,21至49,高,0.00918367,0.02292517,False,False
5829,0,Returning_Visitor,2,Oct,False,43,1487.22931700,21至49,高,0.00454546,0.01963870,False,False
3893,0,Returning_Visitor,1,May,False,43,1425.18333300,21至49,高,0.00465116,0.00697674,False,False
1328,0,Returning_Visitor,3,Mar,True,43,1418.50000000,21至49,高,0.00000000,0.01818182,False,False
1350,0,Returning_Visitor,6,Mar,False,43,1286.68888900,21至49,高,0.00454546,0.03026612,False,False
5916,0,Returning_Visitor,3,Sep,False,43,1257.90000000,21至49,高,0.00952381,0.02063492,False,False
11429,0,Returning_Visitor,2,Nov,False,43,1253.17640700,21至49,高,0.00000000,0.01468254,False,False
711,0,Returning_Visitor,2,Mar,False,43,1223.34722200,21至49,高,0.00000000,0.00454546,False,False
2290,0,Returning_Visitor,4,May,False,43,1146.50000000,21至49,高,0.00697674,0.03527132,False,False
2845,0,Returning_Visitor,5,May,False,43,1090.06060600,21至49,高,0.00408163,0.01133787,False,False
9876,0,Returning_Visitor,2,Dec,False,42,4126.44861100,21至49,高,0.00077519,0.01343669,False,False
9151,0,Returning_Visitor,1,Dec,False,42,3556.51666700,21至49,高,0.00000000,0.00968254,False,False
4360,0,Returning_Visitor,2,May,False,42,3503.02500000,21至49,高,0.00514286,0.01819394,False,False
3237,0,Returning_Visitor,4,May,False,42,3436.06666700,21至49,高,0.00075758,0.01948052,False,False
7426,0,Returning_Visitor,2,Aug,False,42,3333.07606800,21至49,高,0.01162791,0.02750699,False,False
8292,0,Returning_Visitor,2,Nov,False,42,3127.07878800,21至49,高,0.00961451,0.02128782,False,False
8597,0,Returning_Visitor,1,Nov,False,42,3009.08750000,21至49,高,0.00402116,0.03236550,False,False
10003,0,Returning_Visitor,13,Nov,True,42,2872.12500000,21至49,高,0.00250000,0.02577778,False,False
4715,0,Returning_Visitor,5,May,False,42,2724.00898300,21至49,高,0.00650000,0.02131278,False,False
8710,0,Returning_Visitor,1,Nov,False,42,2553.85833300,21至49,高,0.00000000,0.02210145,False,False
6189,0,Returning_Visitor,1,Jul,False,42,2385.66666700,21至49,高,0.00333333,0.03583333,False,False
6623,0,Returning_Visitor,1,Oct,False,42,2197.00000000,21至49,高,0.00000000,0.01363636,False,False
2301,0,Returning_Visitor,2,May,False,42,2172.33333300,21至49,高,0.00000000,0.01124031,False,False
6582,0,Returning_Visitor,2,Oct,False,42,2084.47952400,21至49,高,0.00476191,0.01492063,False,False
7346,0,Returning_Visitor,2,Oct,True,42,2017.52071400,21至49,高,0.00000000,0.02369614,False,False
11862,0,Returning_Visitor,2,Nov,False,42,2016.11538500,21至49,高,0.01600000,0.02884103,False,False
8975,0,Returning_Visitor,1,Dec,True,42,1931.63095200,21至49,高,0.00000000,0.00833333,False,False
4279,0,Returning_Visitor,2,May,False,42,1822.84166700,21至49,高,0.00576923,0.01664201,False,False
10858,0,Returning_Visitor,2,Nov,False,42,1743.51785700,21至49,高,0.00000000,0.01280488,False,False
1253,0,Returning_Visitor,1,Mar,False,42,1741.48333300,21至49,高,0.00000000,0.00205128,False,False
4834,0,Returning_Visitor,2,May,False,42,1722.50000000,21至49,高,0.00000000,0.01037037,False,False
9647,0,Returning_Visitor,2,Dec,False,42,1717.66666700,21至49,高,0.00196078,0.02998133,False,False
10778,0,Returning_Visitor,2,Dec,False,42,1610.78319700,21至49,高,0.00909091,0.01779426,False,False
63,0,Returning_Visitor,2,Feb,False,42,1553.58333300,21至49,高,0.00900000,0.01966667,False,False
1526,0,Returning_Visitor,1,Mar,False,42,1503.25000000,21至49,高,0.00155039,0.03100775,False,False
2717,0,Returning_Visitor,11,May,False,42,1433.08333300,21至49,高,0.00500000,0.02575000,False,False
7325,0,Returning_Visitor,3,Jul,False,42,1369.70000000,21至49,高,0.00000000,0.01969697,False,False
5246,0,Returning_Visitor,4,May,True,42,1349.25000000,21至49,高,0.00000000,0.00406504,False,False
9816,0,Returning_Visitor,2,Nov,False,42,1333.91428600,21至49,高,0.01000000,0.01094246,False,False
5173,0,Returning_Visitor,4,May,False,42,1288.06666700,21至49,高,0.00000000,0.00731707,False,False
7510,0,Returning_Visitor,3,Aug,False,42,1246.12000000,21至49,高,0.00000000,0.00888889,False,False
951,0,Returning_Visitor,1,Mar,False,42,1185.66666700,21至49,高,0.00000000,0.00476191,False,False
7394,0,Returning_Visitor,1,Oct,True,42,1157.78333300,21至49,高,0.00000000,0.03222222,False,False
5570,0,Returning_Visitor,20,Oct,False,41,5194.85714300,21至49,高,0.00175439,0.01397243,False,False
10092,0,Returning_Visitor,3,Dec,True,41,4373.84761900,21至49,高,0.00232288,0.03378766,False,False
1834,0,Returning_Visitor,1,Mar,False,41,4270.14166700,21至49,高,0.00444444,0.02716049,False,False
10911,0,Returning_Visitor,2,Dec,True,41,2997.08333300,21至49,高,0.00487805,0.02113821,False,False
3423,0,Returning_Visitor,2,May,False,41,2504.69956700,21至49,高,0.00000000,0.01307540,False,False
9367,0,Returning_Visitor,2,Dec,True,41,2303.18333300,21至49,高,0.00571429,0.01587302,False,False
2551,0,Returning_Visitor,4,May,False,41,2213.00000000,21至49,高,0.00454546,0.03106061,False,False
3330,0,Returning_Visitor,6,May,False,41,2078.66666700,21至49,高,0.00833333,0.02812500,False,False
10385,0,Returning_Visitor,2,Dec,False,41,1933.24444400,21至49,高,0.00607903,0.02122236,False,False
6874,0,Returning_Visitor,1,Jul,False,41,1921.10307000,21至49,高,0.01407407,0.03298765,False,False
5028,0,Returning_Visitor,6,May,True,41,1919.24523000,21至49,高,0.01487565,0.03167916,False,False
7610,0,Returning_Visitor,3,Nov,False,41,1808.95333300,21至49,高,0.00000000,0.01219512,False,False
4991,0,Returning_Visitor,2,May,False,41,1705.04166700,21至49,高,0.00454546,0.02398268,False,False
2924,0,Returning_Visitor,6,May,False,41,1678.73333300,21至49,高,0.01000000,0.01333333,False,False
3507,0,Returning_Visitor,4,May,True,41,1652.75000000,21至49,高,0.01363636,0.03511905,False,False
5630,0,Returning_Visitor,4,Aug,True,41,1556.52333300,21至49,高,0.00568182,0.01287879,False,False
432,0,Returning_Visitor,1,Mar,True,41,1546.50000000,21至49,高,0.00000000,0.00833333,False,False
2017,0,Returning_Visitor,2,Mar,False,41,1490.55277800,21至49,高,0.00000000,0.00658915,False,False
3081,0,Returning_Visitor,4,May,False,41,1444.16666700,21至49,高,0.00975610,0.02682927,False,False
9776,0,Returning_Visitor,1,Dec,False,41,1423.83333300,21至49,高,0.00731707,0.03024390,False,False
10040,0,Returning_Visitor,2,Dec,False,41,1383.66111100,21至49,高,0.00279070,0.01143639,False,False
12043,0,Returning_Visitor,2,Dec,True,41,1355.48333300,21至49,高,0.00000000,0.00714286,False,False
5835,0,Returning_Visitor,2,Oct,False,41,1321.32222200,21至49,高,0.00000000,0.02142857,False,False
878,0,Returning_Visitor,1,Mar,False,41,1284.66349200,21至49,高,0.01632653,0.03265306,False,False
7936,0,Returning_Visitor,3,Nov,True,41,1275.26927000,21至49,高,0.00000000,0.01346174,False,False
743,0,Returning_Visitor,13,Mar,False,41,1202.90476200,21至49,高,0.01152993,0.03325203,False,False
6770,0,Returning_Visitor,2,Oct,False,41,1194.98813200,21至49,高,0.00000000,0.01804348,False,False
4438,0,Returning_Visitor,4,May,False,41,1193.33333300,21至49,高,0.00097561,0.01804878,False,False
1990,0,Returning_Visitor,2,Mar,False,41,1182.10616200,21至49,高,0.00000000,0.01848584,False,False
5095,0,Returning_Visitor,2,May,True,41,1135.86071400,21至49,高,0.00000000,0.02587607,False,False
11955,0,Returning_Visitor,2,Nov,False,41,1119.54166700,21至49,高,0.00975610,0.03565621,False,False
11506,0,Returning_Visitor,1,Nov,False,40,3998.33333300,21至49,高,0.00243902,0.04186992,False,False
4174,0,Returning_Visitor,4,May,False,40,3970.70000000,21至49,高,0.00555556,0.02038159,False,False
9936,0,Returning_Visitor,2,Dec,True,40,3789.58333300,21至49,高,0.00000000,0.02317073,False,False
11142,0,Returning_Visitor,10,Nov,False,40,3675.50000000,21至49,高,0.00000000,0.01666667,False,False
4708,0,Returning_Visitor,6,May,False,40,2872.91666700,21至49,高,0.00000000,0.01196581,False,False
5975,0,Returning_Visitor,2,Jul,True,40,2731.50000000,21至49,高,0.00000000,0.01235772,False,False
11526,0,Returning_Visitor,11,Nov,False,40,2426.26666700,21至49,高,0.00487805,0.02296748,False,False
10979,0,Returning_Visitor,3,Nov,True,40,2128.41666700,21至49,高,0.00476191,0.01904762,False,False
2894,0,Returning_Visitor,2,May,False,40,1783.25000000,21至49,高,0.00833333,0.02641667,False,False
1879,0,Returning_Visitor,1,Mar,True,40,1589.27381000,21至49,高,0.00000000,0.02076720,False,False
1229,0,Returning_Visitor,2,Mar,False,40,1530.24848500,21至49,高,0.00512821,0.02979582,False,False
10937,0,Returning_Visitor,10,Nov,True,40,1473.65833300,21至49,高,0.00000000,0.03115385,False,False
12280,0,Returning_Visitor,8,Nov,True,40,1445.84090900,21至49,高,0.00382775,0.03219298,False,False
4748,0,Returning_Visitor,6,May,False,40,1411.83333300,21至49,高,0.00000000,0.00128205,False,False
10230,0,Returning_Visitor,1,Nov,False,40,1385.66666700,21至49,高,0.00500000,0.02250000,False,False
566,0,Returning_Visitor,3,Mar,True,40,1361.16666700,21至49,高,0.00500000,0.02250000,False,False
10802,0,Returning_Visitor,2,Dec,False,40,1358.87415200,21至49,高,0.01657143,0.01975824,False,False
10690,0,Returning_Visitor,2,Dec,True,40,1352.83333300,21至49,高,0.00200000,0.01573333,False,False
1496,0,Returning_Visitor,3,Mar,True,40,1337.84279400,21至49,高,0.00869565,0.02230451,False,False
7283,0,Returning_Visitor,1,Sep,False,40,1296.91614400,21至49,高,0.00000000,0.02263492,False,False
1729,0,Returning_Visitor,2,Mar,False,40,1209.80299200,21至49,高,0.00487805,0.01624838,False,False
9382,0,Returning_Visitor,3,Nov,False,40,1202.91666700,21至49,高,0.01581395,0.04860465,False,False
4817,0,Returning_Visitor,11,May,False,40,1190.40000000,21至49,高,0.00000000,0.01231884,False,False
9212,0,Returning_Visitor,2,Nov,False,40,1186.14166700,21至49,高,0.00000000,0.01382114,False,False
10027,0,Returning_Visitor,2,Dec,True,40,1159.56710000,21至49,高,0.00000000,0.01632411,False,False
8506,0,Returning_Visitor,2,Dec,False,40,1123.05082400,21至49,高,0.00868056,0.02469577,False,False
11931,0,Returning_Visitor,2,Nov,False,40,1121.41666700,21至49,高,0.00000000,0.02219512,False,False
2699,0,Returning_Visitor,2,May,False,40,1111.24517500,21至49,高,0.01475000,0.02042909,False,False
9561,0,Returning_Visitor,1,Nov,False,39,4022.00000000,21至49,高,0.00000000,0.03418803,False,False
5260,0,Returning_Visitor,3,May,False,39,3413.83333300,21至49,高,0.00512821,0.02820513,False,False
4949,0,Returning_Visitor,4,May,False,39,2827.42857100,21至49,高,0.00000000,0.01578947,False,False
1541,0,Returning_Visitor,10,Mar,False,39,2808.66666700,21至49,高,0.00000000,0.01025641,False,False
3522,0,Returning_Visitor,13,May,False,39,2666.00000000,21至49,高,0.01538462,0.04615385,False,False
3243,0,Returning_Visitor,4,May,False,39,2643.33333300,21至49,高,0.00000000,0.01282051,False,False
8912,0,Returning_Visitor,10,Nov,False,39,2558.50000000,21至49,高,0.00000000,0.01081081,False,False
10379,0,Returning_Visitor,2,Dec,False,39,2555.99444400,21至49,高,0.00526316,0.00566802,False,False
10622,0,Returning_Visitor,2,Nov,False,39,2310.08333300,21至49,高,0.00576923,0.02702758,False,False
7080,0,Returning_Visitor,1,Sep,False,39,2251.11666700,21至49,高,0.00681818,0.02088745,False,False
6711,0,Returning_Visitor,2,Oct,False,39,2237.77500000,21至49,高,0.00476191,0.01285714,False,False
9252,0,Returning_Visitor,2,Dec,False,39,2207.75714300,21至49,高,0.00975610,0.02357724,False,False
614,0,Returning_Visitor,2,Mar,False,39,1936.55000000,21至49,高,0.00476191,0.02380952,False,False
4881,0,Returning_Visitor,1,May,False,39,1905.15238100,21至49,高,0.00500000,0.01645833,False,False
5725,0,Returning_Visitor,2,Nov,False,39,1867.03333300,21至49,高,0.00000000,0.02051282,False,False
9979,0,Returning_Visitor,2,Dec,False,39,1858.83333300,21至49,高,0.00151515,0.01181818,False,False
8474,0,Returning_Visitor,2,Dec,True,39,1779.88690500,21至49,高,0.01025641,0.02897269,False,False
1630,0,Returning_Visitor,1,Mar,False,39,1750.33333300,21至49,高,0.00000000,0.00869565,False,False
3753,0,Returning_Visitor,13,May,False,39,1721.87272500,21至49,高,0.00974026,0.01906614,False,False
7313,0,Returning_Visitor,2,June,True,39,1706.11969700,21至49,高,0.01036585,0.03037166,False,False
4208,0,Returning_Visitor,2,May,False,39,1634.09523800,21至49,高,0.00000000,0.01111111,False,False
5208,0,Returning_Visitor,3,May,False,39,1603.50000000,21至49,高,0.00500000,0.01156250,False,False
3685,0,Returning_Visitor,4,May,False,39,1584.04444400,21至49,高,0.00000000,0.01674419,False,False
12170,0,Returning_Visitor,2,Dec,True,39,1570.79166700,21至49,高,0.00952381,0.01115646,False,False
7130,0,Returning_Visitor,2,Nov,False,39,1526.21333300,21至49,高,0.00465116,0.01472868,False,False
348,0,Returning_Visitor,3,Mar,False,39,1513.56666700,21至49,高,0.00512821,0.02136752,False,False
3683,0,Returning_Visitor,2,May,True,39,1501.33333300,21至49,高,0.00000000,0.00975610,False,False
6981,0,Returning_Visitor,3,June,False,39,1429.50111100,21至49,高,0.00526316,0.01894737,False,False
10058,0,Returning_Visitor,2,Nov,False,39,1426.58333300,21至49,高,0.00000000,0.02073171,False,False
9527,0,Returning_Visitor,2,Nov,False,39,1406.95000000,21至49,高,0.01533101,0.03956223,False,False
4609,0,Returning_Visitor,4,May,False,39,1379.50000000,21至49,高,0.00634921,0.02777778,False,False
7263,0,Returning_Visitor,4,Jul,False,39,1348.45000000,21至49,高,0.01025641,0.02039072,False,False
6326,0,Returning_Visitor,4,Oct,False,39,1324.85000000,21至49,高,0.00000000,0.01627907,False,False
6226,0,Returning_Visitor,4,Aug,False,39,1321.85333300,21至49,高,0.00952381,0.01825397,False,False
10553,0,Returning_Visitor,1,Nov,False,39,1299.50000000,21至49,高,0.00487805,0.02113821,False,False
6020,0,Returning_Visitor,20,Nov,True,39,1294.59960300,21至49,高,0.00270270,0.01156839,False,False
5698,0,Returning_Visitor,4,Nov,False,39,1267.45333300,21至49,高,0.00476191,0.02063492,False,False
8691,0,Returning_Visitor,1,Nov,True,39,1208.33333300,21至49,高,0.00000000,0.01025641,False,False
5079,0,Returning_Visitor,1,May,False,39,1183.50000000,21至49,高,0.01282051,0.03333333,False,False
10221,0,Returning_Visitor,2,Nov,False,39,1177.29166700,21至49,高,0.00256410,0.01965812,False,False
10868,0,Returning_Visitor,2,Nov,False,39,1174.66666700,21至49,高,0.01000000,0.04083333,False,False
12306,0,Returning_Visitor,3,Nov,False,39,1168.61984100,21至49,高,0.00000000,0.00906445,False,False
11861,0,Returning_Visitor,1,Dec,True,39,1157.41666700,21至49,高,0.01083333,0.04571429,False,False
996,0,Returning_Visitor,3,Mar,False,39,1152.50000000,21至49,高,0.01196581,0.01780220,False,False
11388,0,Returning_Visitor,13,Nov,False,39,1118.83333300,21至49,高,0.00540541,0.01909910,False,False
7008,0,Returning_Visitor,2,Sep,False,39,1110.96666700,21至49,高,0.00425532,0.01099291,False,False
3039,0,Returning_Visitor,1,May,False,39,1101.33333300,21至49,高,0.00952381,0.04126984,False,False
11974,0,Returning_Visitor,2,Dec,False,38,3779.44444400,21至49,高,0.00000000,0.02814992,False,False
9466,0,Returning_Visitor,2,Dec,False,38,2666.06666700,21至49,高,0.00227273,0.01657648,False,False
101,0,Returning_Visitor,2,Feb,False,38,2635.17777800,21至49,高,0.00000000,0.00894737,False,False
8626,0,Returning_Visitor,2,Dec,False,38,2533.00833300,21至49,高,0.00000000,0.02619048,False,False
6083,0,Returning_Visitor,2,Jul,False,38,2436.60553400,21至49,高,0.00000000,0.03589514,False,False
10809,0,Returning_Visitor,2,Nov,False,38,2370.72916700,21至49,高,0.01538462,0.03043393,False,False
3620,0,Returning_Visitor,3,May,False,38,2311.09090900,21至49,高,0.00465116,0.02286822,False,False
2850,0,Returning_Visitor,3,May,False,38,2259.53333300,21至49,高,0.00210526,0.03654971,False,False
5342,0,Returning_Visitor,1,May,False,38,2101.73333300,21至49,高,0.01052632,0.02807017,False,False
7499,0,Returning_Visitor,3,June,False,38,2001.70000000,21至49,高,0.00634250,0.03023256,False,False
9650,0,Returning_Visitor,10,Dec,True,38,1859.38293700,21至49,高,0.00454546,0.00909091,False,False
9038,0,Returning_Visitor,13,Nov,False,38,1806.55833300,21至49,高,0.00512821,0.02649573,False,False
5710,0,Returning_Visitor,1,Aug,False,38,1712.77666700,21至49,高,0.01333333,0.04083333,False,False
11481,0,Returning_Visitor,13,Nov,False,38,1689.70833300,21至49,高,0.01250000,0.02950000,False,False
1076,0,Returning_Visitor,1,Mar,False,38,1663.68333300,21至49,高,0.00540541,0.02297297,False,False
7969,0,Returning_Visitor,3,Oct,False,38,1649.76666700,21至49,高,0.00000000,0.01196581,False,False
4915,0,Returning_Visitor,1,May,True,38,1633.83333300,21至49,高,0.00000000,0.00789474,False,False
4046,0,Returning_Visitor,1,May,False,38,1608.50000000,21至49,高,0.00526316,0.03421053,False,False
9642,0,Returning_Visitor,1,Nov,False,38,1593.58333300,21至49,高,0.00000000,0.01052632,False,False
6008,0,Returning_Visitor,4,Sep,False,38,1570.68181300,21至49,高,0.00598007,0.01572431,False,False
8259,0,Returning_Visitor,2,Nov,False,38,1517.41673900,21至49,高,0.00000000,0.00412281,False,False
3813,0,Returning_Visitor,7,May,False,38,1485.56666700,21至49,高,0.00681818,0.01564935,False,False
5374,0,Returning_Visitor,6,May,True,38,1417.66666700,21至49,高,0.01611722,0.04871795,False,False
3732,0,Returning_Visitor,4,May,False,38,1377.40952400,21至49,高,0.00087719,0.01885965,False,False
423,0,Returning_Visitor,2,Mar,False,38,1372.00000000,21至49,高,0.00540541,0.01891892,False,False
9576,0,Returning_Visitor,2,Nov,True,38,1370.03809500,21至49,高,0.00000000,0.00444444,False,False
9907,0,Returning_Visitor,2,Nov,False,38,1355.36666700,21至49,高,0.00000000,0.00925926,False,False
4556,0,Returning_Visitor,1,May,False,38,1348.70000000,21至49,高,0.00000000,0.02837607,False,False
9316,0,Returning_Visitor,3,Nov,True,38,1338.77857100,21至49,高,0.01111111,0.02453283,False,False
8911,0,Returning_Visitor,2,Nov,False,38,1326.43055600,21至49,高,0.00526316,0.01666667,False,False
5902,0,Returning_Visitor,2,Sep,True,38,1323.09369500,21至49,高,0.00773810,0.01286585,False,False
1544,0,Returning_Visitor,2,Mar,False,38,1272.91666700,21至49,高,0.00487805,0.02013937,False,False
8640,0,Returning_Visitor,3,Dec,False,38,1264.00000000,21至49,高,0.00000000,0.02894737,False,False
11729,0,Returning_Visitor,1,Nov,False,38,1251.93214300,21至49,高,0.00000000,0.01130221,False,False
8061,0,Returning_Visitor,3,Nov,False,38,1185.98627500,21至49,高,0.00000000,0.00950138,False,False
11319,0,Returning_Visitor,6,Nov,False,37,5208.65000000,21至49,高,0.00000000,0.01829932,False,False
7109,0,Returning_Visitor,1,Sep,False,37,4339.36666700,21至49,高,0.00900901,0.03603604,False,False
4750,0,Returning_Visitor,2,May,False,37,3618.01666700,21至49,高,0.00200000,0.03008333,False,False
7654,0,Returning_Visitor,2,Nov,False,37,2767.75333300,21至49,高,0.00555556,0.01500000,False,False
1691,0,Returning_Visitor,1,Mar,True,37,2517.04845900,21至49,高,0.00512821,0.01961538,False,False
752,0,Returning_Visitor,1,Mar,False,37,2419.13333300,21至49,高,0.00789474,0.02324561,False,False
9421,0,Returning_Visitor,2,Nov,False,37,2323.16666700,21至49,高,0.01081081,0.01819820,False,False
10215,0,Returning_Visitor,13,Nov,False,37,2296.25000000,21至49,高,0.00000000,0.01486486,False,False
9802,0,Returning_Visitor,3,Dec,False,37,2152.58888900,21至49,高,0.00108108,0.01774775,False,False
5856,0,Returning_Visitor,2,Jul,False,37,2097.42000000,21至49,高,0.00360360,0.01099099,False,False
11552,0,Returning_Visitor,3,Nov,False,37,1874.84166700,21至49,高,0.00930233,0.01007752,False,False
6915,0,Returning_Visitor,2,Oct,True,37,1722.81428600,21至49,高,0.00102564,0.00799756,False,False
2784,0,Returning_Visitor,2,May,True,37,1683.63333300,21至49,高,0.00000000,0.01726191,False,False
11929,0,Returning_Visitor,10,Nov,True,37,1673.59393900,21至49,高,0.00185185,0.04016204,False,False
8451,0,Returning_Visitor,1,Dec,False,37,1631.41666700,21至49,高,0.00000000,0.00900901,False,False
227,0,Returning_Visitor,1,Mar,False,37,1599.08333300,21至49,高,0.00000000,0.00657895,False,False
7392,0,Returning_Visitor,2,Oct,False,37,1584.77047600,21至49,高,0.00930233,0.02929638,False,False
4120,0,Returning_Visitor,4,May,False,37,1578.00000000,21至49,高,0.00000000,0.01250000,False,False
5536,0,Returning_Visitor,2,Sep,False,37,1553.52381000,21至49,高,0.00512821,0.01025641,False,False
10613,0,Returning_Visitor,1,Dec,False,37,1538.95079400,21至49,高,0.00512821,0.01484848,False,False
6377,0,Returning_Visitor,2,Oct,True,37,1530.00666700,21至49,高,0.00000000,0.00555556,False,False
1488,0,Returning_Visitor,2,Mar,False,37,1500.42254300,21至49,高,0.01463415,0.01533875,False,False
5622,0,Returning_Visitor,4,Sep,False,37,1489.59090900,21至49,高,0.00945946,0.03816999,False,False
6369,0,Returning_Visitor,2,Sep,False,37,1391.10555600,21至49,高,0.00131579,0.01505848,False,False
2884,0,Returning_Visitor,13,May,False,37,1384.38333300,21至49,高,0.00676692,0.03364662,False,False
8238,0,Returning_Visitor,2,Dec,False,37,1369.77500000,21至49,高,0.00000000,0.01481482,False,False
1956,0,Returning_Visitor,1,Mar,False,37,1358.75000000,21至49,高,0.00175439,0.03245614,False,False
8169,0,Returning_Visitor,1,Dec,False,37,1351.90833300,21至49,高,0.00540541,0.01867010,False,False
11384,0,Returning_Visitor,1,Nov,False,37,1336.20833300,21至49,高,0.00975610,0.03902439,False,False
11700,0,Returning_Visitor,2,Nov,False,37,1307.47222200,21至49,高,0.01114983,0.02723577,False,False
2627,0,Returning_Visitor,3,May,False,37,1306.02802200,21至49,高,0.00426357,0.01093918,False,False
3838,0,Returning_Visitor,2,May,False,37,1296.94285700,21至49,高,0.01388889,0.03981482,False,False
1462,0,Returning_Visitor,1,Mar,False,37,1288.53333300,21至49,高,0.00526316,0.02807017,False,False
11004,0,Returning_Visitor,1,Nov,True,37,1269.64583300,21至49,高,0.01419753,0.01203704,False,False
4435,0,Returning_Visitor,2,May,False,37,1238.37500000,21至49,高,0.00540541,0.03051051,False,False
11650,0,Returning_Visitor,3,Dec,False,37,1234.52500000,21至49,高,0.00000000,0.02072072,False,False
1083,0,Returning_Visitor,3,Mar,True,37,1229.76666700,21至49,高,0.00540541,0.01441441,False,False
11254,0,Returning_Visitor,1,Dec,False,37,1209.55833300,21至49,高,0.01666667,0.03338624,False,False
9162,0,Returning_Visitor,2,Nov,True,37,1156.41666700,21至49,高,0.00000000,0.01111111,False,False
1619,0,Returning_Visitor,8,Mar,False,37,1138.50000000,21至49,高,0.00000000,0.01351351,False,False
7115,0,Returning_Visitor,2,Oct,False,37,1123.99333300,21至49,高,0.00069686,0.02264808,False,False
607,0,Returning_Visitor,2,Mar,True,37,1121.20555600,21至49,高,0.00540541,0.00113798,False,False
10568,0,Returning_Visitor,2,Nov,True,37,1118.98702700,21至49,高,0.00325203,0.01895893,False,False
1737,0,Returning_Visitor,2,Mar,True,37,1118.64718600,21至49,高,0.00000000,0.00814815,False,False
6692,0,Returning_Visitor,2,Nov,False,37,1113.89853800,21至49,高,0.01666667,0.03029614,False,False
1130,0,Returning_Visitor,10,Mar,False,37,1096.75000000,21至49,高,0.00000000,0.02017544,False,False
8040,0,Returning_Visitor,2,Nov,False,36,5300.29166700,21至49,高,0.00000000,0.00571429,False,False
3698,0,Returning_Visitor,3,May,False,36,3473.73333300,21至49,高,0.01538462,0.03333333,False,False
4868,0,Returning_Visitor,2,May,True,36,3010.53205100,21至49,高,0.00000000,0.01461988,False,False
5089,0,Returning_Visitor,5,May,True,36,2928.77777800,21至49,高,0.00263158,0.02105263,False,False
4221,0,Returning_Visitor,2,May,False,36,2670.86944400,21至49,高,0.00000000,0.01846154,False,False
7942,0,Returning_Visitor,1,Oct,False,36,2590.80000000,21至49,高,0.00000000,0.02631579,False,False
11472,0,Returning_Visitor,1,Dec,False,36,2590.01666700,21至49,高,0.00000000,0.02095455,False,False
5940,0,Returning_Visitor,2,Nov,False,36,2400.66777800,21至49,高,0.00852713,0.02372093,False,False
5084,0,Returning_Visitor,4,May,False,36,2362.50000000,21至49,高,0.00000000,0.01619048,False,False
8299,0,Returning_Visitor,2,Dec,False,36,2107.58333300,21至49,高,0.01481482,0.03287037,False,False
104,0,Returning_Visitor,3,Feb,False,36,2083.53095200,21至49,高,0.00000000,0.01351025,False,False
8937,0,Returning_Visitor,2,Dec,False,36,2070.32500000,21至49,高,0.00833333,0.03092593,False,False
4270,0,Returning_Visitor,4,May,False,36,1994.50000000,21至49,高,0.01222222,0.02658730,False,False
4944,0,Returning_Visitor,4,May,False,36,1851.83333300,21至49,高,0.00833333,0.04074074,False,False
6179,0,Returning_Visitor,2,Oct,True,36,1826.44166700,21至49,高,0.00731707,0.01260163,False,False
872,0,Returning_Visitor,10,Mar,False,36,1792.80000000,21至49,高,0.00000000,0.00439024,False,False
10022,0,Returning_Visitor,1,Nov,False,36,1751.84772700,21至49,高,0.00526316,0.02368421,False,False
3311,0,Returning_Visitor,1,May,False,36,1720.41666700,21至49,高,0.00000000,0.00995086,False,False
12248,0,Returning_Visitor,13,Dec,False,36,1699.07361100,21至49,高,0.01008772,0.03561404,False,False
9541,0,Returning_Visitor,2,Dec,False,36,1653.39583300,21至49,高,0.00555556,0.02283951,False,False
283,0,Returning_Visitor,3,Mar,False,36,1626.62543300,21至49,高,0.01063830,0.02618625,False,False
9114,0,Returning_Visitor,2,Nov,True,36,1617.61255400,21至49,高,0.01086956,0.02566817,False,False
10562,0,Returning_Visitor,2,Dec,True,36,1604.79166700,21至49,高,0.00000000,0.01271930,False,False
835,0,Returning_Visitor,8,Mar,True,36,1567.96666700,21至49,高,0.00000000,0.00720721,False,False
4235,0,Returning_Visitor,2,May,False,36,1523.41666700,21至49,高,0.01174242,0.01642774,False,False
2588,0,Returning_Visitor,4,May,False,36,1500.38095200,21至49,高,0.01081081,0.01981982,False,False
5149,0,Returning_Visitor,2,May,True,36,1445.60000000,21至49,高,0.00571429,0.03619048,False,False
4425,0,Returning_Visitor,4,May,False,36,1420.54790200,21至49,高,0.01538462,0.04269434,False,False
8404,0,Returning_Visitor,2,Nov,True,36,1388.20000000,21至49,高,0.00555556,0.02777778,False,False
1311,0,Returning_Visitor,1,Mar,True,36,1387.60606100,21至49,高,0.00526316,0.02543860,False,False
4286,0,Returning_Visitor,4,May,False,36,1381.75000000,21至49,高,0.00000000,0.01842105,False,False
9408,0,Returning_Visitor,13,Nov,True,36,1378.16666700,21至49,高,0.00555556,0.02658730,False,False
6568,0,Returning_Visitor,2,Nov,False,36,1335.77333300,21至49,高,0.01428571,0.03448413,False,False
9670,0,Returning_Visitor,2,Nov,False,36,1334.08333300,21至49,高,0.00000000,0.00540541,False,False
1653,0,Returning_Visitor,1,Mar,True,36,1300.19047600,21至49,高,0.01081081,0.03873874,False,False
831,0,Returning_Visitor,6,Mar,False,36,1279.16666700,21至49,高,0.00000000,0.01081081,False,False
5441,0,Returning_Visitor,4,May,False,36,1199.52261900,21至49,高,0.00476191,0.01153439,False,False
3769,0,Returning_Visitor,4,May,True,36,1195.72692300,21至49,高,0.01372549,0.02254902,False,False
7844,0,Returning_Visitor,13,Oct,False,36,1191.61666700,21至49,高,0.01363636,0.02954546,False,False
2481,0,Returning_Visitor,4,May,True,36,1135.16666700,21至49,高,0.00740741,0.04027778,False,False
12027,0,Returning_Visitor,2,Dec,True,36,1110.66666700,21至49,高,0.00540541,0.03558559,False,False
2310,0,Returning_Visitor,2,May,False,36,1100.91666700,21至49,高,0.00769231,0.01526252,False,False
5371,0,Returning_Visitor,4,May,False,36,1093.15476200,21至49,高,0.00000000,0.00142857,False,False
9847,0,Returning_Visitor,1,Dec,True,35,5999.80833300,21至49,高,0.00540541,0.02720721,False,False
288,0,Returning_Visitor,1,Mar,False,35,3324.33333300,21至49,高,0.01142857,0.02476191,False,False
11912,0,Returning_Visitor,2,Nov,True,35,2994.82738100,21至49,高,0.00000000,0.01969697,False,False
9966,0,Returning_Visitor,2,Nov,False,35,2381.09722200,21至49,高,0.00571429,0.02195918,False,False
6163,0,Returning_Visitor,3,Nov,False,35,2239.50285700,21至49,高,0.01083333,0.02433333,False,False
5454,0,Returning_Visitor,2,May,False,35,2072.66666700,21至49,高,0.00720721,0.03108108,False,False
2018,0,Returning_Visitor,2,Mar,False,35,1988.65833300,21至49,高,0.00894309,0.03066202,False,False
4622,0,Returning_Visitor,2,May,False,35,1977.05000000,21至49,高,0.00526316,0.01491228,False,False
849,0,Returning_Visitor,2,Mar,False,35,1974.35238100,21至49,高,0.00476191,0.01886621,False,False
7332,0,Returning_Visitor,2,Aug,False,35,1941.06666700,21至49,高,0.01255814,0.02917153,False,False
1514,0,Returning_Visitor,1,Mar,True,35,1928.00000000,21至49,高,0.00833333,0.02361111,False,False
9817,0,Returning_Visitor,10,Dec,True,35,1907.13541700,21至49,高,0.00694444,0.02199346,False,False
6665,0,Returning_Visitor,3,Nov,False,35,1795.92500000,21至49,高,0.00000000,0.01000000,False,False
11528,0,Returning_Visitor,1,Dec,False,35,1776.08333300,21至49,高,0.00000000,0.01142857,False,False
5224,0,Returning_Visitor,4,May,False,35,1742.88333300,21至49,高,0.01142857,0.04114286,False,False
3490,0,Returning_Visitor,4,May,False,35,1643.33333300,21至49,高,0.01052632,0.03157895,False,False
9378,0,Returning_Visitor,2,Nov,True,35,1621.76666700,21至49,高,0.00789474,0.04013158,False,False
4998,0,Returning_Visitor,3,May,False,35,1557.16666700,21至49,高,0.00555556,0.02407407,False,False
1783,0,Returning_Visitor,2,Mar,True,35,1549.85714300,21至49,高,0.00526316,0.01921053,False,False
4231,0,Returning_Visitor,3,May,False,35,1386.63333300,21至49,高,0.01025641,0.01487180,False,False
2895,0,Returning_Visitor,2,May,True,35,1384.53333300,21至49,高,0.00175439,0.01688596,False,False
1449,0,Returning_Visitor,2,Mar,False,35,1373.46471900,21至49,高,0.00155039,0.01814893,False,False
9852,0,Returning_Visitor,11,Nov,True,35,1359.77142900,21至49,高,0.00476191,0.01861111,False,False
5600,0,Returning_Visitor,13,Oct,False,35,1356.86666700,21至49,高,0.00000000,0.01052632,False,False
875,0,Returning_Visitor,2,Mar,True,35,1334.55137100,21至49,高,0.00000000,0.00730958,False,False
10224,0,Returning_Visitor,3,Nov,False,35,1330.66666700,21至49,高,0.00588235,0.01470588,False,False
3920,0,Returning_Visitor,4,May,True,35,1295.91666700,21至49,高,0.00416667,0.02361111,False,False
315,0,Returning_Visitor,2,Mar,False,35,1276.15707100,21至49,高,0.00000000,0.00868176,False,False
8450,0,Returning_Visitor,10,Dec,True,35,1267.06250000,21至49,高,0.00555556,0.02129630,False,False
589,0,Returning_Visitor,1,Mar,False,35,1231.16025600,21至49,高,0.00571429,0.02361905,False,False
9111,0,Returning_Visitor,2,Dec,False,35,1197.93254000,21至49,高,0.00000000,0.02029036,False,False
218,0,Returning_Visitor,2,Mar,False,35,1192.38611100,21至49,高,0.00571429,0.02857143,False,False
6236,0,Returning_Visitor,2,Jul,False,35,1126.66666700,21至49,高,0.00000000,0.00595238,False,False
9489,0,Returning_Visitor,8,Nov,True,35,1092.35416700,21至49,高,0.00507400,0.03493583,False,False
789,0,Returning_Visitor,2,Mar,True,35,1090.49047600,21至49,高,0.01367521,0.01689255,False,False
2218,0,Returning_Visitor,2,May,False,34,4656.80036600,21至49,高,0.00630631,0.03843844,False,False
2665,0,Returning_Visitor,2,May,False,34,3195.82857100,21至49,高,0.00256410,0.01589744,False,False
8835,0,Returning_Visitor,1,Dec,False,34,2991.31944400,21至49,高,0.00555556,0.02611111,False,False
11770,0,Returning_Visitor,2,Nov,False,34,2719.52597400,21至49,高,0.01644788,0.02999269,False,False
1884,0,Returning_Visitor,3,Mar,False,34,2600.25833300,21至49,高,0.01111111,0.03746439,False,False
5943,0,Returning_Visitor,2,Oct,False,34,2256.74954000,21至49,高,0.00000000,0.00025044,False,False
4749,0,Returning_Visitor,4,May,False,34,2240.16666700,21至49,高,0.01354167,0.03489583,False,False
595,0,Returning_Visitor,1,Mar,False,34,2161.97936500,21至49,高,0.00625000,0.02023359,False,False
5223,0,Returning_Visitor,4,May,True,34,2141.40000000,21至49,高,0.00540541,0.02162162,False,False
10799,0,Returning_Visitor,3,Nov,False,34,1767.40000000,21至49,高,0.01151515,0.03900433,False,False
4550,0,Returning_Visitor,1,May,False,34,1644.85714300,21至49,高,0.00500000,0.02650000,False,False
1510,0,Returning_Visitor,2,Mar,False,34,1588.66666700,21至49,高,0.00000000,0.01380070,False,False
8770,0,Returning_Visitor,3,Nov,True,34,1573.89583300,21至49,高,0.01500000,0.01905556,False,False
3475,0,Returning_Visitor,3,May,False,34,1540.75000000,21至49,高,0.00487805,0.02439024,False,False
545,0,Returning_Visitor,2,Mar,False,34,1469.70238100,21至49,高,0.00000000,0.02398374,False,False
6738,0,Returning_Visitor,2,Nov,False,34,1463.80000000,21至49,高,0.00606061,0.00757576,False,False
9371,0,Returning_Visitor,2,Nov,False,34,1367.00000000,21至49,高,0.00000000,0.00196078,False,False
5010,0,Returning_Visitor,2,May,False,34,1352.81650300,21至49,高,0.00940650,0.03398802,False,False
4264,0,Returning_Visitor,2,May,False,34,1345.75595200,21至49,高,0.00512821,0.01334195,False,False
3953,0,Returning_Visitor,2,May,False,34,1337.24545500,21至49,高,0.01375000,0.02421429,False,False
2765,0,Returning_Visitor,4,May,False,34,1266.33333300,21至49,高,0.00588235,0.02647059,False,False
11367,0,Returning_Visitor,8,Nov,False,34,1189.05357100,21至49,高,0.00084034,0.02777778,False,False
4154,0,Returning_Visitor,4,May,False,34,1159.66666700,21至49,高,0.00571429,0.01914286,False,False
11407,0,Returning_Visitor,2,Nov,False,33,4931.19891200,21至49,高,0.01666667,0.02823513,False,False
969,0,Returning_Visitor,1,Mar,True,33,3506.16666700,21至49,高,0.00000000,0.02500000,False,False
9025,0,Returning_Visitor,2,Nov,False,33,2861.96666700,21至49,高,0.00000000,0.03437500,False,False
10120,0,Returning_Visitor,1,Dec,False,33,2714.95833300,21至49,高,0.00000000,0.02000000,False,False
9809,0,Returning_Visitor,2,Dec,False,33,2270.75000000,21至49,高,0.00000000,0.01084034,False,False
8209,0,Returning_Visitor,6,Nov,False,33,2193.54166700,21至49,高,0.00000000,0.00860215,False,False
3234,0,Returning_Visitor,3,May,False,33,2081.50000000,21至49,高,0.00000000,0.01714286,False,False
10473,0,Returning_Visitor,1,Nov,False,33,2032.59970200,21至49,高,0.00000000,0.02047693,False,False
11586,0,Returning_Visitor,11,Nov,False,33,2002.81428100,21至49,高,0.00000000,0.02956657,False,False
7465,0,Returning_Visitor,2,Jul,False,33,1985.93333300,21至49,高,0.00000000,0.02969697,False,False
512,0,Returning_Visitor,2,Mar,False,33,1946.94285700,21至49,高,0.00588235,0.02060265,False,False
6218,0,Returning_Visitor,13,Aug,False,33,1932.71666700,21至49,高,0.00000000,0.02519608,False,False
4442,0,Returning_Visitor,11,May,False,33,1930.33333300,21至49,高,0.01222222,0.03907407,False,False
4969,0,Returning_Visitor,2,May,False,33,1847.21190500,21至49,高,0.00000000,0.00783041,False,False
2133,0,Returning_Visitor,4,May,True,33,1801.37142900,21至49,高,0.00550000,0.04041562,False,False
2819,0,Returning_Visitor,1,May,False,33,1703.32142900,21至49,高,0.00000000,0.04242424,False,False
4249,0,Returning_Visitor,2,May,False,33,1606.83181800,21至49,高,0.00000000,0.02661913,False,False
1637,0,Returning_Visitor,1,Mar,True,33,1593.38888900,21至49,高,0.01142857,0.03151515,False,False
3537,0,Returning_Visitor,5,May,True,33,1564.17381000,21至49,高,0.00625000,0.00350694,False,False
1529,0,Returning_Visitor,2,Mar,True,33,1540.58333300,21至49,高,0.00000000,0.01547619,False,False
11578,0,Returning_Visitor,1,Dec,True,33,1477.73467600,21至49,高,0.00000000,0.01897059,False,False
8509,0,Returning_Visitor,2,Nov,True,33,1475.25416700,21至49,高,0.00000000,0.01553030,False,False
12132,0,Returning_Visitor,2,Dec,True,33,1467.65422100,21至49,高,0.00800000,0.02303846,False,False
7560,0,Returning_Visitor,4,Oct,True,33,1454.75000000,21至49,高,0.00476191,0.00968254,False,False
12075,0,Returning_Visitor,1,Dec,False,33,1440.93333300,21至49,高,0.01142857,0.02721088,False,False
9166,0,Returning_Visitor,10,Nov,True,33,1356.45833300,21至49,高,0.00000000,0.02083333,False,False
4167,0,Returning_Visitor,4,May,False,33,1324.61666700,21至49,高,0.00967742,0.04387097,False,False
1940,0,Returning_Visitor,2,Mar,True,33,1274.19047600,21至49,高,0.00571429,0.00928571,False,False
7156,0,Returning_Visitor,1,Aug,False,33,1148.33333300,21至49,高,0.00000000,0.02083333,False,False
2667,0,Returning_Visitor,1,May,True,33,1143.65714300,21至49,高,0.00000000,0.01588889,False,False
8006,0,Returning_Visitor,1,Dec,False,33,1132.79166700,21至49,高,0.00909091,0.04747475,False,False
1539,0,Returning_Visitor,13,Mar,False,33,1123.24285700,21至49,高,0.00606061,0.02196970,False,False
371,0,Returning_Visitor,1,Mar,False,33,1109.88333300,21至49,高,0.01388889,0.02774216,False,False
4515,0,Returning_Visitor,4,May,False,32,3837.50000000,21至49,高,0.00000000,0.00625000,False,False
2243,0,Returning_Visitor,2,May,False,32,3121.55555600,21至49,高,0.00925926,0.03675926,False,False
9913,0,Returning_Visitor,3,Nov,True,32,2632.70000000,21至49,高,0.00625000,0.01354167,False,False
7946,0,Returning_Visitor,7,Nov,False,32,2479.34285700,21至49,高,0.00000000,0.01096774,False,False
12038,0,Returning_Visitor,2,Nov,False,32,2371.12222200,21至49,高,0.00000000,0.01290323,False,False
11277,0,Returning_Visitor,2,Nov,False,32,2258.17500000,21至49,高,0.00000000,0.02571429,False,False
6511,0,Returning_Visitor,1,Jul,False,32,2230.60047600,21至49,高,0.01250000,0.02312500,False,False
11364,0,Returning_Visitor,1,Dec,False,32,2180.93333300,21至49,高,0.00625000,0.03229167,False,False
9504,0,Returning_Visitor,1,Dec,True,32,2092.50000000,21至49,高,0.01052632,0.02631579,False,False
7370,0,Returning_Visitor,1,Oct,False,32,2026.20000000,21至49,高,0.00000000,0.02941176,False,False
575,0,Returning_Visitor,1,Mar,False,32,1929.32976200,21至49,高,0.00000000,0.00430839,False,False
1903,0,Returning_Visitor,10,Mar,False,32,1916.63333300,21至49,高,0.01562500,0.02656250,False,False
7502,0,Returning_Visitor,2,Aug,False,32,1870.96666700,21至49,高,0.00000000,0.03703704,False,False
4472,0,Returning_Visitor,3,May,False,32,1723.75000000,21至49,高,0.00666667,0.02666667,False,False
7135,0,Returning_Visitor,2,Aug,True,32,1718.38777800,21至49,高,0.00476191,0.01038961,False,False
2371,0,Returning_Visitor,2,May,False,32,1671.25739300,21至49,高,0.00555556,0.01719577,False,False
8420,0,Returning_Visitor,10,Nov,False,32,1658.12500000,21至49,高,0.00000000,0.01479167,False,False
11911,0,Returning_Visitor,1,Dec,False,32,1589.62500000,21至49,高,0.00000000,0.01290323,False,False
9100,0,Returning_Visitor,1,Dec,False,32,1547.62500000,21至49,高,0.00000000,0.01315789,False,False
10912,0,Returning_Visitor,1,Nov,True,32,1493.95833300,21至49,高,0.00000000,0.02096774,False,False
1370,0,Returning_Visitor,3,Mar,True,32,1480.66666700,21至49,高,0.00000000,0.00685714,False,False
844,0,Returning_Visitor,1,Mar,False,32,1420.25000000,21至49,高,0.00625000,0.02708333,False,False
11945,0,Returning_Visitor,6,Nov,True,32,1375.80000000,21至49,高,0.01612903,0.04193548,False,False
1748,0,Returning_Visitor,8,Mar,True,32,1350.39166700,21至49,高,0.00000000,0.01787755,False,False
8498,0,Returning_Visitor,2,Dec,False,32,1249.86614400,21至49,高,0.00550000,0.02577466,False,False
5214,0,Returning_Visitor,6,May,False,32,1227.04722200,21至49,高,0.00588235,0.01578729,False,False
3765,0,Returning_Visitor,2,May,True,32,1205.58333300,21至49,高,0.00645161,0.01075269,False,False
27,0,Returning_Visitor,3,Feb,False,32,1135.44444400,21至49,高,0.00285714,0.00952381,False,False
3164,0,Returning_Visitor,3,May,True,32,1130.84697000,21至49,高,0.01470588,0.01806184,False,False
11454,0,Returning_Visitor,2,Dec,True,32,1109.08333300,21至49,高,0.00125000,0.01937500,False,False
5825,0,Returning_Visitor,1,Jul,False,32,1092.18333300,21至49,高,0.00000000,0.00625000,False,False
471,0,Returning_Visitor,2,Mar,False,31,4547.16666700,21至49,高,0.01290323,0.03924731,False,False
11070,0,Returning_Visitor,1,Dec,False,31,4374.41666700,21至49,高,0.01176471,0.02509804,False,False
735,0,Returning_Visitor,1,Mar,True,31,3121.36904800,21至49,高,0.00285714,0.00928571,False,False
1347,0,Returning_Visitor,1,Mar,False,31,2905.94365100,21至49,高,0.00000000,0.01021505,False,False
3782,0,Returning_Visitor,5,May,True,31,2725.00000000,21至49,高,0.01090909,0.01748252,False,False
4669,0,Returning_Visitor,2,May,False,31,2543.50000000,21至49,高,0.00000000,0.00666667,False,False
1875,0,Returning_Visitor,2,Mar,False,31,2372.33333300,21至49,高,0.00000000,0.01294118,False,False
6425,0,Returning_Visitor,1,Nov,False,31,2285.20000000,21至49,高,0.00645161,0.04516129,False,False
11949,0,Returning_Visitor,3,Nov,False,31,2221.00000000,21至49,高,0.00285714,0.01047619,False,False
10141,0,Returning_Visitor,2,Nov,True,31,1998.25000000,21至49,高,0.01010101,0.03737374,False,False
8255,0,Returning_Visitor,2,Nov,False,31,1875.16944400,21至49,高,0.00000000,0.02532468,False,False
441,0,Returning_Visitor,2,Mar,True,31,1759.41666700,21至49,高,0.00000000,0.00290323,False,False
9400,0,Returning_Visitor,2,Dec,False,31,1629.64166700,21至49,高,0.00000000,0.02606313,False,False
9198,0,Returning_Visitor,2,Dec,False,31,1622.88333300,21至49,高,0.00540541,0.01748840,False,False
9284,0,Returning_Visitor,1,Dec,False,31,1592.23333300,21至49,高,0.00000000,0.01157407,False,False
10077,0,Returning_Visitor,2,Nov,False,31,1586.15476200,21至49,高,0.01666667,0.03733413,False,False
8894,0,Returning_Visitor,1,Dec,False,31,1574.37500000,21至49,高,0.00000000,0.02258064,False,False
3396,0,Returning_Visitor,2,May,False,31,1552.88333300,21至49,高,0.00000000,0.00833333,False,False
4775,0,Returning_Visitor,2,May,False,31,1539.79166700,21至49,高,0.00000000,0.01172840,False,False
9714,0,Returning_Visitor,2,Nov,False,31,1363.70000000,21至49,高,0.01111111,0.02783069,False,False
8748,0,Returning_Visitor,2,Dec,False,31,1359.95758600,21至49,高,0.00161290,0.00365591,False,False
2075,0,Returning_Visitor,2,Mar,False,31,1350.50000000,21至49,高,0.00645161,0.01612903,False,False
12228,0,Returning_Visitor,2,Dec,False,31,1350.25833300,21至49,高,0.01290323,0.02387097,False,False
1838,0,Returning_Visitor,2,Mar,False,31,1300.72898700,21至49,高,0.00055556,0.02151110,False,False
10807,0,Returning_Visitor,2,Nov,True,31,1297.46428600,21至49,高,0.00000000,0.01801075,False,False
7348,0,Returning_Visitor,2,Sep,True,31,1279.80666700,21至49,高,0.00685714,0.02952381,False,False
10943,0,Returning_Visitor,2,Dec,False,31,1263.90000000,21至49,高,0.00000000,0.00911111,False,False
2626,0,Returning_Visitor,13,May,False,31,1239.08333300,21至49,高,0.00666667,0.02000000,False,False
4959,0,Returning_Visitor,4,May,False,31,1189.33333300,21至49,高,0.00000000,0.03118280,False,False
7364,0,Returning_Visitor,1,Nov,True,31,1157.44483300,21至49,高,0.00569801,0.02881889,False,False
9606,0,Returning_Visitor,2,Nov,False,31,1126.25000000,21至49,高,0.00000000,0.02424242,False,False
6424,0,Returning_Visitor,13,Sep,True,31,1108.65333300,21至49,高,0.00606061,0.01212121,False,False
9197,0,Returning_Visitor,2,Nov,False,30,3815.16666700,21至49,高,0.00000000,0.02620072,False,False
11765,0,Returning_Visitor,2,Nov,False,30,2266.27083300,21至49,高,0.00526316,0.02987469,False,False
1064,0,Returning_Visitor,3,Mar,True,30,2264.33333300,21至49,高,0.00000000,0.01041667,False,False
4379,0,Returning_Visitor,2,May,False,30,1956.02222200,21至49,高,0.00308390,0.02290735,False,False
5353,0,Returning_Visitor,2,May,False,30,1906.47619000,21至49,高,0.01149425,0.02493158,False,False
10001,0,Returning_Visitor,2,Dec,True,30,1895.13333300,21至49,高,0.00540541,0.01118619,False,False
8387,0,Returning_Visitor,13,Nov,False,30,1862.33333300,21至49,高,0.00000000,0.02643678,False,False
1845,0,Returning_Visitor,3,Mar,False,30,1791.70000000,21至49,高,0.01333333,0.03111111,False,False
1666,0,Returning_Visitor,1,Mar,True,30,1724.25000000,21至49,高,0.01379310,0.03241379,False,False
8955,0,Returning_Visitor,2,Nov,False,30,1671.58333300,21至49,高,0.00000000,0.01935484,False,False
9883,0,Returning_Visitor,2,Dec,False,30,1668.11666700,21至49,高,0.00000000,0.02380952,False,False
3517,0,Returning_Visitor,4,May,True,30,1584.30000000,21至49,高,0.00000000,0.01547619,False,False
5794,0,Returning_Visitor,1,Oct,False,30,1500.21333300,21至49,高,0.00000000,0.00333333,False,False
827,0,Returning_Visitor,3,Mar,False,30,1461.66666700,21至49,高,0.00000000,0.02125000,False,False
9192,0,Returning_Visitor,2,Nov,True,30,1409.53355000,21至49,高,0.00000000,0.02800000,False,False
10593,0,Returning_Visitor,1,Nov,False,30,1383.37500000,21至49,高,0.01414141,0.03939394,False,False
6822,0,Returning_Visitor,1,Sep,False,30,1372.45555600,21至49,高,0.01290323,0.02150538,False,False
8673,0,Returning_Visitor,2,Nov,True,30,1288.73333300,21至49,高,0.00000000,0.01337662,False,False
11486,0,Returning_Visitor,8,Nov,True,30,1285.16666700,21至49,高,0.00275862,0.02266010,False,False
921,0,Returning_Visitor,1,Mar,False,30,1281.00000000,21至49,高,0.00666667,0.02000000,False,False
11948,0,Returning_Visitor,2,Nov,True,30,1254.29523800,21至49,高,0.00666667,0.01466667,False,False
9089,0,Returning_Visitor,2,Nov,False,30,1240.65000000,21至49,高,0.00000000,0.01770833,False,False
2253,0,Returning_Visitor,1,May,False,30,1184.50000000,21至49,高,0.00666667,0.04833333,False,False
4274,0,Returning_Visitor,13,May,False,30,1151.20000000,21至49,高,0.00000000,0.01290323,False,False
8903,0,Returning_Visitor,2,Dec,True,30,1093.17500000,21至49,高,0.01250000,0.02812500,False,False
10759,0,Returning_Visitor,2,Nov,False,30,1089.28571400,21至49,高,0.00000000,0.01295238,False,False
2144,0,Returning_Visitor,2,May,False,29,5198.53333300,21至49,高,0.00000000,0.01989247,False,False
6054,0,Returning_Visitor,5,Sep,True,29,4897.84523800,21至49,高,0.00000000,0.01574074,False,False
10611,0,Returning_Visitor,10,Dec,False,29,3441.43928600,21至49,高,0.00714286,0.00565476,False,False
311,0,Returning_Visitor,13,Mar,False,29,3312.50000000,21至49,高,0.01379310,0.02896552,False,False
8192,0,Returning_Visitor,8,Dec,False,29,3296.65000000,21至49,高,0.00967742,0.02193548,False,False
2447,0,Returning_Visitor,3,May,False,29,3098.03333300,21至49,高,0.00000000,0.02580645,False,False
10522,0,Returning_Visitor,6,Dec,False,29,2999.71666700,21至49,高,0.00000000,0.00595238,False,False
2723,0,Returning_Visitor,4,May,False,29,2841.00000000,21至49,高,0.00000000,0.02413793,False,False
11357,0,Returning_Visitor,10,Dec,False,29,2447.30000000,21至49,高,0.00000000,0.01388889,False,False
9344,0,Returning_Visitor,2,Nov,False,29,2374.50000000,21至49,高,0.00000000,0.00229885,False,False
5103,0,Returning_Visitor,1,May,False,29,2351.05000000,21至49,高,0.00555556,0.01576279,False,False
9085,0,Returning_Visitor,2,Nov,False,29,2209.75000000,21至49,高,0.00000000,0.03505747,False,False
7239,0,Returning_Visitor,13,Oct,False,29,2159.40000000,21至49,高,0.01034483,0.02183908,False,False
7282,0,Returning_Visitor,1,Oct,False,29,2107.03333300,21至49,高,0.00000000,0.02424242,False,False
10322,0,Returning_Visitor,10,Nov,False,29,1978.14881000,21至49,高,0.00190476,0.01622222,False,False
4928,0,Returning_Visitor,6,May,False,29,1846.63547000,21至49,高,0.00689655,0.04014778,False,False
4803,0,Returning_Visitor,13,May,False,29,1816.42727300,21至49,高,0.01145833,0.02088068,False,False
926,0,Returning_Visitor,1,Mar,False,29,1715.68789700,21至49,高,0.01090909,0.02713805,False,False
6039,0,Returning_Visitor,6,Nov,False,29,1618.23333300,21至49,高,0.00000000,0.01620753,False,False
7411,0,Returning_Visitor,2,Nov,False,29,1612.98333300,21至49,高,0.00588235,0.01369748,False,False
5551,0,Returning_Visitor,1,Oct,False,29,1582.53333300,21至49,高,0.00666667,0.02222222,False,False
5806,0,Returning_Visitor,1,Jul,True,29,1514.70333300,21至49,高,0.00500000,0.01134259,False,False
237,0,Returning_Visitor,8,Mar,True,29,1482.21078400,21至49,高,0.00689655,0.01060025,False,False
10011,0,Returning_Visitor,2,Nov,True,29,1433.63492100,21至49,高,0.00806452,0.01893241,False,False
5074,0,Returning_Visitor,13,May,False,29,1412.50000000,21至49,高,0.00714286,0.04642857,False,False
3584,0,Returning_Visitor,3,May,False,29,1397.50000000,21至49,高,0.01155556,0.04619048,False,False
5944,0,Returning_Visitor,1,Oct,False,29,1373.93333300,21至49,高,0.00000000,0.02068966,False,False
7062,0,Returning_Visitor,1,Nov,False,29,1352.97672200,21至49,高,0.01125000,0.02452267,False,False
12085,0,Returning_Visitor,1,Dec,False,29,1347.26666700,21至49,高,0.00000000,0.00885417,False,False
6648,0,Returning_Visitor,2,Aug,True,29,1293.65222200,21至49,高,0.00263158,0.02057017,False,False
7744,0,Returning_Visitor,4,Jul,True,29,1243.97610800,21至49,高,0.00000000,0.00781979,False,False
11090,0,Returning_Visitor,2,Dec,False,29,1233.30776500,21至49,高,0.00914286,0.03247619,False,False
4353,0,Returning_Visitor,2,May,True,29,1219.51666700,21至49,高,0.00000000,0.01513513,False,False
7166,0,Returning_Visitor,4,Jul,False,29,1199.91666700,21至49,高,0.00000000,0.00888889,False,False
5136,0,Returning_Visitor,2,May,False,29,1183.23333300,21至49,高,0.01379310,0.02551724,False,False
11703,0,Returning_Visitor,2,Nov,False,29,1141.17500000,21至49,高,0.01041667,0.02590278,False,False
7058,0,Returning_Visitor,2,Nov,False,29,1107.21666700,21至49,高,0.00606061,0.00670097,False,False
10762,0,Returning_Visitor,3,Nov,False,29,1102.85000000,21至49,高,0.00919540,0.02827586,False,False
508,0,Returning_Visitor,1,Mar,False,29,1089.00000000,21至49,高,0.00689655,0.01379310,False,False
3118,0,Returning_Visitor,11,May,True,28,2778.33333300,21至49,高,0.00714286,0.02380952,False,False
6090,0,Returning_Visitor,5,Oct,False,28,2728.75500000,21至49,高,0.00000000,0.00931373,False,False
244,0,Returning_Visitor,3,Mar,True,28,2389.33333300,21至49,高,0.01666667,0.03083333,False,False
1672,0,Returning_Visitor,3,Mar,True,28,2258.83333300,21至49,高,0.00714286,0.04642857,False,False
4497,0,Returning_Visitor,2,May,False,28,2228.51666700,21至49,高,0.00000000,0.00802469,False,False
5828,0,Returning_Visitor,6,Nov,False,28,2104.57398400,21至49,高,0.00718954,0.03427397,False,False
8136,0,Returning_Visitor,2,Dec,False,28,2076.96666700,21至49,高,0.00384615,0.01794872,False,False
5780,0,Returning_Visitor,2,Oct,False,28,2074.92952400,21至49,高,0.00000000,0.01693548,False,False
2452,0,Returning_Visitor,3,May,False,28,2054.11428600,21至49,高,0.00000000,0.01187755,False,False
8895,0,Returning_Visitor,2,Dec,True,28,1830.58333300,21至49,高,0.01555556,0.01574074,False,False
7795,0,Returning_Visitor,2,Nov,True,28,1576.96666700,21至49,高,0.00000000,0.01845238,False,False
6607,0,Returning_Visitor,2,Nov,False,28,1555.60121200,21至49,高,0.00000000,0.00951128,False,False
225,0,Returning_Visitor,2,Mar,False,28,1529.30467000,21至49,高,0.00148148,0.00915033,False,False
11496,0,Returning_Visitor,2,Nov,False,28,1474.53030300,21至49,高,0.00000000,0.00542929,False,False
8872,0,Returning_Visitor,1,Dec,False,28,1425.58333300,21至49,高,0.01481482,0.02698413,False,False
8504,0,Returning_Visitor,1,Dec,True,28,1421.25000000,21至49,高,0.00459770,0.04022988,False,False
11425,0,Returning_Visitor,1,Nov,False,28,1398.93750000,21至49,高,0.01428571,0.01626984,False,False
2009,0,Returning_Visitor,2,Mar,False,28,1365.21666700,21至49,高,0.00000000,0.01230159,False,False
12061,0,Returning_Visitor,2,Nov,False,28,1344.45833300,21至49,高,0.00714286,0.03238095,False,False
11015,0,Returning_Visitor,3,Dec,False,28,1338.22500000,21至49,高,0.00707071,0.03252525,False,False
2661,0,Returning_Visitor,4,May,True,28,1286.75000000,21至49,高,0.00000000,0.00769231,False,False
11283,0,Returning_Visitor,2,Dec,True,28,1283.75000000,21至49,高,0.01428571,0.02380952,False,False
4785,0,Returning_Visitor,1,May,False,28,1265.75000000,21至49,高,0.00000000,0.02888889,False,False
8787,0,Returning_Visitor,13,Nov,False,28,1252.75000000,21至49,高,0.01071429,0.04285714,False,False
10377,0,Returning_Visitor,3,Nov,False,28,1250.12500000,21至49,高,0.00000000,0.02285714,False,False
3730,0,Returning_Visitor,6,May,False,28,1249.62820500,21至49,高,0.00000000,0.01505376,False,False
11838,0,Returning_Visitor,2,Nov,False,28,1248.05833300,21至49,高,0.01406250,0.02447917,False,False
4671,0,Returning_Visitor,3,May,True,28,1246.12410300,21至49,高,0.00666667,0.02145342,False,False
149,0,Returning_Visitor,3,Feb,False,28,1231.23333300,21至49,高,0.00714286,0.03035714,False,False
1581,0,Returning_Visitor,10,Mar,False,28,1202.00000000,21至49,高,0.00000000,0.01428571,False,False
9531,0,Returning_Visitor,13,Nov,False,27,1883.72500000,21至49,高,0.00000000,0.01904762,False,False
6058,0,Returning_Visitor,3,Sep,False,27,1871.90000000,21至49,高,0.01481482,0.02074074,False,False
693,0,Returning_Visitor,8,Mar,True,27,1802.25000000,21至49,高,0.00606061,0.01177415,False,False
8212,0,Returning_Visitor,2,Dec,False,27,1792.46666700,21至49,高,0.00000000,0.01469428,False,False
5009,0,Returning_Visitor,3,May,False,27,1753.58333300,21至49,高,0.00000000,0.01313131,False,False
5718,0,Returning_Visitor,1,Oct,False,27,1747.70000000,21至49,高,0.00769231,0.02564103,False,False
1816,0,Returning_Visitor,2,Mar,False,27,1686.96666700,21至49,高,0.00645161,0.02350230,False,False
1710,0,Returning_Visitor,2,Mar,False,27,1583.59615400,21至49,高,0.00000000,0.02828283,False,False
6686,0,Returning_Visitor,20,Oct,False,27,1581.48831000,21至49,高,0.00000000,0.01041975,False,False
314,0,Returning_Visitor,1,Mar,False,27,1547.50000000,21至49,高,0.00370370,0.01481482,False,False
2440,0,Returning_Visitor,2,May,False,27,1547.50000000,21至49,高,0.00000000,0.00740741,False,False
7148,0,Returning_Visitor,2,Jul,False,27,1538.05672500,21至49,高,0.01333333,0.03638203,False,False
9230,0,Returning_Visitor,2,Nov,False,27,1491.50000000,21至49,高,0.01396825,0.02132601,False,False
5720,0,Returning_Visitor,1,Oct,True,27,1474.53333300,21至49,高,0.01481482,0.03012346,False,False
4726,0,Returning_Visitor,3,May,False,27,1474.23333300,21至49,高,0.01333333,0.02563492,False,False
618,0,Returning_Visitor,2,Mar,False,27,1400.50000000,21至49,高,0.00000000,0.00714286,False,False
9616,0,Returning_Visitor,2,Nov,True,27,1381.75000000,21至49,高,0.00689655,0.03448276,False,False
7539,0,Returning_Visitor,6,Nov,False,27,1333.80000000,21至49,高,0.01290323,0.02903226,False,False
11242,0,Returning_Visitor,1,Nov,False,27,1316.03571400,21至49,高,0.00000000,0.02222222,False,False
893,0,Returning_Visitor,1,Mar,False,27,1206.00000000,21至49,高,0.01600000,0.03200000,False,False
1080,0,Returning_Visitor,3,Mar,False,27,1199.72575800,21至49,高,0.00740741,0.01691358,False,False
4899,0,Returning_Visitor,4,May,True,27,1192.22619000,21至49,高,0.00000000,0.00160000,False,False
7444,0,Returning_Visitor,5,Nov,False,27,1171.47142900,21至49,高,0.00000000,0.01915205,False,False
10748,0,Returning_Visitor,3,Nov,False,27,1166.68333300,21至49,高,0.01407407,0.02649237,False,False
5055,0,Returning_Visitor,13,May,False,27,1115.75000000,21至49,高,0.01538462,0.03461538,False,False
8227,0,Returning_Visitor,1,Nov,False,27,1109.25000000,21至49,高,0.01379310,0.02413793,False,False
3868,0,Returning_Visitor,6,May,True,26,3242.00000000,21至49,高,0.00555556,0.03138889,False,False
5489,0,Returning_Visitor,2,Sep,False,26,2988.88333300,21至49,高,0.00000000,0.00290323,False,False
1606,0,Returning_Visitor,2,Mar,False,26,2559.89833300,21至49,高,0.01578947,0.01742264,False,False
10597,0,Returning_Visitor,8,Nov,False,26,2553.62500000,21至49,高,0.01538462,0.02948718,False,False
5256,0,Returning_Visitor,3,May,False,26,2351.70000000,21至49,高,0.00800000,0.03466667,False,False
5204,0,Returning_Visitor,3,May,False,26,2259.55000000,21至49,高,0.00196078,0.01568627,False,False
7432,0,Returning_Visitor,6,Jul,False,26,2134.10333300,21至49,高,0.00000000,0.01458333,False,False
10894,0,Returning_Visitor,2,Dec,True,26,2107.25833300,21至49,高,0.00512821,0.03589744,False,False
6610,0,Returning_Visitor,4,Jul,False,26,2021.40000000,21至49,高,0.00769231,0.03076923,False,False
8430,0,Returning_Visitor,2,Nov,True,26,1939.15595200,21至49,高,0.00645161,0.02635236,False,False
4060,0,Returning_Visitor,13,May,False,26,1840.66666700,21至49,高,0.00800000,0.04200000,False,False
4761,0,Returning_Visitor,2,May,True,26,1740.45000000,21至49,高,0.01666667,0.03000000,False,False
1542,0,Returning_Visitor,3,Mar,True,26,1685.26666700,21至49,高,0.00769231,0.03461538,False,False
8382,0,Returning_Visitor,13,Nov,False,26,1657.00000000,21至49,高,0.00740741,0.02098765,False,False
762,0,Returning_Visitor,1,Mar,False,26,1636.01666700,21至49,高,0.00769231,0.02179487,False,False
7559,0,Returning_Visitor,2,Nov,True,26,1629.43809500,21至49,高,0.00000000,0.00493827,False,False
514,0,Returning_Visitor,1,Mar,True,26,1558.00000000,21至49,高,0.00666667,0.01333333,False,False
10023,0,Returning_Visitor,2,Dec,False,26,1435.37500000,21至49,高,0.00000000,0.02083333,False,False
5012,0,Returning_Visitor,13,May,False,26,1380.83333300,21至49,高,0.00000000,0.01805556,False,False
8257,0,Returning_Visitor,1,Dec,True,26,1325.83333300,21至49,高,0.00769231,0.02564103,False,False
9261,0,Returning_Visitor,2,Nov,False,26,1198.02414500,21至49,高,0.00388889,0.03000000,False,False
5549,0,Returning_Visitor,20,Nov,True,26,1114.73333300,21至49,高,0.01538462,0.02609890,False,False
5948,0,Returning_Visitor,1,Aug,False,26,1107.11666700,21至49,高,0.00000000,0.00949051,False,False
3612,0,Returning_Visitor,2,May,False,26,1097.05000000,21至49,高,0.00000000,0.01960591,False,False
3106,0,Returning_Visitor,2,May,False,26,1090.91666700,21至49,高,0.01419355,0.03387097,False,False
2205,0,Returning_Visitor,13,May,True,25,4207.66666700,21至49,高,0.00833333,0.02083333,False,False
1959,0,Returning_Visitor,3,Mar,True,25,3484.23333300,21至49,高,0.00000000,0.02000000,False,False
3088,0,Returning_Visitor,1,May,False,25,2877.50000000,21至49,高,0.00769231,0.03743590,False,False
4512,0,Returning_Visitor,3,May,False,25,2852.00000000,21至49,高,0.01333333,0.04333333,False,False
2973,0,Returning_Visitor,1,May,False,25,2765.20000000,21至49,高,0.00800000,0.01688889,False,False
11267,0,Returning_Visitor,2,Dec,False,25,2466.53333300,21至49,高,0.00740741,0.02888889,False,False
7777,0,Returning_Visitor,2,Oct,False,25,2199.52000000,21至49,高,0.00000000,0.04230769,False,False
2161,0,Returning_Visitor,1,May,False,25,1711.33333300,21至49,高,0.00000000,0.00800000,False,False
344,0,Returning_Visitor,1,Mar,False,25,1690.97777800,21至49,高,0.00800000,0.03733333,False,False
1343,0,Returning_Visitor,10,Mar,False,25,1644.00000000,21至49,高,0.00215054,0.01881720,False,False
3947,0,Returning_Visitor,2,May,False,25,1545.83333300,21至49,高,0.00769231,0.02435897,False,False
1482,0,Returning_Visitor,11,Mar,False,25,1512.52381000,21至49,高,0.00000000,0.02400000,False,False
8809,0,Returning_Visitor,1,Dec,False,25,1400.95833300,21至49,高,0.00000000,0.02901235,False,False
8679,0,Returning_Visitor,1,Nov,True,25,1358.16666700,21至49,高,0.00740741,0.02222222,False,False
8539,0,Returning_Visitor,8,Nov,False,25,1344.29166700,21至49,高,0.00000000,0.00869565,False,False
3219,0,Returning_Visitor,1,May,False,25,1320.50000000,21至49,高,0.00000000,0.03066667,False,False
3033,0,Returning_Visitor,13,May,False,25,1294.18333300,21至49,高,0.01481482,0.02962963,False,False
2868,0,Returning_Visitor,2,May,False,25,1225.85714300,21至49,高,0.01200000,0.04097778,False,False
11800,0,Returning_Visitor,2,Dec,False,25,1222.62500000,21至49,高,0.00000000,0.03500000,False,False
6169,0,Returning_Visitor,1,Oct,False,25,1177.50666700,21至49,高,0.00833333,0.03750000,False,False
3403,0,Returning_Visitor,2,May,False,25,1157.45238100,21至49,高,0.01200000,0.02711111,False,False
2441,0,Returning_Visitor,4,May,False,25,1127.25000000,21至49,高,0.00266667,0.02800000,False,False
9358,0,Returning_Visitor,13,Nov,True,24,3181.50000000,21至49,高,0.00277778,0.02708333,False,False
1821,0,Returning_Visitor,1,Mar,False,24,2244.66666700,21至49,高,0.00800000,0.02800000,False,False
1740,0,Returning_Visitor,1,Mar,False,24,2174.37500000,21至49,高,0.00892857,0.01746032,False,False
6457,0,Returning_Visitor,2,Sep,False,24,2159.50000000,21至49,高,0.00000000,0.02285714,False,False
2601,0,Returning_Visitor,13,May,False,24,2022.25000000,21至49,高,0.00833333,0.04861111,False,False
1556,0,Returning_Visitor,1,Mar,False,24,1762.25000000,21至49,高,0.00833333,0.01666667,False,False
11804,0,Returning_Visitor,2,Nov,False,24,1689.13452400,21至49,高,0.00000000,0.00800000,False,False
3412,0,Returning_Visitor,4,May,False,24,1614.22619000,21至49,高,0.00000000,0.01428571,False,False
7885,0,Returning_Visitor,5,Oct,False,24,1592.53333300,21至49,高,0.00370370,0.01358025,False,False
1249,0,Returning_Visitor,3,Mar,False,24,1571.00000000,21至49,高,0.00000000,0.01666667,False,False
490,0,Returning_Visitor,10,Mar,False,24,1530.19444400,21至49,高,0.00740741,0.01481482,False,False
3775,0,Returning_Visitor,3,May,False,24,1483.33333300,21至49,高,0.00833333,0.02638889,False,False
5842,0,Returning_Visitor,2,Sep,False,24,1476.02142900,21至49,高,0.01304348,0.02437888,False,False
4038,0,Returning_Visitor,4,May,True,24,1365.50000000,21至49,高,0.00277778,0.03000000,False,False
8605,0,Returning_Visitor,1,Nov,False,24,1361.83333300,21至49,高,0.00000000,0.02916667,False,False
8464,0,Returning_Visitor,8,Nov,False,24,1286.50000000,21至49,高,0.00000000,0.01527778,False,False
4084,0,Returning_Visitor,6,May,False,24,1270.16666700,21至49,高,0.01304348,0.01739130,False,False
1917,0,Returning_Visitor,2,Mar,True,24,1268.00000000,21至49,高,0.01250000,0.01527778,False,False
5005,0,Returning_Visitor,6,May,False,24,1244.06666700,21至49,高,0.00800000,0.02800000,False,False
11498,0,Returning_Visitor,6,Dec,False,24,1204.41666700,21至49,高,0.00769231,0.02692308,False,False
3889,0,Returning_Visitor,7,May,False,24,1192.50000000,21至49,高,0.01515152,0.03376068,False,False
1208,0,Returning_Visitor,2,Mar,False,23,7533.27272700,21至49,高,0.00000000,0.00740741,False,False
9729,0,Returning_Visitor,3,Nov,False,23,2420.65000000,21至49,高,0.01304348,0.04782609,False,False
6767,0,Returning_Visitor,3,Aug,False,23,2244.41666700,21至49,高,0.00000000,0.00909091,False,False
9990,0,Returning_Visitor,1,Nov,False,23,2225.28888900,21至49,高,0.00434783,0.02151617,False,False
6458,0,Returning_Visitor,20,Oct,False,23,2128.70456800,21至49,高,0.00571429,0.02042594,False,False
6351,0,Returning_Visitor,2,Aug,False,23,1954.40000000,21至49,高,0.00000000,0.00666667,False,False
11728,0,Returning_Visitor,1,Nov,False,23,1919.55000000,21至49,高,0.00869565,0.03188406,False,False
6838,0,Returning_Visitor,2,June,False,23,1669.02497800,21至49,高,0.00000000,0.01633333,False,False
1701,0,Returning_Visitor,2,Mar,False,23,1669.00000000,21至49,高,0.00000000,0.01739130,False,False
16,0,Returning_Visitor,3,Feb,False,23,1668.28511900,21至49,高,0.00833333,0.01631264,False,False
2494,0,Returning_Visitor,1,May,False,23,1516.96666700,21至49,高,0.00000000,0.02424242,False,False
9589,0,Returning_Visitor,2,Dec,False,23,1434.90833300,21至49,高,0.00000000,0.03095238,False,False
4263,0,Returning_Visitor,4,May,False,23,1390.38888900,21至49,高,0.00000000,0.01230769,False,False
9278,0,Returning_Visitor,2,Nov,False,23,1347.96250000,21至49,高,0.00833333,0.02083333,False,False
10531,0,Returning_Visitor,2,Dec,True,23,1291.35119000,21至49,高,0.01313131,0.02045455,False,False
447,0,Returning_Visitor,2,Mar,False,23,1266.26767700,21至49,高,0.00219780,0.03776557,False,False
6826,0,Returning_Visitor,4,Aug,False,23,1249.21666700,21至49,高,0.01538462,0.02910256,False,False
163,0,Returning_Visitor,2,Feb,True,23,1223.00000000,21至49,高,0.01521739,0.01246377,False,False
12102,0,Returning_Visitor,1,Dec,False,23,1171.07142900,21至49,高,0.00740741,0.03950617,False,False
3524,0,Returning_Visitor,2,May,False,23,1166.33333300,21至49,高,0.00000000,0.02826087,False,False
10301,0,Returning_Visitor,2,Dec,True,23,1133.33333300,21至49,高,0.00800000,0.02026667,False,False
5187,0,Returning_Visitor,14,May,False,23,1100.12500000,21至49,高,0.00000000,0.01111111,False,False
2946,0,Returning_Visitor,2,May,True,22,2905.50000000,21至49,高,0.01000000,0.04000000,False,False
1486,0,Returning_Visitor,2,Mar,False,22,2815.41666700,21至49,高,0.00000000,0.01250000,False,False
5499,0,Returning_Visitor,1,Sep,True,22,2707.38666700,21至49,高,0.00000000,0.00972222,False,False
11842,0,Returning_Visitor,2,Nov,False,22,2706.37500000,21至49,高,0.00208333,0.03981482,False,False
4203,0,Returning_Visitor,2,May,False,22,2473.25000000,21至49,高,0.00909091,0.01338384,False,False
6394,0,Returning_Visitor,2,Oct,False,22,2364.65000000,21至49,高,0.00000000,0.04347826,False,False
11421,0,Returning_Visitor,1,Nov,False,22,2267.83333300,21至49,高,0.00000000,0.04166667,False,False
8984,0,Returning_Visitor,10,Nov,False,22,2189.50000000,21至49,高,0.00952381,0.02857143,False,False
2664,0,Returning_Visitor,13,May,False,22,2178.67222200,21至49,高,0.01382716,0.03202078,False,False
1445,0,Returning_Visitor,1,Mar,False,22,2175.99365100,21至49,高,0.01000000,0.04931247,False,False
7104,0,Returning_Visitor,2,Nov,False,22,2006.04666700,21至49,高,0.00714286,0.03273810,False,False
9018,0,Returning_Visitor,2,Dec,False,22,1945.50000000,21至49,高,0.00000000,0.00833333,False,False
7275,0,Returning_Visitor,6,Aug,False,22,1889.25000000,21至49,高,0.00000000,0.02460318,False,False
9866,0,Returning_Visitor,10,Dec,False,22,1749.00000000,21至49,高,0.00000000,0.01500000,False,False
793,0,Returning_Visitor,9,Mar,True,22,1734.78095200,21至49,高,0.00000000,0.01014286,False,False
232,0,Returning_Visitor,2,Mar,False,22,1674.58333300,21至49,高,0.00000000,0.01466667,False,False
2654,0,Returning_Visitor,13,May,True,22,1662.73333300,21至49,高,0.00000000,0.03015873,False,False
11445,0,Returning_Visitor,2,Dec,False,22,1483.80000000,21至49,高,0.00000000,0.01446281,False,False
2000,0,Returning_Visitor,1,Mar,False,22,1436.45000000,21至49,高,0.00000000,0.00909091,False,False
9297,0,Returning_Visitor,3,Nov,False,22,1368.00000000,21至49,高,0.00454546,0.01363636,False,False
5545,0,Returning_Visitor,13,June,False,22,1321.70000000,21至49,高,0.00000000,0.01083333,False,False
9652,0,Returning_Visitor,2,Dec,False,22,1275.09242400,21至49,高,0.00000000,0.01351291,False,False
11788,0,Returning_Visitor,2,Nov,False,22,1259.87281700,21至49,高,0.01333333,0.02518518,False,False
1629,0,Returning_Visitor,1,Mar,False,22,1220.43333300,21至49,高,0.00769231,0.01025641,False,False
641,0,Returning_Visitor,1,Mar,True,22,1187.83333300,21至49,高,0.00909091,0.02727273,False,False
9600,0,Returning_Visitor,10,Nov,False,22,1140.15000000,21至49,高,0.00555556,0.03981482,False,False
7381,0,Returning_Visitor,3,Oct,False,22,1089.50000000,21至49,高,0.00000000,0.02608696,False,False
10200,0,Returning_Visitor,2,Nov,False,22,1087.98611100,21至49,高,0.00769231,0.02024475,False,False
1352,0,Returning_Visitor,2,Mar,True,21,2755.67094000,21至49,高,0.00454546,0.02757576,False,False
5263,0,Returning_Visitor,2,May,True,21,2179.66666700,21至49,高,0.00000000,0.00210526,False,False
4280,0,Returning_Visitor,2,May,False,21,2080.75000000,21至49,高,0.01190476,0.04519231,False,False
4988,0,Returning_Visitor,3,May,False,21,2046.50000000,21至49,高,0.01600000,0.03200000,False,False
2453,0,Returning_Visitor,2,May,False,21,2008.83333300,21至49,高,0.00000000,0.02285714,False,False
5150,0,Returning_Visitor,4,May,True,21,1853.53571400,21至49,高,0.00000000,0.02172727,False,False
5765,0,Returning_Visitor,3,Oct,True,21,1702.50000000,21至49,高,0.01666667,0.03717949,False,False
593,0,Returning_Visitor,1,Mar,False,21,1686.33333300,21至49,高,0.00000000,0.03095238,False,False
3774,0,Returning_Visitor,4,May,False,21,1647.50000000,21至49,高,0.00000000,0.01304348,False,False
5014,0,Returning_Visitor,2,May,False,21,1586.33333300,21至49,高,0.01666667,0.03333333,False,False
8822,0,Returning_Visitor,3,Nov,False,21,1535.00000000,21至49,高,0.01000000,0.04833333,False,False
2515,0,Returning_Visitor,2,May,False,21,1494.50000000,21至49,高,0.00909091,0.00454546,False,False
2604,0,Returning_Visitor,7,May,True,21,1483.00000000,21至49,高,0.00789474,0.02175439,False,False
10420,0,Returning_Visitor,8,Nov,True,21,1469.66666700,21至49,高,0.00869565,0.01449275,False,False
3978,0,Returning_Visitor,2,May,False,21,1342.50000000,21至49,高,0.01000000,0.02000000,False,False
11294,0,Returning_Visitor,1,Dec,False,21,1338.93333300,21至49,高,0.00000000,0.00869565,False,False
5185,0,Returning_Visitor,6,May,True,21,1277.83333300,21至49,高,0.00869565,0.03695652,False,False
515,0,Returning_Visitor,2,Mar,False,21,1198.75000000,21至49,高,0.00000000,0.00317460,False,False
4326,0,Returning_Visitor,4,May,True,21,1148.50000000,21至49,高,0.00000000,0.01904762,False,False
117,0,Returning_Visitor,3,Feb,False,21,1146.33333300,21至49,高,0.00000000,0.01296296,False,False
1091,0,Returning_Visitor,1,Mar,False,21,1129.00000000,21至49,高,0.00952381,0.03809524,False,False
12320,0,Returning_Visitor,2,Dec,False,21,1128.58333300,21至49,高,0.00000000,0.01304348,False,False
9021,0,Returning_Visitor,1,Dec,False,21,1104.90000000,21至49,高,0.00000000,0.01460317,False,False
11600,0,Returning_Visitor,20,Nov,False,21,1089.62500000,21至49,高,0.01000000,0.03333333,False,False
