SessionID,RevenueFlag,EarlyPropensityScore,EarlyDecisionThreshold,EarlyPredictedPurchase,LatePropensityScore,LateDecisionThreshold,LatePredictedPurchase,EarlyPropensityPercentileAmongUnpurchased,HighPotentialTop10Percent
1,0,0.002156394232,0.439818181,0,0.002238453042,0.5570019246,0,0.01093839954,False
2,0,0.04329387459,0.439818181,0,0.02144220928,0.5570019246,0,0.1410477835,False
3,0,0.008038528334,0.439818181,0,0.002812843117,0.5570019246,0,0.03962771061,False
4,0,0.02542376478,0.439818181,0,0.0121992584,0.5570019246,0,0.09796584149,False
5,0,0.09236033323,0.439818181,0,0.05786640054,0.5570019246,0,0.2341201305,False
6,0,0.08091866228,0.439818181,0,0.02767021966,0.5570019246,0,0.2145461524,False
7,0,0.008071699224,0.439818181,0,0.009054106177,0.5570019246,0,0.03972366149,False
8,0,0.1273155894,0.439818181,0,0.1567356436,0.5570019246,0,0.2915947035,False
9,0,0.01120288803,0.439818181,0,0.008553895827,0.5570019246,0,0.05382843984,False
10,0,0.1967255492,0.439818181,0,0.08088000066,0.5570019246,0,0.4078871618,False
11,0,0.09674454764,0.439818181,0,0.07147149856,0.5570019246,0,0.2406447899,False
12,0,0.08350678594,0.439818181,0,0.04051928465,0.5570019246,0,0.2188639417,False
13,0,0.0731593556,0.439818181,0,0.01528873776,0.5570019246,0,0.2000575705,False
14,0,0.08118405773,0.439818181,0,0.0333813109,0.5570019246,0,0.2152178085,False
15,0,0.01366156431,0.439818181,0,0.006152249664,0.5570019246,0,0.06208021493,False
16,0,0.2333110996,0.439818181,0,0.07237610006,0.5570019246,0,0.4713106889,False
17,0,0.005033315902,0.439818181,0,0.00492117104,0.5570019246,0,0.02619458837,False
18,0,0.2324883439,0.439818181,0,0.06964051529,0.5570019246,0,0.4701592784,False
19,0,0.009523129968,0.439818181,0,0.009791191997,0.5570019246,0,0.045384763,False
20,0,0.2311189443,0.439818181,0,0.05854441925,0.5570019246,0,0.4670888505,False
21,0,0.1876339925,0.439818181,0,0.07913829859,0.5570019246,0,0.3907119555,False
22,0,0.0141833126,0.439818181,0,0.01138046005,0.5570019246,0,0.06371137977,False
23,0,0.0693684493,0.439818181,0,0.05925337751,0.5570019246,0,0.1942045673,False
24,0,0.01500608064,0.439818181,0,0.004396923821,0.5570019246,0,0.06745346383,False
25,0,0.004136570884,0.439818181,0,0.00400441251,0.5570019246,0,0.02245250432,False
26,0,0.02450847628,0.439818181,0,0.0230455763,0.5570019246,0,0.0961427749,False
27,0,0.3710093612,0.439818181,0,0.07764883551,0.5570019246,0,0.7294185377,False
28,0,0.009815624902,0.439818181,0,0.008956397568,0.5570019246,0,0.0468240261,False
29,0,0.01571452451,0.439818181,0,0.01219843153,0.5570019246,0,0.06908462867,False
30,0,0.1263513368,0.439818181,0,0.4686723267,0.5570019246,0,0.2897716369,False
31,0,0.0163628755,0.439818181,0,0.01425927652,0.5570019246,0,0.07215505661,False
32,0,0.06665244433,0.439818181,0,0.04401867424,0.5570019246,0,0.1887353675,False
33,0,0.09909490741,0.439818181,0,0.02023970408,0.5570019246,0,0.244290923,False
34,0,0.04463591018,0.439818181,0,0.01816006256,0.5570019246,0,0.1441182115,False
35,0,0.1340768981,0.439818181,0,0.02620733017,0.5570019246,0,0.3030128574,False
36,0,0.182728995,0.439818181,0,0.04043409405,0.5570019246,0,0.3828439839,False
37,0,0.1007176458,0.439818181,0,0.05572448053,0.5570019246,0,0.2469775475,False
38,0,0.2823047949,0.439818181,0,0.14047966,0.5570019246,0,0.5626559202,False
39,0,0.04108286026,0.439818181,0,0.03914423191,0.5570019246,0,0.136921896,False
40,0,0.289355343,0.439818181,0,0.07675871636,0.5570019246,0,0.5752254846,False
41,0,0.4057001392,0.439818181,0,0.158552679,0.5570019246,0,0.7847821915,False
42,0,0.03092544586,0.439818181,0,0.03546946268,0.5570019246,0,0.1120706198,False
43,0,0.2327247307,0.439818181,0,0.07135734688,0.5570019246,0,0.4707349837,False
44,0,0.04109567299,0.439818181,0,0.02517615128,0.5570019246,0,0.1370178469,False
45,0,0.05181881315,0.439818181,0,0.01142502793,0.5570019246,0,0.1589905968,False
46,0,0.2656541868,0.439818181,0,0.07928757932,0.5570019246,0,0.5333909039,False
47,0,0.1097122999,0.439818181,0,0.08994270881,0.5570019246,0,0.2631932451,False
48,0,0.02496562472,0.439818181,0,0.02259590631,0.5570019246,0,0.09643062752,False
49,0,0.2626209166,0.439818181,0,0.1076901965,0.5570019246,0,0.5279217041,False
50,0,0.009764144377,0.439818181,0,0.009123682408,0.5570019246,0,0.04663212435,False
51,0,0.004982636621,0.439818181,0,0.007192257009,0.5570019246,0,0.02600268662,False
52,0,0.05478665956,0.439818181,0,0.01796350439,0.5570019246,0,0.1631164844,False
53,0,0.05806719798,0.439818181,0,0.04667003086,0.5570019246,0,0.1716561121,False
54,0,0.06190614653,0.439818181,0,0.03214664974,0.5570019246,0,0.1796200345,False
55,0,0.07540887694,0.439818181,0,0.03076462815,0.5570019246,0,0.2044713107,False
56,0,0.01461028497,0.439818181,0,0.0162729552,0.5570019246,0,0.06524659374,False
57,0,0.01205338986,0.439818181,0,0.0112983756,0.5570019246,0,0.05728267127,False
58,0,0.4057338438,0.439818181,0,0.6558552363,0.5570019246,1,0.7849740933,False
59,0,0.02675020294,0.439818181,0,0.009746729872,0.5570019246,0,0.1016119747,False
60,0,0.2365072157,0.439818181,0,0.1203685707,0.5570019246,0,0.4770677413,False
61,0,0.04058280274,0.439818181,0,0.02838199668,0.5570019246,0,0.1358664364,False
62,0,0.02920353099,0.439818181,0,0.02221481562,0.5570019246,0,0.1071771253,False
63,0,0.32104164,0.439818181,0,0.5169786892,0.5570019246,0,0.6386490117,False
64,0,0.3938089211,0.439818181,0,0.1094282599,0.5570019246,0,0.7674150835,False
65,0,0.006127749963,0.439818181,0,0.008566052917,0.5570019246,0,0.03185568989,False
66,1,0.5390926551,0.439818181,1,0.817799766,0.5570019246,1,,False
67,0,0.3332106047,0.439818181,0,0.1848771063,0.5570019246,0,0.6607177125,False
68,0,0.002635942689,0.439818181,0,0.0009033853183,0.5570019246,0,0.01372097486,False
69,0,0.2757916494,0.439818181,0,0.05034369662,0.5570019246,0,0.5497025523,False
70,0,0.01215519206,0.439818181,0,0.01161086998,0.5570019246,0,0.05747457302,False
71,0,0.01630463208,0.439818181,0,0.01719117817,0.5570019246,0,0.07177125312,False
72,0,0.05639924249,0.439818181,0,0.0297559264,0.5570019246,0,0.1675302245,False
73,0,0.006516695048,0.439818181,0,0.003607539313,0.5570019246,0,0.03463826521,False
74,0,0.3134297332,0.439818181,0,0.1282742201,0.5570019246,0,0.6241604299,False
75,0,0.05044361467,0.439818181,0,0.02120470366,0.5570019246,0,0.1553444636,False
76,0,0.1607131699,0.439818181,0,0.04199934381,0.5570019246,0,0.3454231434,False
77,1,0.6327304959,0.439818181,1,0.7196843805,0.5570019246,1,,False
78,0,0.01985365794,0.439818181,0,0.009837035506,0.5570019246,0,0.08376511226,False
79,0,0.006170323815,0.439818181,0,0.002566240941,0.5570019246,0,0.03262329687,False
80,0,0.00138990382,0.439818181,0,0.0007228995487,0.5570019246,0,0.006044905009,False
81,0,0.1650954115,0.439818181,0,0.07753288943,0.5570019246,0,0.3522356553,False
82,0,0.06330300257,0.439818181,0,0.01602330981,0.5570019246,0,0.1816350029,False
83,0,0.08552030381,0.439818181,0,0.03787125752,0.5570019246,0,0.2221262713,False
84,0,0.1349629014,0.439818181,0,0.04737847446,0.5570019246,0,0.3041642679,False
85,0,0.002980738756,0.439818181,0,0.005303278189,0.5570019246,0,0.01496833621,False
86,0,0.00091601506,0.439818181,0,0.001686338345,0.5570019246,0,0.0019669929,False
87,0,0.01624739723,0.439818181,0,0.0206290738,0.5570019246,0,0.0714834005,False
88,0,0.03644282999,0.439818181,0,0.02903307612,0.5570019246,0,0.1270389561,False
89,0,0.0795577673,0.439818181,0,0.02927510682,0.5570019246,0,0.2114757244,False
90,0,0.3012975632,0.439818181,0,0.06185255533,0.5570019246,0,0.6003646133,False
91,0,0.2071620022,0.439818181,0,0.1000473991,0.5570019246,0,0.4268854347,False
92,0,0.01242079221,0.439818181,0,0.008086347375,0.5570019246,0,0.05833813088,False
93,0,0.01597209751,0.439818181,0,0.007363308456,0.5570019246,0,0.07023603915,False
94,0,0.6410029996,0.439818181,1,0.2564128926,0.5570019246,0,0.9762041835,True
95,0,0.1061965515,0.439818181,0,0.03467060258,0.5570019246,0,0.2562847822,False
96,0,0.01325517583,0.439818181,0,0.004241821671,0.5570019246,0,0.06083285358,False
97,0,0.03435530861,0.439818181,0,0.02510789297,0.5570019246,0,0.1214738054,False
98,0,0.08344596975,0.439818181,0,0.03359326998,0.5570019246,0,0.2184801382,False
99,0,0.05502456218,0.439818181,0,0.06089846128,0.5570019246,0,0.1640759931,False
100,0,0.1520505622,0.439818181,0,0.05916289659,0.5570019246,0,0.3310305124,False
101,0,0.3810163849,0.439818181,0,0.1617504777,0.5570019246,0,0.7483208597,False
102,1,0.5773538514,0.439818181,1,0.7796968062,0.5570019246,1,,False
103,0,0.1173612925,0.439818181,0,0.07339679567,0.5570019246,0,0.2767223182,False
104,0,0.3430896947,0.439818181,0,0.09741426617,0.5570019246,0,0.6785645749,False
105,0,0.2263334869,0.439818181,0,0.09205930674,0.5570019246,0,0.4578775667,False
106,0,0.01923258743,0.439818181,0,0.008500027721,0.5570019246,0,0.08194204567,False
107,0,0.04367996717,0.439818181,0,0.04968626349,0.5570019246,0,0.1417194396,False
108,0,0.033109428,0.439818181,0,0.02677233425,0.5570019246,0,0.1176357705,False
109,0,0.03630881418,0.439818181,0,0.03300236742,0.5570019246,0,0.1264632508,False
110,0,0.3629086415,0.439818181,0,0.1979327641,0.5570019246,0,0.7145461524,False
111,0,0.05684828063,0.439818181,0,0.02329508342,0.5570019246,0,0.168681635,False
112,0,0.006225475239,0.439818181,0,0.01316302733,0.5570019246,0,0.03319900211,False
113,0,0.003382185795,0.439818181,0,0.002303820246,0.5570019246,0,0.01794281328,False
114,0,0.2253870699,0.439818181,0,0.0967770142,0.5570019246,0,0.4566302053,False
115,0,0.1783440013,0.439818181,0,0.06307548614,0.5570019246,0,0.3749760123,False
116,0,0.2173850066,0.439818181,0,0.06607300794,0.5570019246,0,0.4439646901,False
117,0,0.1851438788,0.439818181,0,0.06780220686,0.5570019246,0,0.3859144118,False
118,0,0.1083345462,0.439818181,0,0.04011407878,0.5570019246,0,0.2606025715,False
119,0,0.05488753444,0.439818181,0,0.02835319538,0.5570019246,0,0.1637881405,False
120,0,0.05799946865,0.439818181,0,0.04348435736,0.5570019246,0,0.1714642103,False
121,0,0.117859998,0.439818181,0,0.04585455593,0.5570019246,0,0.2773939743,False
122,0,0.06814007972,0.439818181,0,0.03306516417,0.5570019246,0,0.1913260411,False
123,0,0.1536635896,0.439818181,0,0.08690068913,0.5570019246,0,0.333621186,False
124,0,0.0178656384,0.439818181,0,0.02010874485,0.5570019246,0,0.07781615813,False
125,0,0.09137176943,0.439818181,0,0.05781387304,0.5570019246,0,0.232201113,False
126,0,0.001384304801,0.439818181,0,0.003086899515,0.5570019246,0,0.005948954135,False
127,0,0.07459073691,0.439818181,0,0.02467314575,0.5570019246,0,0.2033199002,False
128,0,0.04860204943,0.439818181,0,0.03304689417,0.5570019246,0,0.1518902322,False
129,0,0.4205024158,0.439818181,0,0.1628952911,0.5570019246,0,0.8055075801,False
130,0,0.01514185533,0.439818181,0,0.007781760106,0.5570019246,0,0.06783726732,False
131,0,0.0876020092,0.439818181,0,0.04137490981,0.5570019246,0,0.2245250432,False
132,0,0.2664651849,0.439818181,0,0.1246232667,0.5570019246,0,0.5349261178,False
133,0,0.01302326669,0.439818181,0,0.01182682584,0.5570019246,0,0.06006524659,False
134,0,0.1705848096,0.439818181,0,0.05248936493,0.5570019246,0,0.3618307427,False
135,0,0.2065442727,0.439818181,0,0.08212795591,0.5570019246,0,0.4257340242,False
136,0,0.1116285623,0.439818181,0,0.06650458611,0.5570019246,0,0.2659758204,False
137,0,0.1562570681,0.439818181,0,0.07259030376,0.5570019246,0,0.3368835156,False
138,0,0.08350091186,0.439818181,0,0.04776395689,0.5570019246,0,0.2187679908,False
139,0,0.004877092977,0.439818181,0,0.01271396988,0.5570019246,0,0.02542698139,False
140,0,0.2809522033,0.439818181,0,0.09099564926,0.5570019246,0,0.5602571483,False
141,0,0.01310731703,0.439818181,0,0.01040238968,0.5570019246,0,0.06035309921,False
142,0,0.0949808959,0.439818181,0,0.03102742938,0.5570019246,0,0.2377662637,False
143,0,0.3554553106,0.439818181,0,0.1681299616,0.5570019246,0,0.699673767,False
144,0,0.003035817144,0.439818181,0,0.001792871942,0.5570019246,0,0.01516023796,False
145,0,0.4377959635,0.439818181,0,0.1571198332,0.5570019246,0,0.8263289196,False
146,0,0.06039670754,0.439818181,0,0.05790913291,0.5570019246,0,0.1769334101,False
147,0,0.1561352086,0.439818181,0,0.03754525451,0.5570019246,0,0.3366916139,False
148,0,0.07292431271,0.439818181,0,0.03589920257,0.5570019246,0,0.1994818653,False
149,0,0.1263557868,0.439818181,0,0.02847194945,0.5570019246,0,0.2898675878,False
150,0,0.1397634634,0.439818181,0,0.05905207067,0.5570019246,0,0.3115524851,False
151,0,0.1699670162,0.439818181,0,0.05139201461,0.5570019246,0,0.3607752831,False
152,0,0.008159954239,0.439818181,0,0.008477418625,0.5570019246,0,0.04029936672,False
153,0,0.01043760424,0.439818181,0,0.01347670733,0.5570019246,0,0.05066206102,False
154,0,0.1046389239,0.439818181,0,0.03586413264,0.5570019246,0,0.2535981577,False
155,0,0.09078060799,0.439818181,0,0.03449295747,0.5570019246,0,0.2310497026,False
156,0,0.09946490739,0.439818181,0,0.04264490729,0.5570019246,0,0.2451544809,False
157,0,0.02555154775,0.439818181,0,0.01972685745,0.5570019246,0,0.09834964498,False
158,0,0.05554639729,0.439818181,0,0.020777258,0.5570019246,0,0.1656112071,False
159,0,0.00091601506,0.439818181,0,0.001686338345,0.5570019246,0,0.0019669929,False
160,0,0.01302326669,0.439818181,0,0.01182682584,0.5570019246,0,0.06006524659,False
161,0,0.2002835923,0.439818181,0,0.06140808513,0.5570019246,0,0.414507772,False
162,0,0.1655779941,0.439818181,0,0.08510061036,0.5570019246,0,0.3533870658,False
163,0,0.3073712081,0.439818181,0,0.1194174399,0.5570019246,0,0.611974669,False
164,0,0.08959497188,0.439818181,0,0.03442288619,0.5570019246,0,0.2282671272,False
165,0,0.1561430322,0.439818181,0,0.03412718068,0.5570019246,0,0.3367875648,False
166,0,0.1151581906,0.439818181,0,0.05757275359,0.5570019246,0,0.2725004798,False
167,0,0.03879794649,0.439818181,0,0.01981089733,0.5570019246,0,0.1325081558,False
168,0,0.01023586465,0.439818181,0,0.00688438867,0.5570019246,0,0.04941469967,False
169,0,0.07452654862,0.439818181,0,0.03861767923,0.5570019246,0,0.2030320476,False
170,0,0.2552833413,0.439818181,0,0.07444826147,0.5570019246,0,0.5131452696,False
171,0,0.332301477,0.439818181,0,0.1044106039,0.5570019246,0,0.6593744003,False
172,0,0.07946534141,0.439818181,0,0.03069376166,0.5570019246,0,0.2112838227,False
173,0,0.01054486445,0.439818181,0,0.001615318491,0.5570019246,0,0.05085396277,False
174,0,0.00966104507,0.439818181,0,0.007402530195,0.5570019246,0,0.04634427173,False
175,0,0.3060818004,0.439818181,0,0.0957683055,0.5570019246,0,0.6093839954,False
176,0,0.2937671597,0.439818181,0,0.09457837527,0.5570019246,0,0.5845327192,False
177,0,0.2609975163,0.439818181,0,0.07511693518,0.5570019246,0,0.5239877183,False
178,0,0.2710407543,0.439818181,0,0.1011541244,0.5570019246,0,0.5415467281,False
179,0,0.01302326669,0.439818181,0,0.01182682584,0.5570019246,0,0.06006524659,False
180,0,0.1017073866,0.439818181,0,0.06032900786,0.5570019246,0,0.2489925158,False
181,0,0.2573048926,0.439818181,0,0.1092117943,0.5570019246,0,0.5174630589,False
182,0,0.005561903981,0.439818181,0,0.004769649906,0.5570019246,0,0.02916906544,False
183,0,0.01283013478,0.439818181,0,0.01017810605,0.5570019246,0,0.05920168874,False
184,0,0.06555202459,0.439818181,0,0.05068183524,0.5570019246,0,0.1857608904,False
185,0,0.248486556,0.439818181,0,0.1257914199,0.5570019246,0,0.5011514105,False
186,0,0.1428260035,0.439818181,0,0.6214315302,0.5570019246,1,0.3159662253,False
187,0,0.5205279442,0.439818181,1,0.103169871,0.5570019246,0,0.9132604107,True
188,0,0.4054744513,0.439818181,0,0.1663002628,0.5570019246,0,0.7846862406,False
189,1,0.6793931714,0.439818181,1,0.7467837586,0.5570019246,1,,False
190,0,0.3504363414,0.439818181,0,0.6493159048,0.5570019246,1,0.6916138937,False
191,0,0.001781130997,0.439818181,0,0.001264449002,0.5570019246,0,0.008731529457,False
192,0,0.1894316433,0.439818181,0,0.1158788535,0.5570019246,0,0.3936864325,False
193,0,0.2688422235,0.439818181,0,0.06423978189,0.5570019246,0,0.5381884475,False
194,0,0.02057421841,0.439818181,0,0.006823555638,0.5570019246,0,0.08625983496,False
195,0,0.1642947838,0.439818181,0,0.07694358335,0.5570019246,0,0.3507004414,False
196,0,0.2470495316,0.439818181,0,0.125226205,0.5570019246,0,0.4980809825,False
197,1,0.6814540155,0.439818181,1,0.856690487,0.5570019246,1,,False
198,0,0.2024776388,0.439818181,0,0.08886927605,0.5570019246,0,0.4190174631,False
199,1,0.7773032226,0.439818181,1,0.9403544397,0.5570019246,1,,False
200,1,0.6842713012,0.439818181,1,0.8813997207,0.5570019246,1,,False
201,1,0.6958209205,0.439818181,1,0.8870661292,0.5570019246,1,,False
202,0,0.036104075,0.439818181,0,0.0183217941,0.5570019246,0,0.1257915947,False
203,0,0.2093720307,0.439818181,0,0.06595152001,0.5570019246,0,0.4305315678,False
204,0,0.07341703786,0.439818181,0,0.04231439458,0.5570019246,0,0.2005373249,False
205,0,0.2018541426,0.439818181,0,0.06438492471,0.5570019246,0,0.4174822491,False
206,0,0.4096652803,0.439818181,0,0.1007226451,0.5570019246,0,0.7909230474,False
207,1,0.6342508965,0.439818181,1,0.8635719138,0.5570019246,1,,False
208,0,0.3596300157,0.439818181,0,0.09350338713,0.5570019246,0,0.7079255421,False
209,0,0.07071636856,0.439818181,0,0.05305181157,0.5570019246,0,0.1962195356,False
210,0,0.06983589386,0.439818181,0,0.02601457538,0.5570019246,0,0.1950681251,False
211,0,0.1457372658,0.439818181,0,0.07969222827,0.5570019246,0,0.3206678181,False
212,0,0.0754526628,0.439818181,0,0.02380822299,0.5570019246,0,0.2046632124,False
213,0,0.04780974632,0.439818181,0,0.0261269019,0.5570019246,0,0.1508347726,False
214,0,0.2997444163,0.439818181,0,0.1057432009,0.5570019246,0,0.5982536941,False
215,0,0.2515408465,0.439818181,0,0.1073329625,0.5570019246,0,0.5056611015,False
216,0,0.371778038,0.439818181,0,0.1180132319,0.5570019246,0,0.7311456534,False
217,0,0.2227548645,0.439818181,0,0.1723604443,0.5570019246,0,0.4524083669,False
218,0,0.2685514082,0.439818181,0,0.0786135338,0.5570019246,0,0.5376127423,False
219,0,0.07638233006,0.439818181,0,0.03641131198,0.5570019246,0,0.2061024755,False
220,0,0.03067005598,0.439818181,0,0.02130739987,0.5570019246,0,0.1113030129,False
221,1,0.4997886367,0.439818181,1,0.8537024629,0.5570019246,1,,False
222,0,0.001118624916,0.439818181,0,0.001228326818,0.5570019246,0,0.003933985799,False
223,0,0.003756130436,0.439818181,0,0.00420531754,0.5570019246,0,0.02043753598,False
224,0,0.298906538,0.439818181,0,0.112064329,0.5570019246,0,0.5961427749,False
225,0,0.3433231267,0.439818181,0,0.1272161288,0.5570019246,0,0.6791402802,False
226,0,0.05730684593,0.439818181,0,0.0241982964,0.5570019246,0,0.1695451929,False
227,0,0.4130435427,0.439818181,0,0.1050671424,0.5570019246,0,0.7949529841,False
228,0,0.04995710437,0.439818181,0,0.01298714607,0.5570019246,0,0.1543849549,False
229,1,0.4921148828,0.439818181,1,0.8480820095,0.5570019246,1,,False
230,0,0.1587716391,0.439818181,0,0.02747029185,0.5570019246,0,0.3416810593,False
231,0,0.415418437,0.439818181,0,0.658214853,0.5570019246,1,0.7982153138,False
232,0,0.5526344541,0.439818181,1,0.1388344445,0.5570019246,0,0.936480522,True
233,0,0.05117983256,0.439818181,0,0.01758750731,0.5570019246,0,0.1574553828,False
234,0,0.5031390649,0.439818181,1,0.695886441,0.5570019246,1,0.8984839762,False
235,0,0.1780063502,0.439818181,0,0.07002841945,0.5570019246,0,0.3742084053,False
236,0,0.2098109229,0.439818181,0,0.1132224847,0.5570019246,0,0.4313951257,False
237,0,0.4208123238,0.439818181,0,0.1385015604,0.5570019246,0,0.8057954327,False
238,0,0.2638003639,0.439818181,0,0.07520306247,0.5570019246,0,0.5301285742,False
239,0,0.2203154668,0.439818181,0,0.08106652464,0.5570019246,0,0.4479946268,False
240,0,0.08262152358,0.439818181,0,0.04125741271,0.5570019246,0,0.2172327768,False
241,0,0.3087783155,0.439818181,0,0.1260940345,0.5570019246,0,0.6148531952,False
242,0,0.2424131605,0.439818181,0,0.06286623631,0.5570019246,0,0.4900211092,False
243,0,0.2035741662,0.439818181,0,0.05059494409,0.5570019246,0,0.4208405296,False
244,0,0.2708204602,0.439818181,0,0.1022277879,0.5570019246,0,0.540875072,False
245,0,0.395307807,0.439818181,0,0.110077506,0.5570019246,0,0.7700057571,False
246,0,0.193098267,0.439818181,0,0.04364824566,0.5570019246,0,0.4006908463,False
247,0,0.08878607274,0.439818181,0,0.01350775906,0.5570019246,0,0.2268278641,False
248,0,0.1593557691,0.439818181,0,0.04364092123,0.5570019246,0,0.3425446172,False
249,1,0.6234496617,0.439818181,1,0.7440218739,0.5570019246,1,,False
250,0,0.3526017258,0.439818181,0,0.1334456991,0.5570019246,0,0.6949721742,False
251,0,0.3074452824,0.439818181,0,0.1099514029,0.5570019246,0,0.6122625216,False
252,0,0.1236591562,0.439818181,0,0.06853485256,0.5570019246,0,0.2846862406,False
253,0,0.001780469673,0.439818181,0,0.001027568557,0.5570019246,0,0.008443676837,False
254,0,0.005822044399,0.439818181,0,0.009141165024,0.5570019246,0,0.03012857417,False
255,0,0.01258932353,0.439818181,0,0.0106677427,0.5570019246,0,0.05853003262,False
256,0,0.4005827987,0.439818181,0,0.07585176418,0.5570019246,0,0.778353483,False
257,0,0.1539671959,0.439818181,0,0.1634375022,0.5570019246,0,0.3339090386,False
258,0,0.3393836442,0.439818181,0,0.1611699907,0.5570019246,0,0.6721358664,False
259,0,0.346094635,0.439818181,0,0.07712408155,0.5570019246,0,0.6850892343,False
260,0,0.3257837204,0.439818181,0,0.1408038433,0.5570019246,0,0.6470926885,False
261,0,0.2656723877,0.439818181,0,0.06970539965,0.5570019246,0,0.5334868547,False
262,0,0.02376213344,0.439818181,0,0.009473050727,0.5570019246,0,0.09460756093,False
263,1,0.6568431037,0.439818181,1,0.7867089002,0.5570019246,1,,False
264,0,0.03953201128,0.439818181,0,0.01826452349,0.5570019246,0,0.133851468,False
265,0,0.3844716572,0.439818181,0,0.07491232925,0.5570019246,0,0.7522548455,False
266,1,0.6542584946,0.439818181,1,0.8450813768,0.5570019246,1,,False
267,0,0.1699255631,0.439818181,0,0.06595610602,0.5570019246,0,0.3605833813,False
268,0,0.01349714557,0.439818181,0,0.001330627747,0.5570019246,0,0.06140855882,False
269,0,0.1470951283,0.439818181,0,0.03385865152,0.5570019246,0,0.3225868355,False
270,0,0.105512147,0.439818181,0,0.03154958319,0.5570019246,0,0.2554212243,False
271,0,0.1295231645,0.439818181,0,0.03782268535,0.5570019246,0,0.2958165419,False
272,0,0.02688665287,0.439818181,0,0.03236228055,0.5570019246,0,0.1018998273,False
273,0,0.3406841904,0.439818181,0,0.1316250543,0.5570019246,0,0.6746305891,False
274,0,0.3292168672,0.439818181,0,0.1078983721,0.5570019246,0,0.6536173479,False
275,0,0.1109529655,0.439818181,0,0.05590830257,0.5570019246,0,0.2648244099,False
276,0,0.02703439069,0.439818181,0,0.00813260128,0.5570019246,0,0.102091729,False
277,1,0.4470835531,0.439818181,1,0.8140963511,0.5570019246,1,,False
278,0,0.1014618986,0.439818181,0,0.06204268571,0.5570019246,0,0.2483208597,False
279,0,0.2483026839,0.439818181,0,0.07460069695,0.5570019246,0,0.5005757052,False
280,0,0.1734860748,0.439818181,0,0.03117192681,0.5570019246,0,0.3666282863,False
281,0,0.03565918937,0.439818181,0,0.02115742621,0.5570019246,0,0.1247361351,False
282,1,0.4760969366,0.439818181,1,0.8630833261,0.5570019246,1,,False
283,0,0.4234512446,0.439818181,0,0.5133238699,0.5570019246,0,0.8090577624,False
284,0,0.02576465339,0.439818181,0,0.01214929897,0.5570019246,0,0.09921320284,False
285,0,0.1893234203,0.439818181,0,0.09735146384,0.5570019246,0,0.3933985799,False
286,0,0.1908278677,0.439818181,0,0.05228978069,0.5570019246,0,0.3961811552,False
287,0,0.001115701128,0.439818181,0,0.0008300490697,0.5570019246,0,0.003214354251,False
288,0,0.2169672621,0.439818181,0,0.06566586215,0.5570019246,0,0.4427173287,False
289,0,0.3249498781,0.439818181,0,0.1361804739,0.5570019246,0,0.6455574746,False
290,0,0.01349789785,0.439818181,0,0.01782170798,0.5570019246,0,0.06150450969,False
291,0,0.2492170106,0.439818181,0,0.07457494258,0.5570019246,0,0.5022068701,False
292,0,0.2942322528,0.439818181,0,0.08213020631,0.5570019246,0,0.5855881789,False
293,0,0.1452801247,0.439818181,0,0.03218675879,0.5570019246,0,0.319996162,False
294,0,0.003673061039,0.439818181,0,0.001647062718,0.5570019246,0,0.01971790443,False
295,1,0.660129988,0.439818181,1,0.9035103245,0.5570019246,1,,False
296,1,0.3999872341,0.439818181,0,0.7892370062,0.5570019246,1,,False
297,0,0.2541632803,0.439818181,0,0.05601425906,0.5570019246,0,0.5109383995,False
298,0,0.3307111426,0.439818181,0,0.07697444454,0.5570019246,0,0.6557282671,False
299,0,0.006884747908,0.439818181,0,0.004070420915,0.5570019246,0,0.03578967569,False
300,0,0.04632403597,0.439818181,0,0.01421467509,0.5570019246,0,0.1475724429,False
301,0,0.3758921952,0.439818181,0,0.1014992684,0.5570019246,0,0.7393014776,False
302,0,0.2374469012,0.439818181,0,0.07467224501,0.5570019246,0,0.4788908079,False
303,0,0.009950946876,0.439818181,0,0.003359858488,0.5570019246,0,0.04807138745,False
304,0,0.08459537567,0.439818181,0,0.02656775256,0.5570019246,0,0.2206870083,False
305,0,0.01674683498,0.439818181,0,0.007717666457,0.5570019246,0,0.07407407407,False
306,0,0.03060479949,0.439818181,0,0.02289576529,0.5570019246,0,0.1111111111,False
307,0,0.01671713089,0.439818181,0,0.008316957939,0.5570019246,0,0.07388217233,False
308,0,0.004657361914,0.439818181,0,0.004226545231,0.5570019246,0,0.02437152178,False
309,0,0.1313190424,0.439818181,0,0.08088685162,0.5570019246,0,0.2985031664,False
310,0,0.1946026707,0.439818181,0,0.09398506304,0.5570019246,0,0.4040491268,False
311,0,0.1259524869,0.439818181,0,0.0648991329,0.5570019246,0,0.2886202264,False
312,0,0.02777723417,0.439818181,0,0.01481354074,0.5570019246,0,0.1038188448,False
313,0,0.1129561431,0.439818181,0,0.06047841117,0.5570019246,0,0.2684705431,False
314,0,0.3400049878,0.439818181,0,0.1215732377,0.5570019246,0,0.6737670313,False
315,0,0.5118274837,0.439818181,1,0.1519100197,0.5570019246,0,0.9058721934,True
316,0,0.4968927365,0.439818181,1,0.1317378628,0.5570019246,0,0.8914795625,False
317,0,0.02046404601,0.439818181,0,0.007986406086,0.5570019246,0,0.08587603147,False
318,0,0.3674499449,0.439818181,0,0.1468945293,0.5570019246,0,0.7232776818,False
319,0,0.09941605142,0.439818181,0,0.05943872502,0.5570019246,0,0.2449625792,False
320,0,0.3586756401,0.439818181,0,0.07496119999,0.5570019246,0,0.706486279,False
321,1,0.5570473488,0.439818181,1,0.7633237915,0.5570019246,1,,False
322,0,0.04914703701,0.439818181,0,0.01342541068,0.5570019246,0,0.1524659374,False
323,0,0.1778759487,0.439818181,0,0.04542135518,0.5570019246,0,0.3737286509,False
324,0,0.4429094703,0.439818181,1,0.1093621158,0.5570019246,0,0.8331414316,False
325,0,0.4331017041,0.439818181,0,0.1652703063,0.5570019246,0,0.8202840146,False
326,0,0.1289237812,0.439818181,0,0.07077608807,0.5570019246,0,0.2940894262,False
327,0,0.1608664869,0.439818181,0,0.1325939276,0.5570019246,0,0.345710996,False
328,0,0.06966431871,0.439818181,0,0.0360667763,0.5570019246,0,0.1944924199,False
329,0,0.1450790266,0.439818181,0,0.05867865005,0.5570019246,0,0.3196123585,False
330,0,0.1076536296,0.439818181,0,0.06073927065,0.5570019246,0,0.2589714066,False
331,0,0.009947388302,0.439818181,0,0.004428167517,0.5570019246,0,0.04768758396,False
332,0,0.4472091887,0.439818181,1,0.1299086476,0.5570019246,0,0.8389944348,False
333,0,0.3439116825,0.439818181,0,0.1158806118,0.5570019246,0,0.680771445,False
334,0,0.258314835,0.439818181,0,0.04813212813,0.5570019246,0,0.5191901746,False
335,0,0.355895496,0.439818181,0,0.1736305902,0.5570019246,0,0.700441374,False
336,0,0.1574967863,0.439818181,0,0.0463042595,0.5570019246,0,0.3394741892,False
337,0,0.2381265121,0.439818181,0,0.08690132219,0.5570019246,0,0.481097678,False
338,0,0.4565751678,0.439818181,1,0.109680455,0.5570019246,0,0.8505085396,False
339,0,0.07314805551,0.439818181,0,0.02375301105,0.5570019246,0,0.1999616197,False
340,0,0.3573549662,0.439818181,0,0.1152346415,0.5570019246,0,0.7039915563,False
341,0,0.09243154483,0.439818181,0,0.02010057142,0.5570019246,0,0.2343120322,False
342,0,0.005843205227,0.439818181,0,0.004550282796,0.5570019246,0,0.03041642679,False
343,0,0.01680917953,0.439818181,0,0.03234022448,0.5570019246,0,0.07436192669,False
344,0,0.1434422989,0.439818181,0,0.04176376275,0.5570019246,0,0.3172135866,False
345,0,0.004972475086,0.439818181,0,0.001578699685,0.5570019246,0,0.02590673575,False
346,0,0.103289826,0.439818181,0,0.05623798657,0.5570019246,0,0.2516791403,False
347,0,0.07676780325,0.439818181,0,0.02392609277,0.5570019246,0,0.2070619843,False
348,0,0.286801244,0.439818181,0,0.06960404395,0.5570019246,0,0.5705238918,False
349,0,0.4524663027,0.439818181,1,0.130992231,0.5570019246,0,0.8459028977,False
350,0,0.1755453956,0.439818181,0,0.05923893808,0.5570019246,0,0.369890616,False
351,0,0.418025498,0.439818181,0,0.1249274945,0.5570019246,0,0.8017654961,False
352,0,0.08166101519,0.439818181,0,0.03671942013,0.5570019246,0,0.2155056611,False
353,0,0.2755175628,0.439818181,0,0.6252050979,0.5570019246,1,0.5492227979,False
354,0,0.4742618952,0.439818181,1,0.1454838102,0.5570019246,0,0.869890616,False
355,0,0.3714275097,0.439818181,0,0.07103730657,0.5570019246,0,0.7305699482,False
356,1,0.5908005231,0.439818181,1,0.8301316255,0.5570019246,1,,False
357,0,0.005515654418,0.439818181,0,0.007970668789,0.5570019246,0,0.02907311457,False
358,0,0.1711609225,0.439818181,0,0.04537451347,0.5570019246,0,0.3625023988,False
359,0,0.4564911104,0.439818181,1,0.09217643123,0.5570019246,0,0.8504125888,False
360,0,0.005146641349,0.439818181,0,0.003929743747,0.5570019246,0,0.02729802341,False
361,0,0.39998214,0.439818181,0,0.05660624224,0.5570019246,0,0.777585876,False
362,0,0.03187374078,0.439818181,0,0.02245719832,0.5570019246,0,0.1140855882,False
363,0,0.150243812,0.439818181,0,0.074969471,0.5570019246,0,0.3287276914,False
364,0,0.1593351946,0.439818181,0,0.07252457152,0.5570019246,0,0.3424486663,False
365,0,0.1765536885,0.439818181,0,0.06902669893,0.5570019246,0,0.3713298791,False
366,1,0.5153377528,0.439818181,1,0.8163187989,0.5570019246,1,,False
367,0,0.04554192887,0.439818181,0,0.02346504919,0.5570019246,0,0.1461331798,False
368,0,0.3508028469,0.439818181,0,0.5878100769,0.5570019246,1,0.6920936481,False
369,0,0.2173625493,0.439818181,0,0.1474371411,0.5570019246,0,0.4437727883,False
370,0,0.2208033902,0.439818181,0,0.06750020735,0.5570019246,0,0.449337939,False
371,0,0.3059553323,0.439818181,0,0.06735561937,0.5570019246,0,0.6090001919,False
372,0,0.07765712368,0.439818181,0,0.02540066498,0.5570019246,0,0.2086931491,False
373,0,0.14488978,0.439818181,0,0.07592044032,0.5570019246,0,0.3194204567,False
374,0,0.3423576373,0.439818181,0,0.1850889469,0.5570019246,0,0.6767415083,False
375,0,0.008513260469,0.439818181,0,0.003100125075,0.5570019246,0,0.04135482633,False
376,0,0.1170544873,0.439818181,0,0.04133248681,0.5570019246,0,0.2762425638,False
377,0,0.1786213647,0.439818181,0,0.08185890959,0.5570019246,0,0.3756476684,False
378,0,0.1944554052,0.439818181,0,0.06195027882,0.5570019246,0,0.4037612742,False
379,0,0.1275166728,0.439818181,0,0.0436376729,0.5570019246,0,0.2920744579,False
380,1,0.6339716439,0.439818181,1,0.8564448863,0.5570019246,1,,False
381,0,0.006406620121,0.439818181,0,0.004227532398,0.5570019246,0,0.03406255997,False
382,0,0.02815561685,0.439818181,0,0.02031419192,0.5570019246,0,0.1046824026,False
383,0,0.2603328492,0.439818181,0,0.0528813489,0.5570019246,0,0.5225484552,False
384,0,0.001142510594,0.439818181,0,0.001604624975,0.5570019246,0,0.004269813855,False
385,0,0.5454506728,0.439818181,1,0.6006201699,0.5570019246,1,0.9313951257,True
386,0,0.03432240291,0.439818181,0,0.02122152156,0.5570019246,0,0.1212819037,False
387,0,0.09033947954,0.439818181,0,0.02665245031,0.5570019246,0,0.2301861447,False
388,0,0.07317780575,0.439818181,0,0.03005991973,0.5570019246,0,0.2002494723,False
389,0,0.06609234474,0.439818181,0,0.01794288557,0.5570019246,0,0.1872001535,False
390,0,0.09594679504,0.439818181,0,0.03439326861,0.5570019246,0,0.2393974285,False
391,1,0.4880422275,0.439818181,1,0.7071361887,0.5570019246,1,,False
392,0,0.1003311527,0.439818181,0,0.0139830315,0.5570019246,0,0.2466896949,False
393,0,0.2257381248,0.439818181,0,0.06518507313,0.5570019246,0,0.4572059106,False
394,0,0.1975279259,0.439818181,0,0.08630207274,0.5570019246,0,0.4089426214,False
395,0,0.0878942372,0.439818181,0,0.02497608345,0.5570019246,0,0.2252926502,False
396,0,0.351871182,0.439818181,0,0.09282558643,0.5570019246,0,0.6941086164,False
397,0,0.1865049127,0.439818181,0,0.06699587416,0.5570019246,0,0.3881212819,False
398,0,0.3914808511,0.439818181,0,0.1798880122,0.5570019246,0,0.7634810977,False
399,0,0.007159178902,0.439818181,0,0.005682658696,0.5570019246,0,0.03703703704,False
400,1,0.7341139371,0.439818181,1,0.8142235217,0.5570019246,1,,False
401,1,0.5319608849,0.439818181,1,0.7795122393,0.5570019246,1,,False
402,0,0.08271434743,0.439818181,0,0.02082999,0.5570019246,0,0.2174246786,False
403,0,0.3057814966,0.439818181,0,0.1278424823,0.5570019246,0,0.6087123393,False
404,0,0.2511234511,0.439818181,0,0.0477687807,0.5570019246,0,0.5047975437,False
405,0,0.3718882132,0.439818181,0,0.1009073982,0.5570019246,0,0.7313375552,False
406,0,0.2913675615,0.439818181,0,0.08313977638,0.5570019246,0,0.579447323,False
407,0,0.1881359173,0.439818181,0,0.1220906573,0.5570019246,0,0.3915755133,False
408,0,0.01915391839,0.439818181,0,0.0172988415,0.5570019246,0,0.08165419305,False
409,1,0.6947302244,0.439818181,1,0.8087567006,0.5570019246,1,,False
410,0,0.2951865928,0.439818181,0,0.05949201772,0.5570019246,0,0.5877950489,False
411,0,0.1542610565,0.439818181,0,0.08007241211,0.5570019246,0,0.3342928421,False
412,0,0.5093467285,0.439818181,1,0.1727404452,0.5570019246,0,0.9036653234,True
413,0,0.2229601373,0.439818181,0,0.09529398171,0.5570019246,0,0.4528881213,False
414,0,0.1157734286,0.439818181,0,0.1068096555,0.5570019246,0,0.2737478411,False
415,0,0.2530021104,0.439818181,0,0.08812405866,0.5570019246,0,0.5085396277,False
416,0,0.2627672151,0.439818181,0,0.05020616462,0.5570019246,0,0.5284974093,False
417,1,0.4693724698,0.439818181,1,0.7660221077,0.5570019246,1,,False
418,0,0.02270737949,0.439818181,0,0.03029728848,0.5570019246,0,0.0922087891,False
419,0,0.003673061039,0.439818181,0,0.001647062718,0.5570019246,0,0.01971790443,False
420,0,0.02808180893,0.439818181,0,0.02024320224,0.5570019246,0,0.10439455,False
421,0,0.4345322704,0.439818181,0,0.1223734334,0.5570019246,0,0.8223949338,False
422,0,0.003426894953,0.439818181,0,0.0004128003243,0.5570019246,0,0.01847054308,False
423,0,0.3508926454,0.439818181,0,0.09480013627,0.5570019246,0,0.6924774515,False
424,0,0.1866078137,0.439818181,0,0.1275340854,0.5570019246,0,0.3882172328,False
425,1,0.7089297022,0.439818181,1,0.8258301667,0.5570019246,1,,False
426,0,0.2618640478,0.439818181,0,0.0761850279,0.5570019246,0,0.5260986375,False
427,0,0.003625262155,0.439818181,0,0.0003146383339,0.5570019246,0,0.01938207638,False
428,0,0.06038575931,0.439818181,0,0.02467743369,0.5570019246,0,0.1768374592,False
429,0,0.5804727927,0.439818181,1,0.1127091129,0.5570019246,0,0.9534638265,True
430,0,0.05610678161,0.439818181,0,0.03691475213,0.5570019246,0,0.1668585684,False
431,0,0.1931619311,0.439818181,0,0.06859449204,0.5570019246,0,0.4009786989,False
432,0,0.3548494962,0.439818181,0,0.1026779543,0.5570019246,0,0.6987142583,False
433,0,0.1460530825,0.439818181,0,0.03874898269,0.5570019246,0,0.3209556707,False
434,0,0.1399187777,0.439818181,0,0.05347184886,0.5570019246,0,0.3118403377,False
435,0,0.01941132392,0.439818181,0,0.01435494558,0.5570019246,0,0.08242180004,False
436,0,0.2283647859,0.439818181,0,0.09583951991,0.5570019246,0,0.4609479946,False
437,0,0.1513103218,0.439818181,0,0.04007546358,0.5570019246,0,0.3300710036,False
438,0,0.1343457754,0.439818181,0,0.0391284488,0.5570019246,0,0.3033966609,False
439,0,0.2011932786,0.439818181,0,0.05893383666,0.5570019246,0,0.4167146421,False
440,0,0.5347895629,0.439818181,1,0.09995809956,0.5570019246,0,0.923623105,True
441,0,0.5931273146,0.439818181,1,0.1310381028,0.5570019246,0,0.9593168298,True
442,0,0.2810564849,0.439818181,0,0.05355594236,0.5570019246,0,0.5604490501,False
443,0,0.09621297958,0.439818181,0,0.05484468637,0.5570019246,0,0.239781232,False
444,0,0.3056112835,0.439818181,0,0.1160482245,0.5570019246,0,0.6082325849,False
445,0,0.02997500903,0.439818181,0,0.01648060786,0.5570019246,0,0.108904241,False
446,0,0.1825454513,0.439818181,0,0.2787894846,0.5570019246,0,0.3826520821,False
447,0,0.3961699183,0.439818181,0,0.1448006667,0.5570019246,0,0.7709652658,False
448,0,0.1995175891,0.439818181,0,0.1732030514,0.5570019246,0,0.4123009019,False
449,0,0.2756646873,0.439818181,0,0.5348878981,0.5570019246,0,0.5494146997,False
450,0,0.422180987,0.439818181,0,0.1186721975,0.5570019246,0,0.8075225485,False
451,0,0.05398317475,0.439818181,0,0.0280661381,0.5570019246,0,0.161869123,False
452,0,0.67694935,0.439818181,1,0.1988019982,0.5570019246,0,0.9872385339,True
453,0,0.1479874062,0.439818181,0,0.02048785642,0.5570019246,0,0.3243139513,False
454,0,0.2351371095,0.439818181,0,0.07033541671,0.5570019246,0,0.4752446747,False
455,0,0.3938575137,0.439818181,0,0.1367715102,0.5570019246,0,0.7676069852,False
456,0,0.1225901213,0.439818181,0,0.04779941285,0.5570019246,0,0.2831510267,False
457,0,0.005843205227,0.439818181,0,0.004550282796,0.5570019246,0,0.03041642679,False
458,1,0.7288681548,0.439818181,1,0.9271361344,0.5570019246,1,,False
459,0,0.01884682997,0.439818181,0,0.02098006978,0.5570019246,0,0.08069468432,False
460,0,0.3279182131,0.439818181,0,0.09934670048,0.5570019246,0,0.6511226252,False
461,0,0.1906205406,0.439818181,0,0.05805093977,0.5570019246,0,0.3957973518,False
462,0,0.06859818293,0.439818181,0,0.02761804291,0.5570019246,0,0.1920936481,False
463,0,0.3716297469,0.439818181,0,0.1375917355,0.5570019246,0,0.7309537517,False
464,0,0.08965811358,0.439818181,0,0.04883519832,0.5570019246,0,0.2286509307,False
465,0,0.05251981417,0.439818181,0,0.03100498531,0.5570019246,0,0.1599501055,False
466,0,0.1585147367,0.439818181,0,0.07164018967,0.5570019246,0,0.3409134523,False
467,0,0.2366353727,0.439818181,0,0.06657586143,0.5570019246,0,0.4775474957,False
468,0,0.2374909551,0.439818181,0,0.06941135805,0.5570019246,0,0.4791786605,False
469,0,0.01963881232,0.439818181,0,0.02773900648,0.5570019246,0,0.08314143159,False
470,0,0.1624307088,0.439818181,0,0.05963216165,0.5570019246,0,0.3483976204,False
471,0,0.2561377351,0.439818181,0,0.508619445,0.5570019246,0,0.5149683362,False
472,0,0.08483514865,0.439818181,0,0.04598660114,0.5570019246,0,0.2212627135,False
473,0,0.01432250286,0.439818181,0,0.01317669614,0.5570019246,0,0.06447898676,False
474,0,0.1731626716,0.439818181,0,0.07192034526,0.5570019246,0,0.3658606793,False
475,0,0.2490245204,0.439818181,0,0.05266101476,0.5570019246,0,0.5021109192,False
476,0,0.2743006716,0.439818181,0,0.1447870654,0.5570019246,0,0.5473997313,False
477,0,0.5255719838,0.439818181,1,0.759800946,0.5570019246,1,0.9172903473,True
478,0,0.4004900451,0.439818181,0,0.5111848591,0.5570019246,0,0.7782575321,False
479,0,0.2720352774,0.439818181,0,0.1155069447,0.5570019246,0,0.5429859912,False
480,0,0.003651352808,0.439818181,0,0.001910347146,0.5570019246,0,0.01957397812,False
481,0,0.1243497546,0.439818181,0,0.04959316438,0.5570019246,0,0.2855497985,False
482,0,0.04282183359,0.439818181,0,0.00951993177,0.5570019246,0,0.1405680292,False
483,0,0.2701145916,0.439818181,0,0.05820273566,0.5570019246,0,0.5402034159,False
484,0,0.009947388302,0.439818181,0,0.004428167517,0.5570019246,0,0.04768758396,False
485,0,0.1714167982,0.439818181,0,0.1076365309,0.5570019246,0,0.3629821531,False
486,0,0.02866783402,0.439818181,0,0.02334738839,0.5570019246,0,0.1058338131,False
487,0,0.03203906952,0.439818181,0,0.01159051705,0.5570019246,0,0.1143734408,False
488,0,0.2972130704,0.439818181,0,0.04982305118,0.5570019246,0,0.5924006908,False
489,0,0.1046303315,0.439818181,0,0.05484349266,0.5570019246,0,0.2535022069,False
490,0,0.4034335529,0.439818181,0,0.6248051031,0.5570019246,1,0.7823834197,False
491,0,0.158837355,0.439818181,0,0.03990585603,0.5570019246,0,0.3417770102,False
492,0,0.01657839654,0.439818181,0,0.01646768632,0.5570019246,0,0.07282671272,False
493,0,0.07130617138,0.439818181,0,0.03610188297,0.5570019246,0,0.1968911917,False
494,0,0.005970409564,0.439818181,0,0.004115832026,0.5570019246,0,0.03137593552,False
495,0,0.2614479043,0.439818181,0,0.1242547037,0.5570019246,0,0.524947227,False
496,0,0.1395148275,0.439818181,0,0.03952762079,0.5570019246,0,0.3111686816,False
497,0,0.3333374675,0.439818181,0,0.1514824306,0.5570019246,0,0.6610055652,False
498,0,0.04272872299,0.439818181,0,0.02006191024,0.5570019246,0,0.1400882748,False
499,0,0.2699609368,0.439818181,0,0.1845945884,0.5570019246,0,0.5396277106,False
500,0,0.1761961419,0.439818181,0,0.1042427111,0.5570019246,0,0.3708501247,False
501,0,0.07719307621,0.439818181,0,0.01447739921,0.5570019246,0,0.2079255421,False
502,0,0.1204271184,0.439818181,0,0.0334581337,0.5570019246,0,0.2805603531,False
503,0,0.5464169556,0.439818181,1,0.5792994799,0.5570019246,1,0.9321627327,True
504,1,0.551761015,0.439818181,1,0.7264824469,0.5570019246,1,,False
505,0,0.4179752533,0.439818181,0,0.5851049622,0.5570019246,1,0.8015735943,False
506,0,0.2139967143,0.439818181,0,0.1200225667,0.5570019246,0,0.4377278833,False
507,0,0.2187302177,0.439818181,0,0.07866146657,0.5570019246,0,0.4464594128,False
508,0,0.3154840236,0.439818181,0,0.0680989387,0.5570019246,0,0.627806563,False
509,0,0.163869234,0.439818181,0,0.05037943839,0.5570019246,0,0.3501247361,False
510,0,0.0747399403,0.439818181,0,0.02546178567,0.5570019246,0,0.2036077528,False
511,1,0.7013842826,0.439818181,1,0.7404343667,0.5570019246,1,,False
512,0,0.3738222701,0.439818181,0,0.1374067007,0.5570019246,0,0.735271541,False
513,0,0.001115701128,0.439818181,0,0.0008300490697,0.5570019246,0,0.003214354251,False
514,0,0.4800950738,0.439818181,1,0.6134738874,0.5570019246,1,0.8765112263,False
515,0,0.6290063678,0.439818181,1,0.2069555589,0.5570019246,0,0.9722701977,True
516,0,0.005676894845,0.439818181,0,0.004227239037,0.5570019246,0,0.0296488198,False
517,0,0.207914309,0.439818181,0,0.05688086374,0.5570019246,0,0.4280368451,False
518,0,0.3192250894,0.439818181,0,0.09606949149,0.5570019246,0,0.6350028785,False
519,0,0.04486255465,0.439818181,0,0.008172538139,0.5570019246,0,0.1448858185,False
520,0,0.2552608549,0.439818181,0,0.09081861041,0.5570019246,0,0.5129533679,False
521,0,0.03184765346,0.439818181,0,0.01087244471,0.5570019246,0,0.1139896373,False
522,0,0.2269921812,0.439818181,0,0.05117917457,0.5570019246,0,0.459124928,False
523,0,0.09789584798,0.439818181,0,0.03442347515,0.5570019246,0,0.24285166,False
524,0,0.1117354882,0.439818181,0,0.08207412174,0.5570019246,0,0.2663596239,False
525,0,0.2024243285,0.439818181,0,0.08472741666,0.5570019246,0,0.4189215122,False
526,0,0.1466276345,0.439818181,0,0.09920842969,0.5570019246,0,0.3217232777,False
527,0,0.3114605385,0.439818181,0,0.1015623666,0.5570019246,0,0.6194588371,False
528,0,0.2002806247,0.439818181,0,0.06032877725,0.5570019246,0,0.4144118211,False
529,0,0.1046141826,0.439818181,0,0.04557326258,0.5570019246,0,0.253406256,False
530,0,0.1069315781,0.439818181,0,0.04540789445,0.5570019246,0,0.2578199962,False
531,0,0.1746881309,0.439818181,0,0.07291526902,0.5570019246,0,0.3680675494,False
532,0,0.2785597017,0.439818181,0,0.06641005807,0.5570019246,0,0.5556515064,False
533,0,0.008599247757,0.439818181,0,0.002208018259,0.5570019246,0,0.04173862982,False
534,0,0.03135256876,0.439818181,0,0.02409226747,0.5570019246,0,0.1126463251,False
535,0,0.03674011358,0.439818181,0,0.01843213214,0.5570019246,0,0.1279025139,False
536,0,0.3743334741,0.439818181,0,0.09133304969,0.5570019246,0,0.7362310497,False
537,0,0.167052491,0.439818181,0,0.08522631018,0.5570019246,0,0.356265592,False
538,0,0.04121511359,0.439818181,0,0.02887407101,0.5570019246,0,0.1373056995,False
539,0,0.02789682503,0.439818181,0,0.01337025123,0.5570019246,0,0.1041066974,False
540,0,0.07722326758,0.439818181,0,0.02620807514,0.5570019246,0,0.2081174439,False
541,0,0.009947388302,0.439818181,0,0.004428167517,0.5570019246,0,0.04768758396,False
542,0,0.1948710283,0.439818181,0,0.02098702264,0.5570019246,0,0.4046248321,False
543,0,0.5724256214,0.439818181,1,0.1618317592,0.5570019246,0,0.949337939,True
544,0,0.3722070657,0.439818181,0,0.07695148508,0.5570019246,0,0.732201113,False
545,0,0.5052480569,0.439818181,1,0.6661298281,0.5570019246,1,0.9002110919,True
546,0,0.4284242651,0.439818181,0,0.1043957125,0.5570019246,0,0.8150067166,False
547,0,0.02976053289,0.439818181,0,0.02919435852,0.5570019246,0,0.1083285358,False
548,0,0.2271590227,0.439818181,0,0.09019606788,0.5570019246,0,0.4595087315,False
549,0,0.487963602,0.439818181,1,0.1580160052,0.5570019246,0,0.8830358856,False
550,0,0.02298730031,0.439818181,0,0.01004794664,0.5570019246,0,0.09316829783,False
551,0,0.189679462,0.439818181,0,0.06850147907,0.5570019246,0,0.3939742852,False
552,0,0.04249015802,0.439818181,0,0.02835868628,0.5570019246,0,0.1396085204,False
553,0,0.299433464,0.439818181,0,0.08476690983,0.5570019246,0,0.5976779889,False
554,0,0.05741172995,0.439818181,0,0.02367223999,0.5570019246,0,0.1700249472,False
555,0,0.001115701128,0.439818181,0,0.0008300490697,0.5570019246,0,0.003214354251,False
556,0,0.1850752692,0.439818181,0,0.08010311552,0.5570019246,0,0.3858184609,False
557,0,0.4604401103,0.439818181,1,0.1460835096,0.5570019246,0,0.8540587219,False
558,0,0.320737317,0.439818181,0,0.08707188788,0.5570019246,0,0.637689503,False
559,0,0.04983460663,0.439818181,0,0.01162126337,0.5570019246,0,0.1540971023,False
560,0,0.1614169087,0.439818181,0,0.04589392096,0.5570019246,0,0.3467664556,False
561,0,0.3792431165,0.439818181,0,0.1078903729,0.5570019246,0,0.7452504318,False
562,0,0.1732735771,0.439818181,0,0.09185282856,0.5570019246,0,0.3659566302,False
563,0,0.0272199351,0.439818181,0,0.01553604651,0.5570019246,0,0.1027633851,False
564,0,0.07265371925,0.439818181,0,0.06381291682,0.5570019246,0,0.1988102092,False
565,0,0.3965690674,0.439818181,0,0.1156777553,0.5570019246,0,0.7714450201,False
566,0,0.3198017993,0.439818181,0,0.07664666484,0.5570019246,0,0.636154289,False
567,0,0.03057476763,0.439818181,0,0.03301537796,0.5570019246,0,0.1107273076,False
568,0,0.3287908886,0.439818181,0,0.08786974705,0.5570019246,0,0.6523699866,False
569,0,0.002489399012,0.439818181,0,0.002511259049,0.5570019246,0,0.01304931875,False
570,0,0.1976090998,0.439818181,0,0.06569614532,0.5570019246,0,0.4090385723,False
571,0,0.02939438571,0.439818181,0,0.02145486329,0.5570019246,0,0.1074649779,False
572,0,0.03589362835,0.439818181,0,0.01386393517,0.5570019246,0,0.1254077912,False
573,0,0.05991328971,0.439818181,0,0.01287900296,0.5570019246,0,0.1760698522,False
574,0,0.0569784081,0.439818181,0,0.02172983701,0.5570019246,0,0.1690654385,False
575,0,0.5017716033,0.439818181,1,0.1504533247,0.5570019246,0,0.8969487622,False
576,0,0.308206124,0.439818181,0,0.4369492818,0.5570019246,0,0.6138936864,False
577,0,0.01941504123,0.439818181,0,0.01178414694,0.5570019246,0,0.08251775091,False
578,0,0.01007168396,0.439818181,0,0.00193489303,0.5570019246,0,0.04883899443,False
579,0,0.1264236695,0.439818181,0,0.0349935078,0.5570019246,0,0.2900594895,False
580,0,0.3863445732,0.439818181,0,0.1071149306,0.5570019246,0,0.7543657647,False
581,0,0.1114496551,0.439818181,0,0.03298253352,0.5570019246,0,0.2657839186,False
582,0,0.09612037429,0.439818181,0,0.04718289315,0.5570019246,0,0.2394933794,False
583,0,0.6113346829,0.439818181,1,0.195645516,0.5570019246,0,0.9670888505,True
584,0,0.3209647769,0.439818181,0,0.09534115594,0.5570019246,0,0.6383611591,False
585,0,0.2162209492,0.439818181,0,0.07086245188,0.5570019246,0,0.4414699674,False
586,0,0.01493632979,0.439818181,0,0.009330712762,0.5570019246,0,0.06716561121,False
587,0,0.2265602775,0.439818181,0,0.05326502795,0.5570019246,0,0.4586451737,False
588,1,0.6533812544,0.439818181,1,0.8638896958,0.5570019246,1,,False
589,0,0.2155274596,0.439818181,0,0.03699481772,0.5570019246,0,0.4399347534,False
590,0,0.001115701128,0.439818181,0,0.0008300490697,0.5570019246,0,0.003214354251,False
591,0,0.1032732467,0.439818181,0,0.04387504574,0.5570019246,0,0.2514872385,False
592,0,0.001231007947,0.439818181,0,0.00113516511,0.5570019246,0,0.005373248897,False
593,0,0.1693046084,0.439818181,0,0.05249699589,0.5570019246,0,0.3595279217,False
594,0,0.2109377606,0.439818181,0,0.1344307376,0.5570019246,0,0.4333141432,False
595,0,0.2663609193,0.439818181,0,0.08048392949,0.5570019246,0,0.5346382652,False
596,0,0.2318680409,0.439818181,0,0.142741185,0.5570019246,0,0.469007868,False
597,0,0.009832712137,0.439818181,0,0.006960451829,0.5570019246,0,0.04701592784,False
598,0,0.09258322631,0.439818181,0,0.03393607111,0.5570019246,0,0.2346958357,False
599,0,0.07658941618,0.439818181,0,0.02981738246,0.5570019246,0,0.2065822299,False
600,0,0.1283569699,0.439818181,0,0.05118915975,0.5570019246,0,0.2934177701,False
601,0,0.4458140115,0.439818181,1,0.09256012159,0.5570019246,0,0.8379389752,False
602,1,0.6298203255,0.439818181,1,0.7197493722,0.5570019246,1,,False
603,0,0.2058150185,0.439818181,0,0.05704676545,0.5570019246,0,0.4244866628,False
604,1,0.6588580737,0.439818181,1,0.8675837273,0.5570019246,1,,False
605,0,0.2679742805,0.439818181,0,0.04823074139,0.5570019246,0,0.5369410862,False
606,0,0.08477485852,0.439818181,0,0.02262973662,0.5570019246,0,0.2211667626,False
607,0,0.4787705638,0.439818181,1,0.1292537428,0.5570019246,0,0.8750719632,False
608,0,0.1496679922,0.439818181,0,0.1118991584,0.5570019246,0,0.3277681827,False
609,0,0.1026137944,0.439818181,0,0.03021835079,0.5570019246,0,0.2501439263,False
610,1,0.5675124882,0.439818181,1,0.8349917636,0.5570019246,1,,False
611,1,0.6356591424,0.439818181,1,0.69648529,0.5570019246,1,,False
612,0,0.4470484593,0.439818181,1,0.1948771857,0.5570019246,0,0.8387065822,False
613,1,0.6394795521,0.439818181,1,0.7315067955,0.5570019246,1,,False
614,0,0.41111383,0.439818181,0,0.5779252235,0.5570019246,1,0.7933218192,False
615,1,0.6069256056,0.439818181,1,0.8361147756,0.5570019246,1,,False
616,0,0.05092970072,0.439818181,0,0.01870813625,0.5570019246,0,0.1568796776,False
617,0,0.1466974411,0.439818181,0,0.07559614178,0.5570019246,0,0.3219151794,False
618,0,0.4315170489,0.439818181,0,0.101626786,0.5570019246,0,0.818460948,False
619,0,0.3264159425,0.439818181,0,0.1077935027,0.5570019246,0,0.649011706,False
620,0,0.4578436954,0.439818181,1,0.1978232965,0.5570019246,0,0.8518518519,False
621,0,0.2162891982,0.439818181,0,0.06289563377,0.5570019246,0,0.4416618691,False
622,1,0.6024418463,0.439818181,1,0.8306493997,0.5570019246,1,,False
623,0,0.1242799619,0.439818181,0,0.03341069527,0.5570019246,0,0.2854538476,False
624,0,0.007011177734,0.439818181,0,0.004503177192,0.5570019246,0,0.03607752831,False
625,0,0.186352562,0.439818181,0,0.0672679718,0.5570019246,0,0.3877374784,False
626,0,0.3213472328,0.439818181,0,0.09975643902,0.5570019246,0,0.6392247169,False
627,0,0.07556992867,0.439818181,0,0.04112882927,0.5570019246,0,0.2049510651,False
628,0,0.3542906843,0.439818181,0,0.1336910728,0.5570019246,0,0.6975628478,False
629,0,0.2760589172,0.439818181,0,0.09440948613,0.5570019246,0,0.5499904049,False
630,0,0.2047807134,0.439818181,0,0.09581140737,0.5570019246,0,0.4223757436,False
631,0,0.5573776897,0.439818181,1,0.7057986316,0.5570019246,1,0.9401266552,True
632,0,0.1073511759,0.439818181,0,0.07224320895,0.5570019246,0,0.258683554,False
633,0,0.2109137023,0.439818181,0,0.06713688402,0.5570019246,0,0.4331222414,False
634,1,0.5137650294,0.439818181,1,0.6957413219,0.5570019246,1,,False
635,0,0.1395639894,0.439818181,0,0.02950829077,0.5570019246,0,0.3112646325,False
636,0,0.3916026741,0.439818181,0,0.1643196427,0.5570019246,0,0.7638649012,False
637,0,0.004018862263,0.439818181,0,0.003423436267,0.5570019246,0,0.02206870083,False
638,1,0.6196019219,0.439818181,1,0.9043918994,0.5570019246,1,,False
639,0,0.009535169523,0.439818181,0,0.0063438662,0.5570019246,0,0.04552868931,False
640,0,0.1575725499,0.439818181,0,0.06944444696,0.5570019246,0,0.3395701401,False
641,0,0.3670124247,0.439818181,0,0.08940566702,0.5570019246,0,0.7225100748,False
642,1,0.6365804532,0.439818181,1,0.7201640018,0.5570019246,1,,False
643,0,0.226824387,0.439818181,0,0.11826871,0.5570019246,0,0.4589330263,False
644,0,0.07175548064,0.439818181,0,0.0180829482,0.5570019246,0,0.1976587987,False
645,0,0.1875817303,0.439818181,0,0.0632488227,0.5570019246,0,0.3905200537,False
646,0,0.1291384003,0.439818181,0,0.01969953352,0.5570019246,0,0.2947610823,False
647,0,0.1433913599,0.439818181,0,0.1583659429,0.5570019246,0,0.316925734,False
648,1,0.5750852749,0.439818181,1,0.8823683965,0.5570019246,1,,False
649,0,0.4022171049,0.439818181,0,0.1756854325,0.5570019246,0,0.7808482057,False
650,0,0.2910216136,0.439818181,0,0.08809810499,0.5570019246,0,0.578679716,False
651,0,0.01838739449,0.439818181,0,0.00868109222,0.5570019246,0,0.07915947035,False
652,0,0.005855787903,0.439818181,0,0.006454764621,0.5570019246,0,0.03070427941,False
653,1,0.6225301587,0.439818181,1,0.8799180697,0.5570019246,1,,False
654,0,0.5299189826,0.439818181,1,0.1325486996,0.5570019246,0,0.9201688735,True
655,0,0.2125836291,0.439818181,0,0.09658199566,0.5570019246,0,0.4353291115,False
656,0,0.3796461111,0.439818181,0,0.1148688764,0.5570019246,0,0.7462099405,False
657,0,0.08007183241,0.439818181,0,0.02961284975,0.5570019246,0,0.2127230858,False
658,0,0.2780707132,0.439818181,0,0.08594480286,0.5570019246,0,0.554500096,False
659,0,0.01936610274,0.439818181,0,0.01981981235,0.5570019246,0,0.08232584917,False
660,0,0.01963881232,0.439818181,0,0.02773900648,0.5570019246,0,0.08314143159,False
661,0,0.2566853248,0.439818181,0,0.08848854431,0.5570019246,0,0.5163116484,False
662,0,0.1939535761,0.439818181,0,0.04644343443,0.5570019246,0,0.4027058146,False
663,0,0.1431262361,0.439818181,0,0.05678746801,0.5570019246,0,0.3163500288,False
664,0,0.004631526032,0.439818181,0,0.009444712132,0.5570019246,0,0.02427557091,False
665,0,0.1001682222,0.439818181,0,0.0351763062,0.5570019246,0,0.2461139896,False
666,1,0.7231151927,0.439818181,1,0.8037660128,0.5570019246,1,,False
667,0,0.02875105585,0.439818181,0,0.01611800593,0.5570019246,0,0.1060257148,False
668,0,0.2311288967,0.439818181,0,0.08535501856,0.5570019246,0,0.4671848014,False
669,0,0.3146221959,0.439818181,0,0.1225683945,0.5570019246,0,0.6260794473,False
670,0,0.282764146,0.439818181,0,0.05808937168,0.5570019246,0,0.5633275763,False
671,0,0.02231640529,0.439818181,0,0.02056693044,0.5570019246,0,0.09105737862,False
672,0,0.004419401257,0.439818181,0,0.00407858606,0.5570019246,0,0.02369986567,False
673,0,0.1796469966,0.439818181,0,0.06447379482,0.5570019246,0,0.3776626367,False
674,0,0.2759485989,0.439818181,0,0.07067579134,0.5570019246,0,0.5497985032,False
675,0,0.3083485393,0.439818181,0,0.1131293895,0.5570019246,0,0.6140855882,False
676,0,0.292772965,0.439818181,0,0.7277180178,0.5570019246,1,0.5827096527,False
677,0,0.1301878496,0.439818181,0,0.04230840786,0.5570019246,0,0.2966800998,False
678,0,0.2072208074,0.439818181,0,0.07074315482,0.5570019246,0,0.4269813855,False
679,0,0.3754935515,0.439818181,0,0.117715796,0.5570019246,0,0.738246018,False
680,0,0.02928517806,0.439818181,0,0.02264193802,0.5570019246,0,0.1072730762,False
681,0,0.05739108173,0.439818181,0,0.01288663942,0.5570019246,0,0.1699289964,False
682,0,0.2048876619,0.439818181,0,0.1225668708,0.5570019246,0,0.4227595471,False
683,1,0.6944943659,0.439818181,1,0.7868931405,0.5570019246,1,,False
684,0,0.3460369892,0.439818181,0,0.06312011431,0.5570019246,0,0.6848013817,False
685,0,0.03370394041,0.439818181,0,0.01550709055,0.5570019246,0,0.1192669353,False
686,0,0.2156539821,0.439818181,0,0.07857917315,0.5570019246,0,0.4400307043,False
687,0,0.2166191643,0.439818181,0,0.08432730718,0.5570019246,0,0.4424294761,False
688,0,0.03004971796,0.439818181,0,0.03152070938,0.5570019246,0,0.1090001919,False
689,0,0.2251877691,0.439818181,0,0.05586767606,0.5570019246,0,0.4562464018,False
690,0,0.3965918338,0.439818181,0,0.1452321986,0.5570019246,0,0.771540971,False
691,0,0.027202686,0.439818181,0,0.01267699481,0.5570019246,0,0.1026674343,False
692,0,0.05363440879,0.439818181,0,0.03039846827,0.5570019246,0,0.1614853195,False
693,0,0.4195071177,0.439818181,0,0.1394966095,0.5570019246,0,0.8038764153,False
694,0,0.2641570838,0.439818181,0,0.0518018992,0.5570019246,0,0.5308961812,False
695,1,0.6372802286,0.439818181,1,0.7496241075,0.5570019246,1,,False
696,1,0.5862804239,0.439818181,1,0.8342540948,0.5570019246,1,,False
697,0,0.4083967433,0.439818181,0,0.5245632849,0.5570019246,0,0.7888121282,False
698,1,0.7756597665,0.439818181,1,0.8980888756,0.5570019246,1,,False
699,0,0.3395713584,0.439818181,0,0.1244254752,0.5570019246,0,0.6724237191,False
700,0,0.4263941669,0.439818181,0,0.147831333,0.5570019246,0,0.8130876991,False
701,0,0.009034356362,0.439818181,0,0.005814639407,0.5570019246,0,0.04365764728,False
702,0,0.3140152595,0.439818181,0,0.1049774673,0.5570019246,0,0.6249280368,False
703,1,0.5889938773,0.439818181,1,0.8367858263,0.5570019246,1,,False
704,0,0.08749465431,0.439818181,0,0.02506391529,0.5570019246,0,0.2242371906,False
705,1,0.6318104385,0.439818181,1,0.6770559932,0.5570019246,1,,False
706,0,0.06588490756,0.439818181,0,0.0298588906,0.5570019246,0,0.1865284974,False
707,0,0.1300049864,0.439818181,0,0.07718939817,0.5570019246,0,0.2961043945,False
708,0,0.5424363494,0.439818181,1,0.1585298485,0.5570019246,0,0.9291882556,True
709,0,0.4379323812,0.439818181,0,0.1369480196,0.5570019246,0,0.826808674,False
710,0,0.03425841764,0.439818181,0,0.009095626621,0.5570019246,0,0.1210900019,False
711,0,0.4409297404,0.439818181,1,0.1040134823,0.5570019246,0,0.8310305124,False
712,0,0.04478189886,0.439818181,0,0.02198099763,0.5570019246,0,0.1445979658,False
713,0,0.154158505,0.439818181,0,0.08429773335,0.5570019246,0,0.3341968912,False
714,0,0.04689761913,0.439818181,0,0.01635117061,0.5570019246,0,0.1487238534,False
715,0,0.05079658416,0.439818181,0,0.01079963903,0.5570019246,0,0.1563999232,False
716,0,0.1485029213,0.439818181,0,0.03662877362,0.5570019246,0,0.3254653617,False
717,0,0.3647047327,0.439818181,0,0.08446998895,0.5570019246,0,0.7182882364,False
718,0,0.3320866093,0.439818181,0,0.1198990728,0.5570019246,0,0.6586067933,False
719,0,0.004298702485,0.439818181,0,0.00253822535,0.5570019246,0,0.0236039148,False
720,0,0.2480318668,0.439818181,0,0.2338796557,0.5570019246,0,0.5002878526,False
721,0,0.001231007947,0.439818181,0,0.00113516511,0.5570019246,0,0.005373248897,False
722,0,0.06627829317,0.439818181,0,0.044013832,0.5570019246,0,0.1876799079,False
723,1,0.6903178856,0.439818181,1,0.7277083144,0.5570019246,1,,False
724,0,0.2380358933,0.439818181,0,0.06380675703,0.5570019246,0,0.480330071,False
725,0,0.003091144485,0.439818181,0,0.000111703076,0.5570019246,0,0.01568796776,False
726,0,0.1053201283,0.439818181,0,0.02146945054,0.5570019246,0,0.2547495682,False
727,0,0.4064165752,0.439818181,0,0.1206072581,0.5570019246,0,0.7863174055,False
728,0,0.019227974,0.439818181,0,0.01834821343,0.5570019246,0,0.0818460948,False
729,0,0.09875856815,0.439818181,0,0.06431777579,0.5570019246,0,0.2438111687,False
730,0,0.03958569802,0.439818181,0,0.02719335159,0.5570019246,0,0.1339474189,False
731,0,0.3792589843,0.439818181,0,0.1323787199,0.5570019246,0,0.7454423335,False
732,0,0.2398073522,0.439818181,0,0.03683079705,0.5570019246,0,0.4845519094,False
733,0,0.3113495671,0.439818181,0,0.07341799398,0.5570019246,0,0.6190750336,False
734,0,0.3267931517,0.439818181,0,0.0740359648,0.5570019246,0,0.6493955095,False
735,0,0.4481467449,0.439818181,1,0.1319050866,0.5570019246,0,0.8402417962,False
736,1,0.6265424728,0.439818181,1,0.8004770963,0.5570019246,1,,False
737,0,0.01992430515,0.439818181,0,0.02847085117,0.5570019246,0,0.08386106314,False
738,0,0.3122285945,0.439818181,0,0.6009242995,0.5570019246,1,0.620994051,False
739,0,0.2560527092,0.439818181,0,0.07332605712,0.5570019246,0,0.5148723853,False
740,0,0.3753978418,0.439818181,0,0.1485077508,0.5570019246,0,0.7379581654,False
741,0,0.504926254,0.439818181,1,0.5778255336,0.5570019246,1,0.8998272884,False
742,0,0.44556551,0.439818181,1,0.1231321953,0.5570019246,0,0.83736327,False
743,0,0.217004681,0.439818181,0,0.06080962993,0.5570019246,0,0.4428132796,False
744,0,0.008916512275,0.439818181,0,0.006351268596,0.5570019246,0,0.04308194205,False
745,0,0.5556818529,0.439818181,1,0.117912706,0.5570019246,0,0.9389752447,True
746,0,0.08554244871,0.439818181,0,0.04293325155,0.5570019246,0,0.2223181731,False
747,0,0.3725177445,0.439818181,0,0.07889758445,0.5570019246,0,0.7328727691,False
748,0,0.1301673635,0.439818181,0,0.1008058149,0.5570019246,0,0.2965841489,False
749,0,0.310842516,0.439818181,0,0.1009273721,0.5570019246,0,0.6178276722,False
750,0,0.3129295102,0.439818181,0,0.05987831818,0.5570019246,0,0.6230090194,False
751,1,0.5032129361,0.439818181,1,0.7226244229,0.5570019246,1,,False
752,0,0.2849803423,0.439818181,0,0.06815540347,0.5570019246,0,0.5678372673,False
753,1,0.7476602318,0.439818181,1,0.8915281412,0.5570019246,1,,False
754,0,0.2224964123,0.439818181,0,0.1196719577,0.5570019246,0,0.4520245634,False
755,0,0.3686381429,0.439818181,0,0.1024488661,0.5570019246,0,0.7251007484,False
756,0,0.3996791371,0.439818181,0,0.1383243162,0.5570019246,0,0.7767223182,False
757,0,0.2819250021,0.439818181,0,0.5400881861,0.5570019246,0,0.5619842641,False
758,0,0.04709663612,0.439818181,0,0.01209692003,0.5570019246,0,0.1491076569,False
759,1,0.7093814097,0.439818181,1,0.924424403,0.5570019246,1,,False
760,0,0.3537676723,0.439818181,0,0.05858679963,0.5570019246,0,0.6964114373,False
761,1,0.7015412194,0.439818181,1,0.7689730444,0.5570019246,1,,False
762,0,0.3037575125,0.439818181,0,0.05691159673,0.5570019246,0,0.6037228939,False
763,0,0.06792374563,0.439818181,0,0.02551574333,0.5570019246,0,0.1909422376,False
764,0,0.001781130997,0.439818181,0,0.001264449002,0.5570019246,0,0.008731529457,False
765,0,0.04205360082,0.439818181,0,0.01698446178,0.5570019246,0,0.1387449626,False
766,0,0.01652291058,0.439818181,0,0.01877513504,0.5570019246,0,0.07273076185,False
767,0,0.06169651209,0.439818181,0,0.03842142965,0.5570019246,0,0.179236231,False
768,0,0.3483477954,0.439818181,0,0.0684559667,0.5570019246,0,0.6890232201,False
769,0,0.3882655643,0.439818181,0,0.08941028411,0.5570019246,0,0.7576280944,False
770,0,0.5633984563,0.439818181,1,0.572553994,0.5570019246,1,0.9439646901,True
771,0,0.4080657068,0.439818181,0,0.06298985185,0.5570019246,0,0.7881404721,False
772,0,0.1922933827,0.439818181,0,0.05477495564,0.5570019246,0,0.3989637306,False
773,1,0.6949213847,0.439818181,1,0.746278883,0.5570019246,1,,False
774,0,0.3882670395,0.439818181,0,0.1257005153,0.5570019246,0,0.7577240453,False
775,0,0.005843205227,0.439818181,0,0.004550282796,0.5570019246,0,0.03041642679,False
776,0,0.2074990978,0.439818181,0,0.07165487456,0.5570019246,0,0.4271732873,False
777,0,0.1900898141,0.439818181,0,0.1111613331,0.5570019246,0,0.3950297448,False
778,0,0.4590158998,0.439818181,1,0.541497472,0.5570019246,0,0.8530992132,False
779,0,0.276969539,0.439818181,0,0.08274526869,0.5570019246,0,0.5524851276,False
780,1,0.5661544618,0.439818181,1,0.7758491674,0.5570019246,1,,False
781,0,0.02668825688,0.439818181,0,0.01174602384,0.5570019246,0,0.101324122,False
782,0,0.2994179587,0.439818181,0,0.139540801,0.5570019246,0,0.597582038,False
783,0,0.4416784013,0.439818181,1,0.09307928821,0.5570019246,0,0.8319900211,False
784,1,0.593611767,0.439818181,1,0.8281722541,0.5570019246,1,,False
785,0,0.1678158516,0.439818181,0,0.0837760444,0.5570019246,0,0.3578967569,False
786,0,0.01887350943,0.439818181,0,0.01551005317,0.5570019246,0,0.08088658607,False
787,0,0.05416881877,0.439818181,0,0.02606266817,0.5570019246,0,0.1621569756,False
788,0,0.4270004343,0.439818181,0,0.10204511,0.5570019246,0,0.8134715026,False
789,0,0.3445793073,0.439818181,0,0.1144292619,0.5570019246,0,0.6824985607,False
790,0,0.00962399487,0.439818181,0,0.003510548513,0.5570019246,0,0.04586451737,False
791,0,0.05848396946,0.439818181,0,0.02709479101,0.5570019246,0,0.1730953752,False
792,0,0.03975975115,0.439818181,0,0.02543093953,0.5570019246,0,0.1343312224,False
793,0,0.4463045251,0.439818181,1,0.1348612119,0.5570019246,0,0.838130877,False
794,0,0.135852615,0.439818181,0,0.07949597052,0.5570019246,0,0.3053156784,False
795,0,0.1778728912,0.439818181,0,0.07107593512,0.5570019246,0,0.3736327001,False
796,0,0.1858522822,0.439818181,0,0.05385666265,0.5570019246,0,0.387257724,False
797,0,0.4713869529,0.439818181,1,0.629840642,0.5570019246,1,0.8667242372,False
798,0,0.04392507411,0.439818181,0,0.03318019288,0.5570019246,0,0.1424870466,False
799,0,0.0977718321,0.439818181,0,0.04622761727,0.5570019246,0,0.2426597582,False
800,0,0.5521459555,0.439818181,1,0.5110811998,0.5570019246,0,0.9360967185,True
801,0,0.3930247737,0.439818181,0,0.1624704481,0.5570019246,0,0.7661677221,False
802,0,0.3890089099,0.439818181,0,0.1662482783,0.5570019246,0,0.7595471119,False
803,1,0.6808214683,0.439818181,1,0.8309543262,0.5570019246,1,,False
804,0,0.01110012961,0.439818181,0,0.003868063086,0.5570019246,0,0.0532527346,False
805,0,0.001654514221,0.439818181,0,0.002339342661,0.5570019246,0,0.007484168106,False
806,0,0.009627324668,0.439818181,0,0.02169131635,0.5570019246,0,0.04596046824,False
807,0,0.3250146295,0.439818181,0,0.7067074078,0.5570019246,1,0.6460372289,False
808,0,0.01892327715,0.439818181,0,0.02200659276,0.5570019246,0,0.08107848781,False
809,0,0.1790730026,0.439818181,0,0.07586667842,0.5570019246,0,0.376703128,False
810,0,0.5162026515,0.439818181,1,0.1596290255,0.5570019246,0,0.9093264249,True
811,1,0.7151554256,0.439818181,1,0.7603447891,0.5570019246,1,,False
812,0,0.09400897832,0.439818181,0,0.03219348231,0.5570019246,0,0.2367108041,False
813,0,0.04730794037,0.439818181,0,0.0164337403,0.5570019246,0,0.1493955095,False
814,1,0.3566935402,0.439818181,0,0.7565783571,0.5570019246,1,,False
815,0,0.07436327895,0.439818181,0,0.03956034493,0.5570019246,0,0.202744195,False
816,0,0.4583204831,0.439818181,1,0.106963354,0.5570019246,0,0.8524275571,False
817,0,0.1062238612,0.439818181,0,0.05211237824,0.5570019246,0,0.2564766839,False
818,0,0.1594157849,0.439818181,0,0.1165597326,0.5570019246,0,0.3427365189,False
819,0,0.1993248557,0.439818181,0,0.08186747495,0.5570019246,0,0.4117251967,False
820,0,0.008629659935,0.439818181,0,0.01291401123,0.5570019246,0,0.04212243331,False
821,0,0.1096482687,0.439818181,0,0.0468049011,0.5570019246,0,0.2630013433,False
822,0,0.06974404508,0.439818181,0,0.01871188874,0.5570019246,0,0.1947802725,False
823,0,0.001982834938,0.439818181,0,0.002836357751,0.5570019246,0,0.009786989062,False
824,0,0.003895287427,0.439818181,0,0.005269763435,0.5570019246,0,0.02130109384,False
825,0,0.02951844118,0.439818181,0,0.01719123584,0.5570019246,0,0.1079447323,False
826,0,0.2961540651,0.439818181,0,0.09227268547,0.5570019246,0,0.5896181155,False
827,0,0.4034443871,0.439818181,0,0.1229668894,0.5570019246,0,0.7824793706,False
828,0,0.0869815914,0.439818181,0,0.02363917451,0.5570019246,0,0.2238533871,False
829,0,0.3581576116,0.439818181,0,0.5599089027,0.5570019246,1,0.7056227212,False
830,0,0.2408216798,0.439818181,0,0.09972098718,0.5570019246,0,0.4865668778,False
831,0,0.4658714255,0.439818181,1,0.08313943572,0.5570019246,0,0.8594319708,False
832,0,0.005515242305,0.439818181,0,0.006657554101,0.5570019246,0,0.02897716369,False
833,0,0.01308499215,0.439818181,0,0.01255371377,0.5570019246,0,0.06025714834,False
834,0,0.2588094836,0.439818181,0,0.1135178179,0.5570019246,0,0.520437536,False
835,0,0.4852726238,0.439818181,1,0.1547760245,0.5570019246,0,0.8808290155,False
836,0,0.1231725036,0.439818181,0,0.07479435694,0.5570019246,0,0.2842064863,False
837,0,0.3860266776,0.439818181,0,0.09831949226,0.5570019246,0,0.754173863,False
838,1,0.5089524341,0.439818181,1,0.6756922457,0.5570019246,1,,False
839,0,0.3304312173,0.439818181,0,0.08367824079,0.5570019246,0,0.6552485128,False
840,0,0.01500649166,0.439818181,0,0.0142335662,0.5570019246,0,0.0675494147,False
841,0,0.3507129042,0.439818181,0,0.1004106064,0.5570019246,0,0.6919017463,False
842,0,0.06332143249,0.439818181,0,0.02731836128,0.5570019246,0,0.1817309538,False
843,0,0.4354234855,0.439818181,0,0.1251200602,0.5570019246,0,0.823738246,False
844,0,0.2003049263,0.439818181,0,0.04739323586,0.5570019246,0,0.4146037229,False
845,0,0.3594571439,0.439818181,0,0.1475592412,0.5570019246,0,0.7075417386,False
846,1,0.6877583231,0.439818181,1,0.7895395868,0.5570019246,1,,False
847,0,0.3678296844,0.439818181,0,0.08044454569,0.5570019246,0,0.7238533871,False
848,0,0.02233335039,0.439818181,0,0.0197214058,0.5570019246,0,0.09124928037,False
849,0,0.5566090956,0.439818181,1,0.6129363214,0.5570019246,1,0.9396469008,True
850,0,0.274956029,0.439818181,0,0.08401509251,0.5570019246,0,0.5483592401,False
851,0,0.1993766629,0.439818181,0,0.06333970661,0.5570019246,0,0.4119170984,False
852,0,0.3561832854,0.439818181,0,0.1053910098,0.5570019246,0,0.7008251775,False
853,0,0.006352213613,0.439818181,0,0.003370275906,0.5570019246,0,0.0335828056,False
854,1,0.7630243089,0.439818181,1,0.8352266639,0.5570019246,1,,False
855,0,0.4613988383,0.439818181,1,0.09785646262,0.5570019246,0,0.8548263289,False
856,0,0.3986809199,0.439818181,0,0.1392004849,0.5570019246,0,0.7747073498,False
857,0,0.08890217864,0.439818181,0,0.05063774465,0.5570019246,0,0.2274995202,False
858,0,0.3824121679,0.439818181,0,0.7432643934,0.5570019246,1,0.7495682211,False
859,1,0.6816358133,0.439818181,1,0.8942032156,0.5570019246,1,,False
860,0,0.4904934182,0.439818181,1,0.1051010634,0.5570019246,0,0.8857225101,False
861,0,0.5746822051,0.439818181,1,0.1822579991,0.5570019246,0,0.9508731529,True
862,0,0.164454564,0.439818181,0,0.0488182088,0.5570019246,0,0.3512761466,False
863,0,0.144522066,0.439818181,0,0.07157735,0.5570019246,0,0.3186528497,False
864,1,0.6716124559,0.439818181,1,0.8762577793,0.5570019246,1,,False
865,0,0.02836879073,0.439818181,0,0.008580524961,0.5570019246,0,0.1050662061,False
866,0,0.05878656549,0.439818181,0,0.01899631136,0.5570019246,0,0.173958933,False
867,0,0.4273102638,0.439818181,0,0.1790904543,0.5570019246,0,0.8136634043,False
868,0,0.3194645618,0.439818181,0,0.07088184017,0.5570019246,0,0.6354826329,False
869,0,0.2451688031,0.439818181,0,0.07026848308,0.5570019246,0,0.4952984072,False
870,0,0.2027455259,0.439818181,0,0.08359034055,0.5570019246,0,0.4194012666,False
871,0,0.007293944052,0.439818181,0,0.00423371161,0.5570019246,0,0.0375167914,False
872,0,0.4965348715,0.439818181,1,0.1210522188,0.5570019246,0,0.8911917098,False
873,0,0.009947388302,0.439818181,0,0.004428167517,0.5570019246,0,0.04768758396,False
874,0,0.3742777767,0.439818181,0,0.1157944952,0.5570019246,0,0.7361350988,False
875,0,0.4328521924,0.439818181,0,0.1256281246,0.5570019246,0,0.8197083093,False
876,0,0.01496126787,0.439818181,0,0.008342613352,0.5570019246,0,0.06726156208,False
877,0,0.2345002772,0.439818181,0,0.4969953943,0.5570019246,0,0.4737094608,False
878,0,0.2609255092,0.439818181,0,0.4948878627,0.5570019246,0,0.5235079639,False
879,1,0.6965646627,0.439818181,1,0.9039277138,0.5570019246,1,,False
880,0,0.09090095252,0.439818181,0,0.02766974371,0.5570019246,0,0.2312416043,False
881,0,0.01707418144,0.439818181,0,0.00796662979,0.5570019246,0,0.0754173863,False
882,0,0.08852713415,0.439818181,0,0.05402255686,0.5570019246,0,0.2265400115,False
883,0,0.3028098638,0.439818181,0,0.0770065733,0.5570019246,0,0.6027633851,False
884,0,0.3684582039,0.439818181,0,0.1465833714,0.5570019246,0,0.7248128958,False
885,0,0.4237955763,0.439818181,0,0.5767971536,0.5570019246,1,0.8096334677,False
886,0,0.1048035728,0.439818181,0,0.07693924772,0.5570019246,0,0.2538860104,False
887,0,0.3146965629,0.439818181,0,0.06048619261,0.5570019246,0,0.6263672999,False
888,0,0.1133160131,0.439818181,0,0.0608635966,0.5570019246,0,0.2696219536,False
889,0,0.003508561462,0.439818181,0,0.00203668429,0.5570019246,0,0.01880637114,False
890,0,0.003091144485,0.439818181,0,0.000111703076,0.5570019246,0,0.01568796776,False
891,0,0.5210450175,0.439818181,1,0.08597475564,0.5570019246,0,0.9136442142,True
892,0,0.4223427779,0.439818181,0,0.09152427953,0.5570019246,0,0.8076184993,False
893,0,0.1599257337,0.439818181,0,0.03080409418,0.5570019246,0,0.3440798311,False
894,0,0.1654992948,0.439818181,0,0.04740135457,0.5570019246,0,0.3530992132,False
895,0,0.4792260558,0.439818181,1,0.6081035845,0.5570019246,1,0.8757436193,False
896,0,0.07769082011,0.439818181,0,0.01435521521,0.5570019246,0,0.2087891,False
897,1,0.4889464935,0.439818181,1,0.7808543172,0.5570019246,1,,False
898,0,0.0703028903,0.439818181,0,0.04870792239,0.5570019246,0,0.1957397812,False
899,0,0.230994086,0.439818181,0,0.05887410402,0.5570019246,0,0.4669928996,False
900,0,0.08545542811,0.439818181,0,0.02652305807,0.5570019246,0,0.2220303205,False
901,0,0.09170171158,0.439818181,0,0.02173992411,0.5570019246,0,0.2332565726,False
902,0,0.08522978444,0.439818181,0,0.6261399285,0.5570019246,1,0.2217424679,False
903,0,0.1913439417,0.439818181,0,0.04216176946,0.5570019246,0,0.397140664,False
904,1,0.5893106149,0.439818181,1,0.8677437604,0.5570019246,1,,False
905,0,0.1827248576,0.439818181,0,0.09189029876,0.5570019246,0,0.382748033,False
906,1,0.723630924,0.439818181,1,0.7697399818,0.5570019246,1,,False
907,0,0.620266198,0.439818181,1,0.6138259061,0.5570019246,1,0.9698714258,True
908,0,0.0212400245,0.439818181,0,0.008887426816,0.5570019246,0,0.08808290155,False
909,0,0.02607899865,0.439818181,0,0.0266575054,0.5570019246,0,0.1001727116,False
910,0,0.2174698064,0.439818181,0,0.08437897821,0.5570019246,0,0.444060641,False
911,0,0.2216460687,0.439818181,0,0.3089657236,0.5570019246,0,0.4505853003,False
912,0,0.07309282836,0.439818181,0,0.01763214425,0.5570019246,0,0.199673767,False
913,0,0.3289389346,0.439818181,0,0.09769759685,0.5570019246,0,0.6530416427,False
914,0,0.2393609168,0.439818181,0,0.05007232476,0.5570019246,0,0.4834004989,False
915,0,0.2054800489,0.439818181,0,0.07420194237,0.5570019246,0,0.4239109576,False
916,0,0.1881745776,0.439818181,0,0.103151467,0.5570019246,0,0.3917674151,False
917,0,0.2909761472,0.439818181,0,0.07857619663,0.5570019246,0,0.5785837651,False
918,0,0.07076574936,0.439818181,0,0.03227437101,0.5570019246,0,0.1963154865,False
919,0,0.2056416142,0.439818181,0,0.1350268939,0.5570019246,0,0.4241988102,False
920,0,0.4740760166,0.439818181,1,0.1110458212,0.5570019246,0,0.8696027634,False
921,0,0.1915740187,0.439818181,0,0.04268847758,0.5570019246,0,0.3976204183,False
922,0,0.5350036842,0.439818181,1,0.1583129338,0.5570019246,0,0.9237190558,True
923,0,0.003426894953,0.439818181,0,0.0004128003243,0.5570019246,0,0.01847054308,False
924,0,0.3249822202,0.439818181,0,0.1381336515,0.5570019246,0,0.6459412781,False
925,0,0.3994671221,0.439818181,0,0.1603279374,0.5570019246,0,0.7761466129,False
926,0,0.3754440846,0.439818181,0,0.1256524727,0.5570019246,0,0.7381500672,False
927,0,0.03355730122,0.439818181,0,0.008093908601,0.5570019246,0,0.1186912301,False
928,0,0.03142151476,0.439818181,0,0.01707464175,0.5570019246,0,0.1129341777,False
929,0,0.1211117329,0.439818181,0,0.03943246217,0.5570019246,0,0.2812320092,False
930,0,0.006783941808,0.439818181,0,0.004874686125,0.5570019246,0,0.03559777394,False
931,0,0.07544862739,0.439818181,0,0.01533420748,0.5570019246,0,0.2045672616,False
932,0,0.2330911312,0.439818181,0,0.3569299464,0.5570019246,0,0.4712147381,False
933,0,0.4487214385,0.439818181,1,0.1418352437,0.5570019246,0,0.8411053541,False
934,0,0.005413157527,0.439818181,0,0.003411823944,0.5570019246,0,0.02830550758,False
935,0,0.1965198414,0.439818181,0,0.08069422578,0.5570019246,0,0.4074074074,False
936,0,0.06349293532,0.439818181,0,0.02957042055,0.5570019246,0,0.1819228555,False
937,0,0.01403202147,0.439818181,0,0.0074780892,0.5570019246,0,0.06294377279,False
938,0,0.2768207767,0.439818181,0,0.1325131904,0.5570019246,0,0.5518134715,False
939,0,0.2676668482,0.439818181,0,0.04277085953,0.5570019246,0,0.5365572827,False
940,1,0.6005559982,0.439818181,1,0.8298741699,0.5570019246,1,,False
941,0,0.4477960679,0.439818181,1,0.1276808691,0.5570019246,0,0.8397620418,False
942,0,0.1489576743,0.439818181,0,0.05872871383,0.5570019246,0,0.3261370178,False
943,0,0.01883245878,0.439818181,0,0.007512852409,0.5570019246,0,0.08050278258,False
944,0,0.28995022,0.439818181,0,0.05778388258,0.5570019246,0,0.5769526003,False
945,0,0.3397288444,0.439818181,0,0.6507574111,0.5570019246,1,0.6728075225,False
946,0,0.01323436572,0.439818181,0,0.006956864146,0.5570019246,0,0.06073690271,False
947,0,0.1622992292,0.439818181,0,0.06565824837,0.5570019246,0,0.3481097678,False
948,0,0.001115701128,0.439818181,0,0.0008300490697,0.5570019246,0,0.003214354251,False
949,0,0.3726138363,0.439818181,0,0.522129832,0.5570019246,0,0.7331606218,False
950,0,0.3021374492,0.439818181,0,0.2399699803,0.5570019246,0,0.6017079255,False
951,0,0.430403876,0.439818181,0,0.0906227548,0.5570019246,0,0.8166378814,False
952,0,0.01750647829,0.439818181,0,0.005152301889,0.5570019246,0,0.07724045289,False
953,0,0.2102406619,0.439818181,0,0.09637476266,0.5570019246,0,0.4323546344,False
954,0,0.2003178018,0.439818181,0,0.04972741417,0.5570019246,0,0.4146996738,False
955,1,0.4188095077,0.439818181,0,0.8632427204,0.5570019246,1,,False
956,0,0.3986017375,0.439818181,0,0.6506320321,0.5570019246,1,0.7743235463,False
957,0,0.009535169523,0.439818181,0,0.0063438662,0.5570019246,0,0.04552868931,False
958,0,0.01996204588,0.439818181,0,0.00583796089,0.5570019246,0,0.08414891576,False
959,0,0.2081939913,0.439818181,0,0.07293645507,0.5570019246,0,0.4289963539,False
960,0,0.01419637411,0.439818181,0,0.007967992517,0.5570019246,0,0.06409518327,False
961,0,0.04464165624,0.439818181,0,0.03434960636,0.5570019246,0,0.1442141623,False
962,0,0.2569766099,0.439818181,0,0.09181459614,0.5570019246,0,0.5171752063,False
963,0,0.1802184822,0.439818181,0,0.07334043685,0.5570019246,0,0.3787180963,False
964,0,0.2336589992,0.439818181,0,0.05417854928,0.5570019246,0,0.471982345,False
965,0,0.2170799188,0.439818181,0,0.07503649944,0.5570019246,0,0.4429092305,False
966,0,0.2989972484,0.439818181,0,0.5290713745,0.5570019246,0,0.5964306275,False
967,0,0.332479265,0.439818181,0,0.1239867274,0.5570019246,0,0.6595663021,False
968,0,0.3624566513,0.439818181,0,0.09571986927,0.5570019246,0,0.7136825945,False
969,0,0.3742385156,0.439818181,0,0.1515330806,0.5570019246,0,0.736039148,False
970,0,0.3591843023,0.439818181,0,0.07258923847,0.5570019246,0,0.7071579351,False
971,0,0.1729898835,0.439818181,0,0.09258272767,0.5570019246,0,0.3652849741,False
972,0,0.1641317794,0.439818181,0,0.07774437893,0.5570019246,0,0.3506044905,False
973,0,0.2000711736,0.439818181,0,0.06941402097,0.5570019246,0,0.4138361159,False
974,0,0.07220054426,0.439818181,0,0.01774636495,0.5570019246,0,0.1981385531,False
975,0,0.001115701128,0.439818181,0,0.0008300490697,0.5570019246,0,0.003214354251,False
976,0,0.1737994402,0.439818181,0,0.113236233,0.5570019246,0,0.3673958933,False
977,0,0.05907982394,0.439818181,0,0.02644016455,0.5570019246,0,0.1744386874,False
978,0,0.5166895292,0.439818181,1,0.08434267031,0.5570019246,0,0.9097102284,True
979,0,0.1156021845,0.439818181,0,0.03837240654,0.5570019246,0,0.273076185,False
980,1,0.7106918119,0.439818181,1,0.7992703692,0.5570019246,1,,False
981,0,0.08407691951,0.439818181,0,0.0353374902,0.5570019246,0,0.2195355978,False
982,0,0.1282319633,0.439818181,0,0.04521090655,0.5570019246,0,0.2932258684,False
983,0,0.3330034442,0.439818181,0,0.06551294256,0.5570019246,0,0.6604298599,False
984,1,0.5535927085,0.439818181,1,0.8600939559,0.5570019246,1,,False
985,0,0.1769186155,0.439818181,0,0.08855997893,0.5570019246,0,0.3719055843,False
986,0,0.03946309187,0.439818181,0,0.02920919267,0.5570019246,0,0.1337555172,False
987,0,0.1825390579,0.439818181,0,0.1121737982,0.5570019246,0,0.3825561313,False
988,0,0.161973658,0.439818181,0,0.09276457092,0.5570019246,0,0.3475340626,False
989,0,0.04295844069,0.439818181,0,0.01837507608,0.5570019246,0,0.1409518327,False
990,0,0.3678808907,0.439818181,0,0.08196325265,0.5570019246,0,0.7241412397,False
991,0,0.2547050596,0.439818181,0,0.08750597697,0.5570019246,0,0.5118979083,False
992,0,0.2415797923,0.439818181,0,0.1011875525,0.5570019246,0,0.48791019,False
993,0,0.04253456934,0.439818181,0,0.02225461966,0.5570019246,0,0.1397044713,False
994,0,0.01077479982,0.439818181,0,0.001504723863,0.5570019246,0,0.05171752063,False
995,0,0.1536192491,0.439818181,0,0.04678651975,0.5570019246,0,0.3335252351,False
996,0,0.2561777794,0.439818181,0,0.05975993234,0.5570019246,0,0.5150642871,False
997,0,0.3454437038,0.439818181,0,0.1143378847,0.5570019246,0,0.6841297256,False
998,0,0.1302510189,0.439818181,0,0.01909070369,0.5570019246,0,0.2968720015,False
999,0,0.05487850497,0.439818181,0,0.01319879982,0.5570019246,0,0.1636921896,False
1000,0,0.2016090358,0.439818181,0,0.0531432516,0.5570019246,0,0.4172903473,False
1001,0,0.5250408117,0.439818181,1,0.09348011725,0.5570019246,0,0.9170984456,True
1002,0,0.3987682059,0.439818181,0,0.1150437005,0.5570019246,0,0.7749952025,False
1003,0,0.297199079,0.439818181,0,0.09569140789,0.5570019246,0,0.59230474,False
1004,0,0.2236214992,0.439818181,0,0.08867804081,0.5570019246,0,0.45384763,False
1005,0,0.05030436303,0.439818181,0,0.03981503995,0.5570019246,0,0.1551525619,False
1006,0,0.1677838674,0.439818181,0,0.045579271,0.5570019246,0,0.3576089042,False
1007,0,0.03647305853,0.439818181,0,0.03481980138,0.5570019246,0,0.1271349069,False
1008,0,0.1083282149,0.439818181,0,0.02164881626,0.5570019246,0,0.2605066206,False
1009,0,0.0105770394,0.439818181,0,0.005523536785,0.5570019246,0,0.05104586452,False
1010,0,0.4992855553,0.439818181,1,0.1562084098,0.5570019246,0,0.8944540395,False
1011,0,0.04817348703,0.439818181,0,0.03498796755,0.5570019246,0,0.1511226252,False
1012,0,0.2127726405,0.439818181,0,0.08695087079,0.5570019246,0,0.4356169641,False
1013,0,0.01287248808,0.439818181,0,0.003145381541,0.5570019246,0,0.05939359048,False
1014,0,0.1100039405,0.439818181,0,0.03577400071,0.5570019246,0,0.2637689503,False
1015,0,0.03806866152,0.439818181,0,0.02604879534,0.5570019246,0,0.1305891384,False
1016,0,0.3341783087,0.439818181,0,0.124291591,0.5570019246,0,0.6624448282,False
1017,0,0.3566539907,0.439818181,0,0.06748920389,0.5570019246,0,0.7022644406,False
1018,0,0.2951771221,0.439818181,0,0.1265943981,0.5570019246,0,0.5876990981,False
1019,0,0.01037779161,0.439818181,0,0.01042453536,0.5570019246,0,0.05047015928,False
1020,0,0.2837170221,0.439818181,0,0.1536765497,0.5570019246,0,0.5655344464,False
1021,0,0.0566759588,0.439818181,0,0.01640104785,0.5570019246,0,0.1683937824,False
1022,0,0.5079600783,0.439818181,1,0.177784067,0.5570019246,0,0.9021301094,True
1023,0,0.003615372582,0.439818181,0,0.001098246738,0.5570019246,0,0.01919017463,False
1024,0,0.001780469673,0.439818181,0,0.001027568557,0.5570019246,0,0.008443676837,False
1025,0,0.1491889497,0.439818181,0,0.0335804086,0.5570019246,0,0.3269046248,False
1026,0,0.3288696859,0.439818181,0,0.1353996801,0.5570019246,0,0.6528497409,False
1027,0,0.3375604771,0.439818181,0,0.4591327296,0.5570019246,0,0.668681635,False
1028,0,0.03299804861,0.439818181,0,0.007963128496,0.5570019246,0,0.1171560161,False
1029,0,0.03230963135,0.439818181,0,0.02081251837,0.5570019246,0,0.1147572443,False
1030,1,0.5734255381,0.439818181,1,0.8373880325,0.5570019246,1,,False
1031,0,0.2173225444,0.439818181,0,0.6543900033,0.5570019246,1,0.4436768375,False
1032,0,0.06385777857,0.439818181,0,0.03097186142,0.5570019246,0,0.1824026099,False
1033,1,0.5655477473,0.439818181,1,0.8593626029,0.5570019246,1,,False
1034,0,0.01852639451,0.439818181,0,0.01100458741,0.5570019246,0,0.07925542122,False
1035,0,0.001115701128,0.439818181,0,0.0008300490697,0.5570019246,0,0.003214354251,False
1036,0,0.002215471233,0.439818181,0,0.002485844307,0.5570019246,0,0.01218576089,False
1037,0,0.4367088845,0.439818181,0,0.1673282095,0.5570019246,0,0.8250815582,False
1038,0,0.4427141782,0.439818181,1,0.125973124,0.5570019246,0,0.8330454807,False
1039,0,0.392785701,0.439818181,0,0.07331301988,0.5570019246,0,0.7655920169,False
1040,0,0.1577174921,0.439818181,0,0.03675713773,0.5570019246,0,0.3400498945,False
1041,0,0.2764652902,0.439818181,0,0.08319800156,0.5570019246,0,0.5509499136,False
1042,0,0.3128696909,0.439818181,0,0.1295658134,0.5570019246,0,0.6229130685,False
1043,1,0.4129225805,0.439818181,0,0.8070284091,0.5570019246,1,,False
1044,0,0.3376579874,0.439818181,0,0.06380680912,0.5570019246,0,0.6691613894,False
1045,0,0.1035434898,0.439818181,0,0.03876671218,0.5570019246,0,0.2519669929,False
1046,0,0.05485468822,0.439818181,0,0.02630615486,0.5570019246,0,0.1633083861,False
1047,0,0.1794457253,0.439818181,0,0.08514547338,0.5570019246,0,0.377470735,False
1048,0,0.002872401906,0.439818181,0,0.0004128003243,0.5570019246,0,0.01448858185,False
1049,0,0.113034372,0.439818181,0,0.04217478114,0.5570019246,0,0.2688543466,False
1050,1,0.670403455,0.439818181,1,0.8979731679,0.5570019246,1,,False
1051,1,0.6877059309,0.439818181,1,0.8752829389,0.5570019246,1,,False
1052,0,0.4930924426,0.439818181,1,0.1715939231,0.5570019246,0,0.8870658223,False
1053,0,0.02637583866,0.439818181,0,0.01717442841,0.5570019246,0,0.1005565151,False
1054,0,0.2010522476,0.439818181,0,0.05993507144,0.5570019246,0,0.4164267895,False
1055,0,0.1914093068,0.439818181,0,0.06204614617,0.5570019246,0,0.3972366149,False
1056,0,0.01029659577,0.439818181,0,0.007544869242,0.5570019246,0,0.04960660142,False
1057,0,0.2817476393,0.439818181,0,0.06838540376,0.5570019246,0,0.5613126079,False
1058,0,0.2264888942,0.439818181,0,0.05288988723,0.5570019246,0,0.4584532719,False
1059,0,0.3051356686,0.439818181,0,0.08093460029,0.5570019246,0,0.6076568797,False
1060,0,0.001168782233,0.439818181,0,0.0002473930057,0.5570019246,0,0.004461715602,False
1061,0,0.1816570876,0.439818181,0,0.04998241962,0.5570019246,0,0.3811168682,False
1062,0,0.02202946022,0.439818181,0,0.01266108656,0.5570019246,0,0.09009786989,False
1063,0,0.05961916936,0.439818181,0,0.0493725432,0.5570019246,0,0.1755900979,False
1064,0,0.3889269162,0.439818181,0,0.08451676177,0.5570019246,0,0.7591633084,False
1065,0,0.369954806,0.439818181,0,0.06824867438,0.5570019246,0,0.7270197659,False
1066,0,0.02115592555,0.439818181,0,0.006821381401,0.5570019246,0,0.08760314719,False
1067,0,0.1989086985,0.439818181,0,0.05042197252,0.5570019246,0,0.4109575897,False
1068,1,0.6932932201,0.439818181,1,0.9089372334,0.5570019246,1,,False
1069,0,0.2728307754,0.439818181,0,0.08054768877,0.5570019246,0,0.5445212051,False
1070,1,0.6340693274,0.439818181,1,0.7444485121,0.5570019246,1,,False
1071,0,0.0268509982,0.439818181,0,0.02168637473,0.5570019246,0,0.1018038764,False
1072,0,0.07367834134,0.439818181,0,0.02595646352,0.5570019246,0,0.2011130301,False
1073,0,0.5000482956,0.439818181,1,0.1776532231,0.5570019246,0,0.8953175974,False
1074,0,0.3197229996,0.439818181,0,0.07215434983,0.5570019246,0,0.6360583381,False
1075,0,0.02903825296,0.439818181,0,0.0123264073,0.5570019246,0,0.1066973709,False
1076,0,0.2553695483,0.439818181,0,0.06996340811,0.5570019246,0,0.5133371714,False
1077,0,0.3512687295,0.439818181,0,0.09564697186,0.5570019246,0,0.6932450585,False
1078,0,0.3249793281,0.439818181,0,0.06740661586,0.5570019246,0,0.6458453272,False
1079,0,0.03059290785,0.439818181,0,0.01561334275,0.5570019246,0,0.1110151602,False
1080,0,0.1744027708,0.439818181,0,0.6124108712,0.5570019246,1,0.3677796968,False
1081,0,0.128856907,0.439818181,0,0.5425066996,0.5570019246,0,0.2938975245,False
1082,0,0.175029226,0.439818181,0,0.08675230656,0.5570019246,0,0.3685473038,False
1083,0,0.2719170811,0.439818181,0,0.07325296482,0.5570019246,0,0.5426981386,False
1084,0,0.3933041763,0.439818181,0,0.07351459591,0.5570019246,0,0.7665515256,False
1085,0,0.2369374084,0.439818181,0,0.07642882391,0.5570019246,0,0.4783151027,False
1086,0,0.280108042,0.439818181,0,0.08518302189,0.5570019246,0,0.5585300326,False
1087,0,0.06336274486,0.439818181,0,0.03401134315,0.5570019246,0,0.1818269046,False
1088,0,0.1703362758,0.439818181,0,0.04300855738,0.5570019246,0,0.3617347918,False
1089,0,0.4716412355,0.439818181,1,0.13613234,0.5570019246,0,0.8672999424,False
1090,0,0.3299188111,0.439818181,0,0.1400659457,0.5570019246,0,0.6544809058,False
1091,0,0.1654278671,0.439818181,0,0.06512627961,0.5570019246,0,0.3528113606,False
1092,0,0.3288601152,0.439818181,0,0.05435507089,0.5570019246,0,0.6527537901,False
1093,0,0.1652097486,0.439818181,0,0.6778151671,0.5570019246,1,0.3524275571,False
1094,0,0.02962426246,0.439818181,0,0.01207871326,0.5570019246,0,0.108136634,False
1095,0,0.1423313325,0.439818181,0,0.04902433803,0.5570019246,0,0.3151986183,False
1096,0,0.2139988248,0.439818181,0,0.1046187246,0.5570019246,0,0.4378238342,False
1097,0,0.1769059875,0.439818181,0,0.09442063776,0.5570019246,0,0.3718096335,False
1098,0,0.3435723432,0.439818181,0,0.1046229614,0.5570019246,0,0.680003838,False
1099,0,0.03484508842,0.439818181,0,0.02443244191,0.5570019246,0,0.122529265,False
1100,0,0.09037994733,0.439818181,0,0.04987028644,0.5570019246,0,0.2303780464,False
1101,0,0.258015958,0.439818181,0,0.09980658294,0.5570019246,0,0.5188063711,False
1102,0,0.1750880783,0.439818181,0,0.0856675002,0.5570019246,0,0.3687392055,False
1103,0,0.3947653115,0.439818181,0,0.1711182893,0.5570019246,0,0.7690462483,False
1104,0,0.2554081142,0.439818181,0,0.07492610582,0.5570019246,0,0.5134331222,False
1105,0,0.01390772897,0.439818181,0,0.01516482159,0.5570019246,0,0.06265592017,False
1106,0,0.3885230821,0.439818181,0,0.6373879072,0.5570019246,1,0.7581078488,False
1107,1,0.6892164863,0.439818181,1,0.8836382874,0.5570019246,1,,False
1108,0,0.1632544479,0.439818181,0,0.0479032017,0.5570019246,0,0.3493571291,False
1109,0,0.2068609223,0.439818181,0,0.06005572643,0.5570019246,0,0.4264056803,False
1110,0,0.02065547362,0.439818181,0,0.006349415738,0.5570019246,0,0.08654768758,False
1111,0,0.2009413275,0.439818181,0,0.05895682604,0.5570019246,0,0.4161389369,False
1112,0,0.1077330924,0.439818181,0,0.0719211174,0.5570019246,0,0.2592592593,False
1113,0,0.2171986244,0.439818181,0,0.1014878954,0.5570019246,0,0.4433889848,False
1114,0,0.2957930779,0.439818181,0,0.1077392704,0.5570019246,0,0.5886586068,False
1115,0,0.01898704164,0.439818181,0,0.01138107008,0.5570019246,0,0.08127038956,False
1116,1,0.6702167253,0.439818181,1,0.8116439971,0.5570019246,1,,False
1117,0,0.009472468367,0.439818181,0,0.003248410232,0.5570019246,0,0.04500095951,False
1118,0,0.4194729442,0.439818181,0,0.1781469008,0.5570019246,0,0.8037804644,False
1119,0,0.01185312549,0.439818181,0,0.007932187275,0.5570019246,0,0.05603530992,False
1120,0,0.001115701128,0.439818181,0,0.0008300490697,0.5570019246,0,0.003214354251,False
1121,0,0.06052304979,0.439818181,0,0.02253300232,0.5570019246,0,0.1775091153,False
1122,0,0.1071317182,0.439818181,0,0.036274527,0.5570019246,0,0.2582997505,False
1123,0,0.4786279277,0.439818181,1,0.1184485846,0.5570019246,0,0.8749760123,False
1124,0,0.0007881503193,0.439818181,0,0.0005823386695,0.5570019246,0,0.001199385914,False
1125,0,0.1099145349,0.439818181,0,0.03357854171,0.5570019246,0,0.2636729994,False
1126,0,0.2087897991,0.439818181,0,0.1009950167,0.5570019246,0,0.42966801,False
1127,0,0.04030324965,0.439818181,0,0.02770944957,0.5570019246,0,0.1356745346,False
1128,0,0.4224525771,0.439818181,0,0.1026841833,0.5570019246,0,0.8079063519,False
1129,0,0.1166862761,0.439818181,0,0.02434554282,0.5570019246,0,0.2753790059,False
1130,0,0.4060755615,0.439818181,0,0.09702115905,0.5570019246,0,0.7854538476,False
1131,0,0.2449533243,0.439818181,0,0.0789097793,0.5570019246,0,0.4949146037,False
1132,0,0.4964264634,0.439818181,1,0.5572121998,0.5570019246,1,0.8909038572,False
1133,0,0.04254029274,0.439818181,0,0.02722062026,0.5570019246,0,0.1398004222,False
1134,0,0.00549308803,0.439818181,0,0.002752517629,0.5570019246,0,0.0285933602,False
1135,0,0.04740696798,0.439818181,0,0.01033164698,0.5570019246,0,0.1495874112,False
1136,0,0.03541299162,0.439818181,0,0.01136113678,0.5570019246,0,0.1238725772,False
1137,0,0.06759651357,0.439818181,0,0.0225935291,0.5570019246,0,0.1901746306,False
1138,0,0.2497725133,0.439818181,0,0.09142257403,0.5570019246,0,0.5026866244,False
1139,0,0.3013684796,0.439818181,0,0.08228997544,0.5570019246,0,0.6005565151,False
1140,0,0.2879479428,0.439818181,0,0.0810383752,0.5570019246,0,0.5723469584,False
1141,0,0.3923680174,0.439818181,0,0.1226319291,0.5570019246,0,0.7649203608,False
1142,0,0.1372198285,0.439818181,0,0.0823070779,0.5570019246,0,0.3074265976,False
1143,0,0.007996852846,0.439818181,0,0.004492310117,0.5570019246,0,0.03933985799,False
1144,0,0.001659389699,0.439818181,0,0.0003452760525,0.5570019246,0,0.007580118979,False
1145,1,0.6012099842,0.439818181,1,0.7651603,0.5570019246,1,,False
1146,0,0.3360992746,0.439818181,0,0.07467804255,0.5570019246,0,0.6661869123,False
1147,0,0.3758413009,0.439818181,0,0.1521155286,0.5570019246,0,0.7391095759,False
1148,0,0.1034632206,0.439818181,0,0.07799477576,0.5570019246,0,0.2517750912,False
1149,0,0.2538696315,0.439818181,0,0.08703693072,0.5570019246,0,0.5103626943,False
1150,0,0.3271994293,0.439818181,0,0.09088503657,0.5570019246,0,0.649779313,False
1151,0,0.07352588977,0.439818181,0,0.02773305854,0.5570019246,0,0.2006332758,False
1152,0,0.3188673188,0.439818181,0,0.1142615348,0.5570019246,0,0.6344271733,False
1153,0,0.4296025496,0.439818181,0,0.09868422755,0.5570019246,0,0.8157743235,False
1154,0,0.01258961146,0.439818181,0,0.006890844041,0.5570019246,0,0.0586259835,False
1155,0,0.005914827141,0.439818181,0,0.001283611183,0.5570019246,0,0.03104010746,False
1156,0,0.0123276034,0.439818181,0,0.009783584915,0.5570019246,0,0.05814622913,False
1157,0,0.19122052,0.439818181,0,0.08992989024,0.5570019246,0,0.3966609096,False
1158,1,0.5224085332,0.439818181,1,0.7342117259,0.5570019246,1,,False
1159,0,0.229333536,0.439818181,0,0.07177194091,0.5570019246,0,0.4630589138,False
1160,0,0.1659513845,0.439818181,0,0.05612542367,0.5570019246,0,0.3541546728,False
1161,0,0.1896039623,0.439818181,0,0.06439874981,0.5570019246,0,0.3938783343,False
1162,1,0.490239116,0.439818181,1,0.7399682318,0.5570019246,1,,False
1163,0,0.006985384226,0.439818181,0,0.003295796676,0.5570019246,0,0.03598157743,False
1164,0,0.247761467,0.439818181,0,0.08357325739,0.5570019246,0,0.4998080983,False
1165,0,0.4783947309,0.439818181,1,0.08344140666,0.5570019246,0,0.8747841105,False
1166,0,0.2660133337,0.439818181,0,0.09589112085,0.5570019246,0,0.5339666091,False
1167,0,0.1175350581,0.439818181,0,0.092925777,0.5570019246,0,0.2772020725,False
1168,0,0.2874837835,0.439818181,0,0.1090194677,0.5570019246,0,0.5715793514,False
1169,0,0.03263996781,0.439818181,0,0.01548604923,0.5570019246,0,0.1161005565,False
1170,0,0.003099390322,0.439818181,0,0.003303940362,0.5570019246,0,0.01587986951,False
1171,0,0.005146641349,0.439818181,0,0.003929743747,0.5570019246,0,0.02729802341,False
1172,1,0.6497608373,0.439818181,1,0.8989031128,0.5570019246,1,,False
1173,0,0.002100569806,0.439818181,0,0.003925746918,0.5570019246,0,0.01074649779,False
1174,0,0.5311385453,0.439818181,1,0.1783349781,0.5570019246,0,0.9210324314,True
1175,0,0.05758813551,0.439818181,0,0.02344991889,0.5570019246,0,0.1703127998,False
1176,1,0.7387150167,0.439818181,1,0.9178131489,0.5570019246,1,,False
1177,0,0.007159178902,0.439818181,0,0.005682658696,0.5570019246,0,0.03703703704,False
1178,0,0.5197205815,0.439818181,1,0.1405323864,0.5570019246,0,0.9126847054,True
1179,0,0.1144142971,0.439818181,0,0.03324303003,0.5570019246,0,0.2713490693,False
1180,0,0.134111849,0.439818181,0,0.05439753774,0.5570019246,0,0.3031088083,False
1181,0,0.01204911502,0.439818181,0,0.006642175904,0.5570019246,0,0.05709076953,False
1182,0,0.1214266687,0.439818181,0,0.04020161886,0.5570019246,0,0.2816158127,False
1183,1,0.6719251011,0.439818181,1,0.8123684692,0.5570019246,1,,False
1184,1,0.6363798613,0.439818181,1,0.8208113358,0.5570019246,1,,False
1185,0,0.2337064707,0.439818181,0,0.09968190152,0.5570019246,0,0.4724620994,False
1186,1,0.552662345,0.439818181,1,0.7457628438,0.5570019246,1,,False
1187,0,0.3848580884,0.439818181,0,0.1472594572,0.5570019246,0,0.7530224525,False
1188,0,0.01203121041,0.439818181,0,0.003571931884,0.5570019246,0,0.05689886778,False
1189,1,0.7029274697,0.439818181,1,0.6774047042,0.5570019246,1,,False
1190,0,0.102696417,0.439818181,0,0.06304388472,0.5570019246,0,0.2503358281,False
1191,0,0.2305069567,0.439818181,0,0.102753537,0.5570019246,0,0.4655536365,False
1192,0,0.05861658028,0.439818181,0,0.02722493594,0.5570019246,0,0.1734791787,False
1193,0,0.2358944135,0.439818181,0,0.1413222246,0.5570019246,0,0.4763001343,False
1194,0,0.4949050683,0.439818181,1,0.1124070058,0.5570019246,0,0.889560545,False
1195,0,0.2539647231,0.439818181,0,0.06567702144,0.5570019246,0,0.5106505469,False
1196,1,0.649122657,0.439818181,1,0.8401416037,0.5570019246,1,,False
1197,0,0.3246851559,0.439818181,0,0.1487624792,0.5570019246,0,0.6449817693,False
1198,0,0.02443158495,0.439818181,0,0.0119067093,0.5570019246,0,0.09595087315,False
1199,0,0.1127537155,0.439818181,0,0.0532340638,0.5570019246,0,0.2682786413,False
1200,0,0.01442578185,0.439818181,0,0.005510073407,0.5570019246,0,0.06486279025,False
1201,0,0.3556696234,0.439818181,0,0.1232772283,0.5570019246,0,0.7001535214,False
1202,0,0.04956762379,0.439818181,0,0.02119399764,0.5570019246,0,0.1536173479,False
1203,0,0.4953281296,0.439818181,1,0.1375073024,0.5570019246,0,0.8900402994,False
1204,0,0.04202582602,0.439818181,0,0.01601370802,0.5570019246,0,0.1386490117,False
1205,0,0.109473435,0.439818181,0,0.02148605169,0.5570019246,0,0.2627134907,False
1206,0,0.175854232,0.439818181,0,0.06333340807,0.5570019246,0,0.3703703704,False
1207,0,0.1054612326,0.439818181,0,0.03192011613,0.5570019246,0,0.2551333717,False
1208,0,0.51659628,0.439818181,1,0.1650853918,0.5570019246,0,0.9096142775,True
1209,0,0.4759968619,0.439818181,1,0.09619236041,0.5570019246,0,0.8717136826,False
1210,0,0.1250319004,0.439818181,0,0.04629439165,0.5570019246,0,0.2866052581,False
1211,0,0.2179034735,0.439818181,0,0.07562238276,0.5570019246,0,0.4449241988,False
1212,0,0.2951766153,0.439818181,0,0.09058596132,0.5570019246,0,0.5876031472,False
1213,0,0.1429103273,0.439818181,0,0.06212314809,0.5570019246,0,0.3160621762,False
1214,0,0.009947388302,0.439818181,0,0.004428167517,0.5570019246,0,0.04768758396,False
1215,0,0.001781130997,0.439818181,0,0.001264449002,0.5570019246,0,0.008731529457,False
1216,0,0.1211228706,0.439818181,0,0.03166199717,0.5570019246,0,0.2813279601,False
1217,0,0.03066586886,0.439818181,0,0.009937150848,0.5570019246,0,0.111207062,False
1218,0,0.4647915965,0.439818181,1,0.1546566151,0.5570019246,0,0.8583765112,False
1219,0,0.4774944175,0.439818181,1,0.2066294961,0.5570019246,0,0.8732488966,False
1220,1,0.509133223,0.439818181,1,0.8559777809,0.5570019246,1,,False
1221,0,0.1388318466,0.439818181,0,0.04155986074,0.5570019246,0,0.3099213203,False
1222,0,0.5723794958,0.439818181,1,0.1222524985,0.5570019246,0,0.9491460372,True
1223,0,0.08565198024,0.439818181,0,0.03037415343,0.5570019246,0,0.222414124,False
1224,0,0.04377934487,0.439818181,0,0.02167225068,0.5570019246,0,0.1420072923,False
1225,0,0.5430751891,0.439818181,1,0.1268901355,0.5570019246,0,0.92966801,True
1226,0,0.02375085866,0.439818181,0,0.007230855629,0.5570019246,0,0.09451161006,False
1227,0,0.4960118809,0.439818181,1,0.1485788943,0.5570019246,0,0.8906160046,False
1228,0,0.05655275046,0.439818181,0,0.02188636304,0.5570019246,0,0.1681059298,False
1229,0,0.2220258403,0.439818181,0,0.08273624294,0.5570019246,0,0.4511610056,False
1230,0,0.2981998286,0.439818181,0,0.07180924198,0.5570019246,0,0.5949913644,False
1231,0,0.04457866392,0.439818181,0,0.02565767575,0.5570019246,0,0.1439263097,False
1232,0,0.4187995511,0.439818181,0,0.6024607631,0.5570019246,1,0.8030128574,False
1233,0,0.08872779815,0.439818181,0,0.03860247772,0.5570019246,0,0.2267319133,False
1234,1,0.6354216885,0.439818181,1,0.8253343936,0.5570019246,1,,False
1235,0,0.3356192412,0.439818181,0,0.07955280865,0.5570019246,0,0.6655152562,False
1236,0,0.02570203604,0.439818181,0,0.0159136455,0.5570019246,0,0.09892535022,False
1237,0,0.02940791145,0.439818181,0,0.01627961279,0.5570019246,0,0.1075609288,False
1238,0,0.06231344321,0.439818181,0,0.01816106172,0.5570019246,0,0.1804835924,False
1239,0,0.06514667292,0.439818181,0,0.03098049647,0.5570019246,0,0.1848013817,False
1240,0,0.005491564226,0.439818181,0,0.005150582467,0.5570019246,0,0.02849740933,False
1241,0,0.02860329154,0.439818181,0,0.03020994568,0.5570019246,0,0.1057378622,False
1242,0,0.3652511523,0.439818181,0,0.1014583595,0.5570019246,0,0.7188639417,False
1243,0,0.02528493959,0.439818181,0,0.01647744664,0.5570019246,0,0.097582038,False
1244,0,0.03089756913,0.439818181,0,0.02037948716,0.5570019246,0,0.1118787181,False
1245,0,0.02896839808,0.439818181,0,0.01792072731,0.5570019246,0,0.1064095183,False
1246,0,0.3236967356,0.439818181,0,0.08231652367,0.5570019246,0,0.6431587027,False
1247,0,0.1652934759,0.439818181,0,0.04527051536,0.5570019246,0,0.3526194588,False
1248,0,0.1432603002,0.439818181,0,0.05816629011,0.5570019246,0,0.3165419305,False
1249,0,0.3730537172,0.439818181,0,0.08675850733,0.5570019246,0,0.7340241796,False
1250,0,0.1019400341,0.439818181,0,0.02489197807,0.5570019246,0,0.2492803685,False
1251,0,0.02888330195,0.439818181,0,0.01311034868,0.5570019246,0,0.1062176166,False
1252,1,0.5406058457,0.439818181,1,0.8153069223,0.5570019246,1,,False
1253,0,0.4121993096,0.439818181,0,0.7419198463,0.5570019246,1,0.794281328,False
1254,0,0.4730411335,0.439818181,1,0.1257248403,0.5570019246,0,0.868355402,False
1255,0,0.2700582569,0.439818181,0,0.09013239431,0.5570019246,0,0.5399155632,False
1256,0,0.2543381251,0.439818181,0,0.08160057612,0.5570019246,0,0.5112262522,False
1257,0,0.4971733317,0.439818181,1,0.119926404,0.5570019246,0,0.8916714642,False
1258,0,0.1046561913,0.439818181,0,0.03255039987,0.5570019246,0,0.2536941086,False
1259,0,0.2243227135,0.439818181,0,0.08626269598,0.5570019246,0,0.4552868931,False
1260,1,0.3683583354,0.439818181,0,0.7840729909,0.5570019246,1,,False
1261,0,0.1423677309,0.439818181,0,0.0324593057,0.5570019246,0,0.3152945692,False
1262,0,0.06537437606,0.439818181,0,0.02152795885,0.5570019246,0,0.1852811361,False
1263,0,0.2475103039,0.439818181,0,0.6239301149,0.5570019246,1,0.4991364421,False
1264,0,0.1156010581,0.439818181,0,0.06578818323,0.5570019246,0,0.2729802341,False
1265,0,0.254743237,0.439818181,0,0.06636273081,0.5570019246,0,0.51208981,False
1266,0,0.006134367291,0.439818181,0,0.001681832874,0.5570019246,0,0.0319996162,False
1267,0,0.056105361,0.439818181,0,0.02096839064,0.5570019246,0,0.1667626175,False
1268,0,0.3750508894,0.439818181,0,0.1652271995,0.5570019246,0,0.7373824602,False
1269,0,0.4973862791,0.439818181,1,0.1982073393,0.5570019246,0,0.8920552677,False
1270,0,0.01711389272,0.439818181,0,0.008351111039,0.5570019246,0,0.07570523892,False
1271,0,0.101408773,0.439818181,0,0.03164962786,0.5570019246,0,0.2482249088,False
1272,0,0.2381094525,0.439818181,0,0.04488457366,0.5570019246,0,0.4810017271,False
1273,0,0.2216642779,0.439818181,0,0.08943075358,0.5570019246,0,0.4506812512,False
1274,0,0.2212014611,0.439818181,0,0.1257746063,0.5570019246,0,0.4499136442,False
1275,0,0.0504874213,0.439818181,0,0.02072123916,0.5570019246,0,0.155824218,False
1276,0,0.2581954683,0.439818181,0,0.04949628815,0.5570019246,0,0.5190942238,False
1277,0,0.4580941846,0.439818181,1,0.1324389542,0.5570019246,0,0.8522356553,False
1278,0,0.3408345305,0.439818181,0,0.5902535384,0.5570019246,1,0.6749184418,False
1279,0,0.2779831446,0.439818181,0,0.09061971773,0.5570019246,0,0.5543081942,False
1280,0,0.02536440331,0.439818181,0,0.01592515809,0.5570019246,0,0.09786989062,False
1281,0,0.5053746158,0.439818181,1,0.09330960216,0.5570019246,0,0.9003070428,True
1282,0,0.2282618878,0.439818181,0,0.1274863081,0.5570019246,0,0.4608520438,False
1283,0,0.02823661219,0.439818181,0,0.01478380281,0.5570019246,0,0.1048743044,False
1284,1,0.6526583618,0.439818181,1,0.760486257,0.5570019246,1,,False
1285,0,0.4783535497,0.439818181,1,0.1208481519,0.5570019246,0,0.8746881597,False
1286,0,0.001218552519,0.439818181,0,0.001027568557,0.5570019246,0,0.00518134715,False
1287,0,0.07392368606,0.439818181,0,0.03125189593,0.5570019246,0,0.2016887354,False
1288,0,0.294963274,0.439818181,0,0.07868125642,0.5570019246,0,0.5872193437,False
1289,0,0.1257774455,0.439818181,0,0.03826441052,0.5570019246,0,0.2880445212,False
1290,0,0.01233010143,0.439818181,0,0.01495164366,0.5570019246,0,0.05824218,False
1291,0,0.1318868797,0.439818181,0,0.03850108466,0.5570019246,0,0.2993667242,False
1292,0,0.0007881503193,0.439818181,0,0.0005823386695,0.5570019246,0,0.001199385914,False
1293,0,0.2615596723,0.439818181,0,0.06572945262,0.5570019246,0,0.5251391288,False
1294,0,0.05830164447,0.439818181,0,0.02900677257,0.5570019246,0,0.1722318173,False
1295,0,0.3975320701,0.439818181,0,0.1164048008,0.5570019246,0,0.7725964306,False
1296,0,0.007237486795,0.439818181,0,0.002646280107,0.5570019246,0,0.03742084053,False
1297,0,0.1718518628,0.439818181,0,0.04925133122,0.5570019246,0,0.3635578584,False
1298,0,0.01894670922,0.439818181,0,0.01297180452,0.5570019246,0,0.08117443869,False
1299,1,0.6090842219,0.439818181,1,0.8456105627,0.5570019246,1,,False
1300,0,0.01688178474,0.439818181,0,0.01047979087,0.5570019246,0,0.07464977931,False
1301,0,0.09432353217,0.439818181,0,0.01687467197,0.5570019246,0,0.2371905584,False
1302,0,0.361443378,0.439818181,0,0.14688443,0.5570019246,0,0.7118595279,False
1303,0,0.4940524304,0.439818181,1,0.1130358868,0.5570019246,0,0.8884091345,False
1304,0,0.4763660396,0.439818181,1,0.1794317154,0.5570019246,0,0.8720974861,False
1305,1,0.4990167874,0.439818181,1,0.7400140472,0.5570019246,1,,False
1306,0,0.02051333898,0.439818181,0,0.0246868619,0.5570019246,0,0.08597198235,False
1307,0,0.1378092366,0.439818181,0,0.03928811076,0.5570019246,0,0.3083861063,False
1308,0,0.05031594576,0.439818181,0,0.02074346637,0.5570019246,0,0.1552485128,False
1309,0,0.06297973213,0.439818181,0,0.008806827066,0.5570019246,0,0.1814431011,False
1310,0,0.01418250737,0.439818181,0,0.006274648605,0.5570019246,0,0.0636154289,False
1311,0,0.2786063382,0.439818181,0,0.05527052424,0.5570019246,0,0.5557474573,False
1312,0,0.4977649189,0.439818181,1,0.1159815178,0.5570019246,0,0.8930147764,False
1313,0,0.1719742665,0.439818181,0,0.05457723862,0.5570019246,0,0.3637497601,False
1314,0,0.3487215766,0.439818181,0,0.07410845735,0.5570019246,0,0.6895029745,False
1315,0,0.1744251628,0.439818181,0,0.09197690149,0.5570019246,0,0.3678756477,False
1316,1,0.6419994259,0.439818181,1,0.8981432494,0.5570019246,1,,False
1317,0,0.2385534771,0.439818181,0,0.5662259904,0.5570019246,1,0.4820571867,False
1318,0,0.01189738264,0.439818181,0,0.002267039383,0.5570019246,0,0.05641911341,False
1319,0,0.3986206615,0.439818181,0,0.1823406666,0.5570019246,0,0.7744194972,False
1320,0,0.08646565958,0.439818181,0,0.02497608345,0.5570019246,0,0.2234695836,False
1321,0,0.4233165146,0.439818181,0,0.1207721438,0.5570019246,0,0.8086739589,False
1322,1,0.7150789298,0.439818181,1,0.8920434367,0.5570019246,1,,False
1323,0,0.2117454404,0.439818181,0,0.06482610701,0.5570019246,0,0.4340817501,False
1324,1,0.6433039565,0.439818181,1,0.7722143761,0.5570019246,1,,False
1325,0,0.347843546,0.439818181,0,0.1113019114,0.5570019246,0,0.6879677605,False
1326,0,0.001231007947,0.439818181,0,0.00113516511,0.5570019246,0,0.005373248897,False
1327,0,0.4623895153,0.439818181,1,0.1727583553,0.5570019246,0,0.8560736903,False
1328,0,0.3552249394,0.439818181,0,0.09050841444,0.5570019246,0,0.6993859144,False
1329,1,0.6668499979,0.439818181,1,0.8765645895,0.5570019246,1,,False
1330,0,0.4578321615,0.439818181,1,0.1169219577,0.5570019246,0,0.851755901,False
1331,0,0.2121619172,0.439818181,0,0.08887014591,0.5570019246,0,0.4343696028,False
1332,0,0.04598590799,0.439818181,0,0.02797747395,0.5570019246,0,0.1469007868,False
1333,0,0.007662007285,0.439818181,0,0.0008666454016,0.5570019246,0,0.03852427557,False
1334,1,0.6232496738,0.439818181,1,0.9015641194,0.5570019246,1,,False
1335,0,0.3071299161,0.439818181,0,0.1054527186,0.5570019246,0,0.6114949146,False
1336,0,0.3173000833,0.439818181,0,0.1766095603,0.5570019246,0,0.6320284015,False
1337,0,0.130059752,0.439818181,0,0.09416477177,0.5570019246,0,0.2962003454,False
1338,0,0.05129858716,0.439818181,0,0.03286615093,0.5570019246,0,0.1576472846,False
1339,1,0.419401198,0.439818181,0,0.7371750922,0.5570019246,1,,False
1340,1,0.6355778354,0.439818181,1,0.7993675469,0.5570019246,1,,False
1341,0,0.1405520193,0.439818181,0,0.08847262342,0.5570019246,0,0.3125119939,False
1342,0,0.2427068534,0.439818181,0,0.0908950402,0.5570019246,0,0.4905968144,False
1343,0,0.4374575608,0.439818181,0,0.1855208149,0.5570019246,0,0.8257532144,False
1344,0,0.2400136651,0.439818181,0,0.09298625338,0.5570019246,0,0.4849357129,False
1345,0,0.04126275976,0.439818181,0,0.01551676264,0.5570019246,0,0.1374016504,False
1346,0,0.1779660314,0.439818181,0,0.07935591319,0.5570019246,0,0.3741124544,False
1347,0,0.4523734977,0.439818181,1,0.1240138083,0.5570019246,0,0.8454231434,False
1348,0,0.07684190814,0.439818181,0,0.01663002152,0.5570019246,0,0.2071579351,False
1349,0,0.1029369849,0.439818181,0,0.03108614627,0.5570019246,0,0.2509115333,False
1350,0,0.2559130169,0.439818181,0,0.5439288673,0.5570019246,0,0.5145845327,False
1351,0,0.2816565739,0.439818181,0,0.06253994158,0.5570019246,0,0.5611207062,False
1352,0,0.3948558854,0.439818181,0,0.1566838438,0.5570019246,0,0.7693341009,False
1353,0,0.1842177344,0.439818181,0,0.03593530241,0.5570019246,0,0.3846670505,False
1354,1,0.7057911561,0.439818181,1,0.9019690327,0.5570019246,1,,False
1355,0,0.2629593496,0.439818181,0,0.0698112313,0.5570019246,0,0.5287852619,False
1356,0,0.03571218706,0.439818181,0,0.01861931614,0.5570019246,0,0.1250239877,False
1357,0,0.001780469673,0.439818181,0,0.001027568557,0.5570019246,0,0.008443676837,False
1358,0,0.2296218472,0.439818181,0,0.1003973485,0.5570019246,0,0.4634427173,False
1359,0,0.04557119232,0.439818181,0,0.0182212373,0.5570019246,0,0.1462291307,False
1360,0,0.300543454,0.439818181,0,0.1354430297,0.5570019246,0,0.5990213011,False
1361,0,0.003330910928,0.439818181,0,0.002936905159,0.5570019246,0,0.01746305891,False
1362,0,0.4074342218,0.439818181,0,0.1226495184,0.5570019246,0,0.7873728651,False
1363,1,0.6941806254,0.439818181,1,0.7600055901,0.5570019246,1,,False
1364,0,0.003112291449,0.439818181,0,0.00174802016,0.5570019246,0,0.01602379582,False
1365,0,0.01604684196,0.439818181,0,0.01065204509,0.5570019246,0,0.07061984264,False
1366,0,0.3355309492,0.439818181,0,0.07159736724,0.5570019246,0,0.6653233544,False
1367,0,0.006884747908,0.439818181,0,0.004070420915,0.5570019246,0,0.03578967569,False
1368,0,0.3403826054,0.439818181,0,0.05326832165,0.5570019246,0,0.6742467856,False
1369,1,0.700213391,0.439818181,1,0.8035795831,0.5570019246,1,,False
1370,0,0.3865557642,0.439818181,0,0.08811039145,0.5570019246,0,0.7545576665,False
1371,0,0.1474913255,0.439818181,0,0.1491001838,0.5570019246,0,0.3233544425,False
1372,0,0.05014648814,0.439818181,0,0.01329135354,0.5570019246,0,0.1549606601,False
1373,1,0.662031535,0.439818181,1,0.7952582496,0.5570019246,1,,False
1374,0,0.03773387259,0.439818181,0,0.005482569779,0.5570019246,0,0.1300134331,False
1375,0,0.3304316732,0.439818181,0,0.06939008573,0.5570019246,0,0.6553444636,False
1376,0,0.03969137751,0.439818181,0,0.01351027733,0.5570019246,0,0.1340433698,False
1377,0,0.3749851196,0.439818181,0,0.133597765,0.5570019246,0,0.7370946076,False
1378,0,0.326168582,0.439818181,0,0.1104914909,0.5570019246,0,0.6480521973,False
1379,0,0.547310974,0.439818181,1,0.1024448281,0.5570019246,0,0.932642487,True
1380,0,0.2830432578,0.439818181,0,0.5605280551,0.5570019246,1,0.5639032815,False
1381,0,0.09615887298,0.439818181,0,0.02343695833,0.5570019246,0,0.2395893303,False
1382,0,0.006134367291,0.439818181,0,0.001681832874,0.5570019246,0,0.0319996162,False
1383,0,0.03989840097,0.439818181,0,0.02533357448,0.5570019246,0,0.1345231242,False
1384,0,0.2690217926,0.439818181,0,0.07597598547,0.5570019246,0,0.538572251,False
1385,0,0.3075217315,0.439818181,0,0.0636171414,0.5570019246,0,0.6126463251,False
1386,0,0.4986470386,0.439818181,1,0.1308539983,0.5570019246,0,0.8937823834,False
1387,0,0.1271023436,0.439818181,0,0.05202933332,0.5570019246,0,0.2911149491,False
1388,0,0.2239803797,0.439818181,0,0.09366388386,0.5570019246,0,0.4543273844,False
1389,1,0.648303307,0.439818181,1,0.8421384341,0.5570019246,1,,False
1390,0,0.005131626291,0.439818181,0,0.00358539288,0.5570019246,0,0.02696219536,False
1391,0,0.001115701128,0.439818181,0,0.0008300490697,0.5570019246,0,0.003214354251,False
1392,0,0.3357719597,0.439818181,0,0.1227030631,0.5570019246,0,0.6658031088,False
1393,0,0.251172967,0.439818181,0,0.05820397724,0.5570019246,0,0.5049894454,False
1394,0,0.4619535465,0.439818181,1,0.1832436734,0.5570019246,0,0.8556898868,False
1395,0,0.001115701128,0.439818181,0,0.0008300490697,0.5570019246,0,0.003214354251,False
1396,0,0.030188085,0.439818181,0,0.01810383486,0.5570019246,0,0.1097677989,False
1397,0,0.06121961221,0.439818181,0,0.04726281985,0.5570019246,0,0.1786605258,False
1398,1,0.6387559608,0.439818181,1,0.804235826,0.5570019246,1,,False
1399,0,0.4947319197,0.439818181,1,0.1520034486,0.5570019246,0,0.8892726924,False
1400,0,0.008359973504,0.439818181,0,0.003090054799,0.5570019246,0,0.04058721934,False
1401,0,0.004919502364,0.439818181,0,0.002863831171,0.5570019246,0,0.025714834,False
1402,0,0.2172266284,0.439818181,0,0.08985365469,0.5570019246,0,0.4435808866,False
1403,0,0.09056108728,0.439818181,0,0.01640840913,0.5570019246,0,0.2306658991,False
1404,0,0.6641207027,0.439818181,1,0.2282357555,0.5570019246,0,0.9832085972,True
1405,0,0.3356126422,0.439818181,0,0.1452022283,0.5570019246,0,0.6654193053,False
1406,0,0.1499606731,0.439818181,0,0.09009920027,0.5570019246,0,0.3283438879,False
1407,0,0.2320726854,0.439818181,0,0.05508268772,0.5570019246,0,0.4694876223,False
1408,0,0.3673588931,0.439818181,0,0.1397645064,0.5570019246,0,0.7230857801,False
1409,0,0.04190640707,0.439818181,0,0.0195713431,0.5570019246,0,0.13845711,False
1410,0,0.01153452646,0.439818181,0,0.007109299737,0.5570019246,0,0.05526770294,False
1411,0,0.3554596034,0.439818181,0,0.1011548471,0.5570019246,0,0.6997697179,False
1412,0,0.1510233206,0.439818181,0,0.03045086934,0.5570019246,0,0.3296872002,False
1413,0,0.007227822175,0.439818181,0,0.003718985001,0.5570019246,0,0.03732488966,False
1414,1,0.6256373498,0.439818181,1,0.8690304712,0.5570019246,1,,False
1415,0,0.0950580322,0.439818181,0,0.03657675729,0.5570019246,0,0.2378622145,False
1416,0,0.1150951595,0.439818181,0,0.5598478699,0.5570019246,1,0.2722126271,False
1417,0,0.1294328874,0.439818181,0,0.04084832042,0.5570019246,0,0.2956246402,False
1418,0,0.4560776269,0.439818181,1,0.1197364854,0.5570019246,0,0.8503166379,False
1419,0,0.1045890637,0.439818181,0,0.07743740397,0.5570019246,0,0.2533103051,False
1420,0,0.03235205316,0.439818181,0,0.03309752822,0.5570019246,0,0.114949146,False
1421,0,0.3222591293,0.439818181,0,0.1065686159,0.5570019246,0,0.6410477835,False
1422,0,0.2431604424,0.439818181,0,0.05686215637,0.5570019246,0,0.4912684705,False
1423,0,0.05045119123,0.439818181,0,0.05408393929,0.5570019246,0,0.1555363654,False
1424,1,0.566509691,0.439818181,1,0.8248448564,0.5570019246,1,,False
1425,0,0.5667113664,0.439818181,1,0.860107759,0.5570019246,1,0.9459796584,True
1426,0,0.330181753,0.439818181,0,0.110495969,0.5570019246,0,0.6547687584,False
1427,0,0.3335437514,0.439818181,0,0.07900870894,0.5570019246,0,0.6613893686,False
1428,0,0.3951946441,0.439818181,0,0.09097337779,0.5570019246,0,0.7698138553,False
1429,1,0.548616301,0.439818181,1,0.7954845875,0.5570019246,1,,False
1430,0,0.210368429,0.439818181,0,0.07555765218,0.5570019246,0,0.4325465362,False
1431,0,0.06542196697,0.439818181,0,0.03396903862,0.5570019246,0,0.1853770869,False
1432,0,0.2520161519,0.439818181,0,0.2743864327,0.5570019246,0,0.5066206102,False
1433,1,0.728618711,0.439818181,1,0.9161147446,0.5570019246,1,,False
1434,0,0.2899057164,0.439818181,0,0.06540970136,0.5570019246,0,0.5768566494,False
1435,0,0.003683140908,0.439818181,0,0.006002884106,0.5570019246,0,0.01986183074,False
1436,1,0.6729277272,0.439818181,1,0.8816273544,0.5570019246,1,,False
1437,0,0.009947388302,0.439818181,0,0.004428167517,0.5570019246,0,0.04768758396,False
1438,0,0.009151625011,0.439818181,0,0.007911034906,0.5570019246,0,0.04384954903,False
1439,0,0.02568954412,0.439818181,0,0.006801432896,0.5570019246,0,0.09882939935,False
1440,0,0.4264004258,0.439818181,0,0.07788726621,0.5570019246,0,0.81318365,False
1441,0,0.1919565748,0.439818181,0,0.07471345355,0.5570019246,0,0.3981961236,False
1442,0,0.3066031472,0.439818181,0,0.1015704688,0.5570019246,0,0.6106313567,False
1443,0,0.187020834,0.439818181,0,0.06746911433,0.5570019246,0,0.3892726924,False
1444,0,0.01133255698,0.439818181,0,0.008870558056,0.5570019246,0,0.05459604682,False
1445,0,0.192075342,0.439818181,0,0.1050399683,0.5570019246,0,0.3984839762,False
1446,0,0.2247483204,0.439818181,0,0.1391094518,0.5570019246,0,0.4556706966,False
1447,0,0.4220344351,0.439818181,0,0.1062572603,0.5570019246,0,0.8072346958,False
1448,0,0.01673522796,0.439818181,0,0.01396000106,0.5570019246,0,0.0739781232,False
1449,0,0.5192294618,0.439818181,1,0.6201792544,0.5570019246,1,0.9121090002,True
1450,0,0.5237156861,0.439818181,1,0.6883003954,0.5570019246,1,0.916042986,True
1451,0,0.00849231806,0.439818181,0,0.005545390279,0.5570019246,0,0.04116292458,False
1452,0,0.0234530161,0.439818181,0,0.01272117695,0.5570019246,0,0.09403185569,False
1453,0,0.00409518405,0.439818181,0,0.002420038705,0.5570019246,0,0.0221646517,False
1454,0,0.001115701128,0.439818181,0,0.0008300490697,0.5570019246,0,0.003214354251,False
1455,0,0.1213505941,0.439818181,0,0.02930983467,0.5570019246,0,0.2815198618,False
1456,0,0.01602460852,0.439818181,0,0.01646722666,0.5570019246,0,0.07042794089,False
1457,0,0.1478152811,0.439818181,0,0.0372972485,0.5570019246,0,0.3239301478,False
1458,0,0.187661849,0.439818181,0,0.08756632442,0.5570019246,0,0.3908079064,False
1459,0,0.4144718476,0.439818181,0,0.6683049278,0.5570019246,1,0.7966800998,False
1460,0,0.45013786,0.439818181,1,0.1081263446,0.5570019246,0,0.8428324698,False
1461,0,0.1716542489,0.439818181,0,0.08554495343,0.5570019246,0,0.3632700058,False
1462,0,0.2601943009,0.439818181,0,0.04423021112,0.5570019246,0,0.5224525043,False
1463,0,0.07317312389,0.439818181,0,0.0237768751,0.5570019246,0,0.2001535214,False
1464,1,0.6272281217,0.439818181,1,0.7403290491,0.5570019246,1,,False
1465,0,0.4599401853,0.439818181,1,0.1336446986,0.5570019246,0,0.8536749184,False
1466,0,0.1912244422,0.439818181,0,0.2080175832,0.5570019246,0,0.3967568605,False
1467,1,0.5157564695,0.439818181,1,0.7291969327,0.5570019246,1,,False
1468,0,0.06473514294,0.439818181,0,0.01903371229,0.5570019246,0,0.1843216273,False
1469,0,0.4813349086,0.439818181,1,0.1426354527,0.5570019246,0,0.8775666859,False
1470,0,0.04766357769,0.439818181,0,0.02095561342,0.5570019246,0,0.1503550182,False
1471,1,0.6568510099,0.439818181,1,0.8412828383,0.5570019246,1,,False
1472,0,0.4477549404,0.439818181,1,0.1308927688,0.5570019246,0,0.8395701401,False
1473,0,0.2534670448,0.439818181,0,0.142219236,0.5570019246,0,0.5094031856,False
1474,0,0.0005662645266,0.439818181,0,0.001749444775,0.5570019246,0,0.0001919017463,False
1475,0,0.06373505962,0.439818181,0,0.04373304625,0.5570019246,0,0.1822107081,False
1476,0,0.002915479732,0.439818181,0,0.002011697139,0.5570019246,0,0.01487238534,False
1477,0,0.01882642346,0.439818181,0,0.01241961644,0.5570019246,0,0.0804068317,False
1478,0,0.3127148627,0.439818181,0,0.09013573871,0.5570019246,0,0.6226252159,False
1479,0,0.2400386139,0.439818181,0,0.04697796498,0.5570019246,0,0.4850316638,False
1480,0,0.327622848,0.439818181,0,0.5568075872,0.5570019246,0,0.6503550182,False
1481,0,0.03128856549,0.439818181,0,0.02110055822,0.5570019246,0,0.1125503742,False
1482,0,0.3417930307,0.439818181,0,0.08120189732,0.5570019246,0,0.6760698522,False
1483,0,0.2360856588,0.439818181,0,0.06591811867,0.5570019246,0,0.4764920361,False
1484,0,0.0061907181,0.439818181,0,0.001943514052,0.5570019246,0,0.03286317405,False
1485,0,0.3617595729,0.439818181,0,0.6017450954,0.5570019246,1,0.7129149875,False
1486,0,0.506519363,0.439818181,1,0.1246126859,0.5570019246,0,0.900882748,True
1487,0,0.2610092088,0.439818181,0,0.07852046357,0.5570019246,0,0.5240836692,False
1488,0,0.3654591598,0.439818181,0,0.628188443,0.5570019246,1,0.7189598925,False
1489,0,0.279257835,0.439818181,0,0.06629288204,0.5570019246,0,0.5568029169,False
1490,0,0.376090218,0.439818181,0,0.07993261305,0.5570019246,0,0.7396852811,False
1491,1,0.6823083502,0.439818181,1,0.8275518505,0.5570019246,1,,False
1492,1,0.6351092184,0.439818181,1,0.8896088953,0.5570019246,1,,False
1493,0,0.4184012036,0.439818181,0,0.1378497502,0.5570019246,0,0.8023412013,False
1494,0,0.014872141,0.439818181,0,0.01313895429,0.5570019246,0,0.06639800422,False
1495,0,0.302376405,0.439818181,0,0.06964449746,0.5570019246,0,0.6019957782,False
1496,0,0.3423859867,0.439818181,0,0.1228811096,0.5570019246,0,0.6768374592,False
1497,0,0.4812039541,0.439818181,1,0.1332282468,0.5570019246,0,0.877470735,False
1498,0,0.5990412,0.439818181,1,0.8068433738,0.5570019246,1,0.9616196507,True
1499,0,0.001031948824,0.439818181,0,0.002998468598,0.5570019246,0,0.002398771829,False
1500,0,0.2197303823,0.439818181,0,0.1154699486,0.5570019246,0,0.4474189215,False
1501,0,0.3263215501,0.439818181,0,0.06768213671,0.5570019246,0,0.6487238534,False
1502,0,0.002411116297,0.439818181,0,0.0033797571,0.5570019246,0,0.012857417,False
1503,0,0.02041343074,0.439818181,0,0.001704555811,0.5570019246,0,0.08558817885,False
1504,0,0.3335287961,0.439818181,0,0.09140519824,0.5570019246,0,0.6612934178,False
1505,0,0.2793538916,0.439818181,0,0.0951390449,0.5570019246,0,0.5571867204,False
1506,0,0.02212358457,0.439818181,0,0.02383312932,0.5570019246,0,0.09028977164,False
1507,0,0.01148290261,0.439818181,0,0.007835666288,0.5570019246,0,0.05497985032,False
1508,0,0.03624491266,0.439818181,0,0.02334469988,0.5570019246,0,0.1261753982,False
1509,0,0.2322797818,0.439818181,0,0.769197092,0.5570019246,1,0.469775475,False
1510,0,0.5106205738,0.439818181,1,0.1951785221,0.5570019246,0,0.904720783,True
1511,0,0.2621810224,0.439818181,0,0.07847253441,0.5570019246,0,0.5267702936,False
1512,1,0.7038242745,0.439818181,1,0.8592743647,0.5570019246,1,,False
1513,1,0.7129698286,0.439818181,1,0.8165972582,0.5570019246,1,,False
1514,0,0.297928957,0.439818181,0,0.1147167097,0.5570019246,0,0.5945116101,False
1515,0,0.02443214311,0.439818181,0,0.01497334134,0.5570019246,0,0.09604682403,False
1516,0,0.007662007285,0.439818181,0,0.0008666454016,0.5570019246,0,0.03852427557,False
1517,1,0.6629184588,0.439818181,1,0.7349205711,0.5570019246,1,,False
1518,0,0.4322207532,0.439818181,0,0.1569810345,0.5570019246,0,0.8190366532,False
1519,0,0.01132845571,0.439818181,0,0.005723837881,0.5570019246,0,0.05450009595,False
1520,1,0.7120368682,0.439818181,1,0.7615246279,0.5570019246,1,,False
1521,0,0.2678409515,0.439818181,0,0.1257646932,0.5570019246,0,0.5366532335,False
1522,0,0.2184034652,0.439818181,0,0.06462493173,0.5570019246,0,0.4461715602,False
1523,0,0.2854785452,0.439818181,0,0.06688224552,0.5570019246,0,0.5687008252,False
1524,0,0.2018138272,0.439818181,0,0.05515313727,0.5570019246,0,0.4173862982,False
1525,0,0.1256090778,0.439818181,0,0.06700953175,0.5570019246,0,0.287468816,False
1526,0,0.245007804,0.439818181,0,0.06424900789,0.5570019246,0,0.4950105546,False
1527,0,0.3208483963,0.439818181,0,0.09494960943,0.5570019246,0,0.6382652082,False
1528,0,0.2493497992,0.439818181,0,0.07632816838,0.5570019246,0,0.5024947227,False
1529,0,0.5433986312,0.439818181,1,0.6887752827,0.5570019246,1,0.9298599117,True
1530,1,0.5784806805,0.439818181,1,0.701563204,0.5570019246,1,,False
1531,0,0.4214231432,0.439818181,0,0.1246433271,0.5570019246,0,0.8065630397,False
1532,0,0.01917316064,0.439818181,0,0.0100120577,0.5570019246,0,0.08175014393,False
1533,0,0.1586748107,0.439818181,0,0.04401125753,0.5570019246,0,0.3415851084,False
1534,0,0.1609891725,0.439818181,0,0.04092334682,0.5570019246,0,0.3459028977,False
1535,0,0.0137864823,0.439818181,0,0.01082949749,0.5570019246,0,0.06246401842,False
1536,0,0.2616938752,0.439818181,0,0.08067604676,0.5570019246,0,0.5256188831,False
1537,0,0.06920830078,0.439818181,0,0.0271758845,0.5570019246,0,0.1935329111,False
1538,0,0.2708764582,0.439818181,0,0.1120766947,0.5570019246,0,0.5412588755,False
1539,0,0.3249601668,0.439818181,0,0.6175009973,0.5570019246,1,0.6457493763,False
1540,0,0.1777334144,0.439818181,0,0.04730768258,0.5570019246,0,0.3734407983,False
1541,0,0.3775641583,0.439818181,0,0.1055548455,0.5570019246,0,0.7423719056,False
1542,0,0.1548637921,0.439818181,0,0.03491755259,0.5570019246,0,0.3351563999,False
1543,0,0.3097403203,0.439818181,0,0.1011165482,0.5570019246,0,0.6161965074,False
1544,0,0.4070165771,0.439818181,0,0.6166107151,0.5570019246,1,0.786701209,False
1545,0,0.3669868381,0.439818181,0,0.11184844,0.5570019246,0,0.7223181731,False
1546,0,0.2531172545,0.439818181,0,0.09589705851,0.5570019246,0,0.5086355786,False
1547,0,0.4225235646,0.439818181,0,0.07228584238,0.5570019246,0,0.8080023028,False
1548,0,0.2790122203,0.439818181,0,0.1262441454,0.5570019246,0,0.5565150643,False
1549,0,0.158546138,0.439818181,0,0.09147769745,0.5570019246,0,0.3411053541,False
1550,0,0.173637511,0.439818181,0,0.05238114894,0.5570019246,0,0.3671080407,False
1551,0,0.4273370649,0.439818181,0,0.08699388217,0.5570019246,0,0.813951257,False
1552,0,0.3617319937,0.439818181,0,0.07319763141,0.5570019246,0,0.7126271349,False
1553,1,0.6061153717,0.439818181,1,0.8688784075,0.5570019246,1,,False
1554,0,0.2066804682,0.439818181,0,0.05993507144,0.5570019246,0,0.4258299751,False
1555,0,0.4707871603,0.439818181,1,0.1774881253,0.5570019246,0,0.8660525811,False
1556,0,0.2145038199,0.439818181,0,0.03988303888,0.5570019246,0,0.4385914412,False
1557,0,0.4632437906,0.439818181,1,0.1725002328,0.5570019246,0,0.8571291499,False
1558,0,0.2010038362,0.439818181,0,0.0653175187,0.5570019246,0,0.4162348877,False
1559,0,0.04256147251,0.439818181,0,0.01914860015,0.5570019246,0,0.1398963731,False
1560,0,0.1224113296,0.439818181,0,0.04407444014,0.5570019246,0,0.2829591249,False
1561,0,0.001142510594,0.439818181,0,0.001604624975,0.5570019246,0,0.004269813855,False
1562,0,0.1734749213,0.439818181,0,0.06967128763,0.5570019246,0,0.3665323354,False
1563,0,0.007050461669,0.439818181,0,0.007462461454,0.5570019246,0,0.0364613318,False
1564,0,0.5304123504,0.439818181,1,0.1645169183,0.5570019246,0,0.9204567262,True
1565,1,0.6753603789,0.439818181,1,0.891721425,0.5570019246,1,,False
1566,0,0.2905872823,0.439818181,0,0.122700487,0.5570019246,0,0.5778161581,False
1567,1,0.5639416534,0.439818181,1,0.8370356373,0.5570019246,1,,False
1568,0,0.05180110362,0.439818181,0,0.0242321285,0.5570019246,0,0.1587986951,False
1569,0,0.0257201528,0.439818181,0,0.01161415934,0.5570019246,0,0.09902130109,False
1570,0,0.3712777099,0.439818181,0,0.08423790207,0.5570019246,0,0.7298982921,False
1571,0,0.1077651066,0.439818181,0,0.1139574144,0.5570019246,0,0.259451161,False
1572,1,0.6487153374,0.439818181,1,0.9030248508,0.5570019246,1,,False
1573,1,0.6927061356,0.439818181,1,0.7442271276,0.5570019246,1,,False
1574,0,0.001115701128,0.439818181,0,0.0008300490697,0.5570019246,0,0.003214354251,False
1575,0,0.4718857724,0.439818181,1,0.115202491,0.5570019246,0,0.8673958933,False
1576,0,0.5184468125,0.439818181,1,0.1355552852,0.5570019246,0,0.9113413932,True
1577,0,0.001359104211,0.439818181,0,0.002042610941,0.5570019246,0,0.005709076953,False
1578,0,0.3571357661,0.439818181,0,0.1089682619,0.5570019246,0,0.7036077528,False
1579,0,0.05977698142,0.439818181,0,0.01739957873,0.5570019246,0,0.1756860487,False
1580,0,0.4326935719,0.439818181,0,0.7220982383,0.5570019246,1,0.8194204567,False
1581,0,0.3439610621,0.439818181,0,0.06598708696,0.5570019246,0,0.6809633468,False
1582,0,0.08244110768,0.439818181,0,0.04118308153,0.5570019246,0,0.2168489733,False
1583,1,0.6355861244,0.439818181,1,0.7552527244,0.5570019246,1,,False
1584,0,0.1358944847,0.439818181,0,0.03617438174,0.5570019246,0,0.3055075801,False
1585,0,0.3083958584,0.439818181,0,0.1667528654,0.5570019246,0,0.6142774899,False
1586,0,0.01617875652,0.439818181,0,0.01902511434,0.5570019246,0,0.07100364613,False
1587,1,0.4537771777,0.439818181,1,0.7309554644,0.5570019246,1,,False
1588,0,0.05358692346,0.439818181,0,0.02104341002,0.5570019246,0,0.1613893686,False
1589,0,0.06118920082,0.439818181,0,0.01830320903,0.5570019246,0,0.1782767223,False
1590,0,0.2849177814,0.439818181,0,0.07798722972,0.5570019246,0,0.5674534638,False
1591,0,0.009640617757,0.439818181,0,0.008012039259,0.5570019246,0,0.04615236999,False
1592,1,0.6310478301,0.439818181,1,0.780416489,0.5570019246,1,,False
1593,0,0.3437152478,0.439818181,0,0.1295865987,0.5570019246,0,0.6804835924,False
1594,0,0.2919609823,0.439818181,0,0.06869327907,0.5570019246,0,0.5805987334,False
1595,0,0.03288585634,0.439818181,0,0.01362749428,0.5570019246,0,0.1167722126,False
1596,0,0.2038862197,0.439818181,0,0.04812099376,0.5570019246,0,0.4215121858,False
1597,0,0.4353103422,0.439818181,0,0.1113715949,0.5570019246,0,0.8236422951,False
1598,0,0.2022933054,0.439818181,0,0.1175658924,0.5570019246,0,0.4182498561,False
1599,0,0.09766674129,0.439818181,0,0.04748938494,0.5570019246,0,0.2424678565,False
1600,0,0.03725829753,0.439818181,0,0.009098799832,0.5570019246,0,0.1288620226,False
1601,0,0.2462328898,0.439818181,0,0.066166595,0.5570019246,0,0.4962579159,False
1602,0,0.01788589944,0.439818181,0,0.005766886717,0.5570019246,0,0.077912109,False
1603,0,0.5428146681,0.439818181,1,0.1712781908,0.5570019246,0,0.9294761082,True
1604,0,0.01015645162,0.439818181,0,0.006546026216,0.5570019246,0,0.04912684705,False
1605,0,0.5698526201,0.439818181,1,0.1925647495,0.5570019246,0,0.9474189215,True
1606,0,0.484323684,0.439818181,1,0.5601730112,0.5570019246,1,0.8797735559,False
1607,0,0.07383212008,0.439818181,0,0.01428324115,0.5570019246,0,0.2014968336,False
1608,0,0.2042512755,0.439818181,0,0.04107142446,0.5570019246,0,0.4219919401,False
1609,0,0.001359104211,0.439818181,0,0.002042610941,0.5570019246,0,0.005709076953,False
1610,0,0.4963233911,0.439818181,1,0.1910568122,0.5570019246,0,0.8908079064,False
1611,0,0.001892689254,0.439818181,0,0.001890800663,0.5570019246,0,0.009211283823,False
1612,0,0.3887603009,0.439818181,0,0.5926197452,0.5570019246,1,0.7588754558,False
1613,0,0.03005614953,0.439818181,0,0.02086774481,0.5570019246,0,0.1090961428,False
1614,0,0.004791087913,0.439818181,0,0.0004069541283,0.5570019246,0,0.02456342353,False
1615,0,0.01268661178,0.439818181,0,0.004364819667,0.5570019246,0,0.05900978699,False
1616,0,0.2297972274,0.439818181,0,0.1920080794,0.5570019246,0,0.4641143734,False
1617,0,0.2660447235,0.439818181,0,0.06364885387,0.5570019246,0,0.53406256,False
1618,0,0.4194541712,0.439818181,0,0.1272874235,0.5570019246,0,0.8036845135,False
1619,0,0.4001688181,0.439818181,0,0.09466255363,0.5570019246,0,0.7777777778,False
1620,0,0.3765568298,0.439818181,0,0.1029459081,0.5570019246,0,0.7407407407,False
1621,0,0.2906737859,0.439818181,0,0.06767391284,0.5570019246,0,0.5781040107,False
1622,0,0.01272182936,0.439818181,0,0.00671556449,0.5570019246,0,0.05910573786,False
1623,0,0.4171325402,0.439818181,0,0.7101539045,0.5570019246,1,0.8004221838,False
1624,0,0.3424163389,0.439818181,0,0.1008419378,0.5570019246,0,0.6769334101,False
1625,0,0.05782229391,0.439818181,0,0.01856978535,0.5570019246,0,0.1708885051,False
1626,0,0.02728592439,0.439818181,0,0.01387999246,0.5570019246,0,0.1030512378,False
1627,0,0.2793141053,0.439818181,0,0.1020782688,0.5570019246,0,0.5569948187,False
1628,0,0.00874303533,0.439818181,0,0.004243657956,0.5570019246,0,0.04250623681,False
1629,0,0.3752664519,0.439818181,0,0.06326991534,0.5570019246,0,0.7375743619,False
1630,0,0.4184791205,0.439818181,0,0.1203439255,0.5570019246,0,0.8024371522,False
1631,0,0.3730398169,0.439818181,0,0.07293105718,0.5570019246,0,0.7339282287,False
1632,0,0.3185950806,0.439818181,0,0.07677694059,0.5570019246,0,0.6339474189,False
1633,0,0.1422199686,0.439818181,0,0.04283404441,0.5570019246,0,0.3148148148,False
1634,0,0.06807202943,0.439818181,0,0.01456605987,0.5570019246,0,0.1911341393,False
1635,0,0.02011397445,0.439818181,0,0.01099264935,0.5570019246,0,0.08501247361,False
1636,1,0.5675932229,0.439818181,1,0.78609198,0.5570019246,1,,False
1637,0,0.2937600664,0.439818181,0,0.1212878921,0.5570019246,0,0.5844367684,False
1638,1,0.5099994346,0.439818181,1,0.8713987517,0.5570019246,1,,False
1639,0,0.05007469812,0.439818181,0,0.0252703796,0.5570019246,0,0.1547687584,False
1640,0,0.3459048946,0.439818181,0,0.1233958229,0.5570019246,0,0.6845135291,False
1641,0,0.213708926,0.439818181,0,0.08119003184,0.5570019246,0,0.4370562272,False
1642,0,0.2112997131,0.439818181,0,0.06837407082,0.5570019246,0,0.4337938975,False
1643,0,0.01557693058,0.439818181,0,0.01065969207,0.5570019246,0,0.06870082518,False
1644,1,0.5651085066,0.439818181,1,0.8292517436,0.5570019246,1,,False
1645,0,0.3196210611,0.439818181,0,0.1092280688,0.5570019246,0,0.6358664364,False
1646,0,0.2991247957,0.439818181,0,0.08840383978,0.5570019246,0,0.596814431,False
1647,1,0.6097951526,0.439818181,1,0.644221501,0.5570019246,1,,False
1648,0,0.2869453063,0.439818181,0,0.09957233409,0.5570019246,0,0.5707157935,False
1649,0,0.1005874068,0.439818181,0,0.03005476929,0.5570019246,0,0.2467856457,False
1650,0,0.3377806617,0.439818181,0,0.1217191955,0.5570019246,0,0.6692573402,False
1651,0,0.133782735,0.439818181,0,0.05948947047,0.5570019246,0,0.3025331031,False
1652,0,0.371001348,0.439818181,0,0.0725886495,0.5570019246,0,0.7293225868,False
1653,0,0.3024804871,0.439818181,0,0.1193766945,0.5570019246,0,0.6022836308,False
1654,0,0.02057243581,0.439818181,0,0.01241082317,0.5570019246,0,0.08616388409,False
1655,0,0.2819356605,0.439818181,0,0.4559999098,0.5570019246,0,0.5620802149,False
1656,0,0.2254428581,0.439818181,0,0.0740243248,0.5570019246,0,0.4567261562,False
1657,0,0.3874421095,0.439818181,0,0.09085931779,0.5570019246,0,0.7558050278,False
1658,0,0.01057017488,0.439818181,0,0.01030401823,0.5570019246,0,0.05094991364,False
1659,0,0.1388090296,0.439818181,0,0.06422762104,0.5570019246,0,0.3098253694,False
1660,0,0.06254909145,0.439818181,0,0.03482542327,0.5570019246,0,0.180771445,False
1661,0,0.03252260348,0.439818181,0,0.01742096807,0.5570019246,0,0.115716753,False
1662,0,0.1613396333,0.439818181,0,0.11978214,0.5570019246,0,0.3465745538,False
1663,0,0.009144193394,0.439818181,0,0.005890684515,0.5570019246,0,0.04375359816,False
1664,0,0.3991437086,0.439818181,0,0.1445311681,0.5570019246,0,0.7757628094,False
1665,1,0.6900933285,0.439818181,1,0.8296196251,0.5570019246,1,,False
1666,0,0.2593206009,0.439818181,0,0.05007027796,0.5570019246,0,0.5213010938,False
1667,1,0.5548221538,0.439818181,1,0.7747537541,0.5570019246,1,,False
1668,0,0.2175425779,0.439818181,0,0.05687968488,0.5570019246,0,0.4441565918,False
1669,1,0.5347023932,0.439818181,1,0.8673257986,0.5570019246,1,,False
1670,0,0.2157885909,0.439818181,0,0.07271386406,0.5570019246,0,0.4405104586,False
1671,0,0.1132204635,0.439818181,0,0.0426082047,0.5570019246,0,0.2692381501,False
1672,0,0.2336684882,0.439818181,0,0.09081431482,0.5570019246,0,0.4720782959,False
1673,1,0.6602486795,0.439818181,1,0.8671433386,0.5570019246,1,,False
1674,0,0.08964978986,0.439818181,0,0.02203839917,0.5570019246,0,0.2285549799,False
1675,0,0.1108765387,0.439818181,0,0.03144305037,0.5570019246,0,0.264728459,False
1676,0,0.196914545,0.439818181,0,0.0916100901,0.5570019246,0,0.4082709653,False
1677,0,0.1678020645,0.439818181,0,0.06652841511,0.5570019246,0,0.357800806,False
1678,0,0.4097248747,0.439818181,0,0.1485270618,0.5570019246,0,0.7910189983,False
1679,0,0.342502021,0.439818181,0,0.1346478584,0.5570019246,0,0.6772212627,False
1680,0,0.1211081228,0.439818181,0,0.02071754471,0.5570019246,0,0.2811360583,False
1681,0,0.2104041322,0.439818181,0,0.03549759452,0.5570019246,0,0.432642487,False
1682,0,0.1508661457,0.439818181,0,0.0896131241,0.5570019246,0,0.3294952984,False
1683,0,0.2361273509,0.439818181,0,0.1072635008,0.5570019246,0,0.476587987,False
1684,0,0.006478136498,0.439818181,0,0.005257137289,0.5570019246,0,0.03444636346,False
1685,0,0.4516320911,0.439818181,1,0.2148221716,0.5570019246,0,0.8445595855,False
1686,0,0.4311471701,0.439818181,0,0.2282029938,0.5570019246,0,0.8177892919,False
1687,0,0.2645451009,0.439818181,0,0.08542289943,0.5570019246,0,0.5315678373,False
1688,0,0.3255975135,0.439818181,0,0.06706232497,0.5570019246,0,0.6468048359,False
1689,0,0.02858672335,0.439818181,0,0.02193947353,0.5570019246,0,0.1055459605,False
1690,0,0.04609151912,0.439818181,0,0.02499698031,0.5570019246,0,0.1469967377,False
1691,0,0.3877164303,0.439818181,0,0.09436951011,0.5570019246,0,0.7563807331,False
1692,0,0.04719603206,0.439818181,0,0.04182670305,0.5570019246,0,0.1492036078,False
1693,0,0.0517314913,0.439818181,0,0.01703967315,0.5570019246,0,0.1584148916,False
1694,0,0.02141778252,0.439818181,0,0.01392736278,0.5570019246,0,0.08875455767,False
1695,0,0.1674890778,0.439818181,0,0.06375296466,0.5570019246,0,0.357033199,False
1696,0,0.01035201687,0.439818181,0,0.007814526274,0.5570019246,0,0.05027825753,False
1697,1,0.5522177912,0.439818181,1,0.8519613243,0.5570019246,1,,False
1698,0,0.001168782233,0.439818181,0,0.0002473930057,0.5570019246,0,0.004461715602,False
1699,0,0.4953102756,0.439818181,1,0.1719681172,0.5570019246,0,0.8898483976,False
1700,0,0.1897500671,0.439818181,0,0.04728404148,0.5570019246,0,0.3943580887,False
1701,0,0.372149187,0.439818181,0,0.0898533156,0.5570019246,0,0.7320092113,False
1702,0,0.01744997021,0.439818181,0,0.00374515645,0.5570019246,0,0.07676069852,False
1703,0,0.03421069781,0.439818181,0,0.007918542346,0.5570019246,0,0.1208981002,False
1704,0,0.07877236347,0.439818181,0,0.04879440302,0.5570019246,0,0.210324314,False
1705,0,0.1644470436,0.439818181,0,0.06745858709,0.5570019246,0,0.3511801957,False
1706,0,0.2339611957,0.439818181,0,0.06700745356,0.5570019246,0,0.4731337555,False
1707,0,0.04019949774,0.439818181,0,0.01689265726,0.5570019246,0,0.135386682,False
1708,0,0.1751061592,0.439818181,0,0.06310748041,0.5570019246,0,0.3688351564,False
1709,0,0.04708402174,0.439818181,0,0.01819348267,0.5570019246,0,0.149011706,False
1710,0,0.4483790836,0.439818181,1,0.665593546,0.5570019246,1,0.8406255997,False
1711,0,0.3050779229,0.439818181,0,0.1314522691,0.5570019246,0,0.6072730762,False
1712,0,0.212927405,0.439818181,0,0.08161593121,0.5570019246,0,0.4358088659,False
1713,0,0.004853360481,0.439818181,0,0.003860717291,0.5570019246,0,0.02533103051,False
1714,0,0.09078396973,0.439818181,0,0.02521562375,0.5570019246,0,0.2311456534,False
1715,0,0.5021761812,0.439818181,1,0.1251453978,0.5570019246,0,0.8976204183,False
1716,0,0.09332114292,0.439818181,0,0.02921335374,0.5570019246,0,0.2359431971,False
1717,0,0.008610100489,0.439818181,0,0.005743547024,0.5570019246,0,0.04193053157,False
1718,0,0.2439597313,0.439818181,0,0.04091718243,0.5570019246,0,0.492419881,False
1719,0,0.01712381248,0.439818181,0,0.01703443035,0.5570019246,0,0.07580118979,False
1720,1,0.5107414566,0.439818181,1,0.7936493572,0.5570019246,1,,False
1721,0,0.06385375732,0.439818181,0,0.03049337003,0.5570019246,0,0.182306659,False
1722,0,0.1961464942,0.439818181,0,0.0415787995,0.5570019246,0,0.4068317022,False
1723,0,0.5021163742,0.439818181,1,0.6825150334,0.5570019246,1,0.8975244675,False
1724,0,0.2591975895,0.439818181,0,0.06191275688,0.5570019246,0,0.5210132412,False
1725,0,0.2892566133,0.439818181,0,0.09922269537,0.5570019246,0,0.5750335828,False
1726,0,0.02006416134,0.439818181,0,0.005626058281,0.5570019246,0,0.08462867012,False
1727,1,0.6125664843,0.439818181,1,0.8421876965,0.5570019246,1,,False
1728,0,0.05083386292,0.439818181,0,0.03171274052,0.5570019246,0,0.156591825,False
1729,0,0.4067064704,0.439818181,0,0.1083234953,0.5570019246,0,0.7864133564,False
1730,0,0.009222552584,0.439818181,0,0.004985764616,0.5570019246,0,0.04404145078,False
1731,0,0.01984027565,0.439818181,0,0.005393428849,0.5570019246,0,0.08366916139,False
1732,1,0.5755061574,0.439818181,1,0.7905887544,0.5570019246,1,,False
1733,1,0.693336526,0.439818181,1,0.7790346153,0.5570019246,1,,False
1734,0,0.2080371472,0.439818181,0,0.0728772819,0.5570019246,0,0.4287085012,False
1735,0,0.6789198178,0.439818181,1,0.1934005494,0.5570019246,0,0.9878142391,True
1736,0,0.1161839295,0.439818181,0,0.03491883073,0.5570019246,0,0.274611399,False
1737,0,0.5489905798,0.439818181,1,0.1637285648,0.5570019246,0,0.9338898484,True
1738,0,0.0172212646,0.439818181,0,0.01743020186,0.5570019246,0,0.07608904241,False
1739,1,0.6508046277,0.439818181,1,0.8169265505,0.5570019246,1,,False
1740,0,0.3735922929,0.439818181,0,0.6380779662,0.5570019246,1,0.7350796392,False
1741,0,0.02842697883,0.439818181,0,0.01510288159,0.5570019246,0,0.105162157,False
1742,0,0.05982935531,0.439818181,0,0.02480703915,0.5570019246,0,0.1757819996,False
1743,0,0.04266312596,0.439818181,0,0.01766794941,0.5570019246,0,0.1399923239,False
1744,0,0.4030203876,0.439818181,0,0.205000019,0.5570019246,0,0.7819036653,False
1745,0,0.2932920463,0.439818181,0,0.1085366351,0.5570019246,0,0.5838610631,False
1746,0,0.3164444195,0.439818181,0,0.08114638322,0.5570019246,0,0.630109384,False
1747,0,0.1415866289,0.439818181,0,0.02388371315,0.5570019246,0,0.3143350604,False
1748,0,0.5626400996,0.439818181,1,0.1317639488,0.5570019246,0,0.9434849357,True
1749,0,0.05839044647,0.439818181,0,0.02094180177,0.5570019246,0,0.1725196699,False
1750,0,0.07615858538,0.439818181,0,0.006697061929,0.5570019246,0,0.2059105738,False
1751,0,0.03454371769,0.439818181,0,0.009951602657,0.5570019246,0,0.1219535598,False
1752,0,0.3155880148,0.439818181,0,0.1208853071,0.5570019246,0,0.6282863174,False
1753,0,0.3553293007,0.439818181,0,0.09774869578,0.5570019246,0,0.6994818653,False
1754,0,0.2496219747,0.439818181,0,0.08767514055,0.5570019246,0,0.5025906736,False
1755,0,0.05791317182,0.439818181,0,0.03926592898,0.5570019246,0,0.1710804068,False
1756,0,0.3971443417,0.439818181,0,0.1253403972,0.5570019246,0,0.7720207254,False
1757,0,0.4193910023,0.439818181,0,0.09433073816,0.5570019246,0,0.8034926118,False
1758,0,0.01187084428,0.439818181,0,0.007580030894,0.5570019246,0,0.05632316254,False
1759,0,0.2037901991,0.439818181,0,0.05003345033,0.5570019246,0,0.4211283823,False
1760,0,0.5027483174,0.439818181,1,0.1116941322,0.5570019246,0,0.8980042218,False
1761,0,0.07577206379,0.439818181,0,0.02910674623,0.5570019246,0,0.2052389177,False
1762,1,0.6731752196,0.439818181,1,0.7079007979,0.5570019246,1,,False
1763,0,0.4474015256,0.439818181,1,0.1101293553,0.5570019246,0,0.8390903857,False
1764,0,0.003779866103,0.439818181,0,0.005139079251,0.5570019246,0,0.0207253886,False
1765,0,0.1209903332,0.439818181,0,0.02073319146,0.5570019246,0,0.2810401075,False
1766,0,0.5550377274,0.439818181,1,0.1219871676,0.5570019246,0,0.9383035886,True
1767,0,0.1207469546,0.439818181,0,0.04034597911,0.5570019246,0,0.2808482057,False
1768,0,0.0229589581,0.439818181,0,0.003284405087,0.5570019246,0,0.09288044521,False
1769,0,0.3086503173,0.439818181,0,0.0479961754,0.5570019246,0,0.6145653425,False
1770,0,0.3954065827,0.439818181,0,0.07661817994,0.5570019246,0,0.7701976588,False
1771,0,0.4282979623,0.439818181,0,0.7238395238,0.5570019246,1,0.8148148148,False
1772,0,0.6034770192,0.439818181,1,0.2854564377,0.5570019246,0,0.9639224717,True
1773,0,0.1323746492,0.439818181,0,0.04431819737,0.5570019246,0,0.3001343312,False
1774,0,0.4836104654,0.439818181,1,0.6446425446,0.5570019246,1,0.8791978507,False
1775,1,0.5180974548,0.439818181,1,0.7016414523,0.5570019246,1,,False
1776,0,0.005146641349,0.439818181,0,0.003929743747,0.5570019246,0,0.02729802341,False
1777,0,0.1474279631,0.439818181,0,0.06884893984,0.5570019246,0,0.3232584917,False
1778,1,0.6365315212,0.439818181,1,0.8355455871,0.5570019246,1,,False
1779,0,0.08830240823,0.439818181,0,0.02420838163,0.5570019246,0,0.2262521589,False
1780,0,0.3967039847,0.439818181,0,0.1074826677,0.5570019246,0,0.7717328728,False
1781,1,0.6702692358,0.439818181,1,0.8793335362,0.5570019246,1,,False
1782,1,0.6458248629,0.439818181,1,0.9176600979,0.5570019246,1,,False
1783,0,0.5174362306,0.439818181,1,0.1683232817,0.5570019246,0,0.9102859336,True
1784,0,0.1577343237,0.439818181,0,0.0515460252,0.5570019246,0,0.3401458453,False
1785,0,0.2620438026,0.439818181,0,0.07195568644,0.5570019246,0,0.5263864901,False
1786,0,0.01907435531,0.439818181,0,0.01401301565,0.5570019246,0,0.08155824218,False
1787,1,0.6383530061,0.439818181,1,0.8026371139,0.5570019246,1,,False
1788,1,0.5594408882,0.439818181,1,0.8199986337,0.5570019246,1,,False
1789,0,0.144454701,0.439818181,0,0.04006112312,0.5570019246,0,0.3185568989,False
1790,0,0.4844389551,0.439818181,1,0.7467563578,0.5570019246,1,0.8798695068,False
1791,0,0.1978029929,0.439818181,0,0.05017813253,0.5570019246,0,0.4093264249,False
1792,0,0.4176590346,0.439818181,0,0.1675335955,0.5570019246,0,0.8012857417,False
1793,0,0.01001464688,0.439818181,0,0.009218624706,0.5570019246,0,0.04845519094,False
1794,0,0.3990492034,0.439818181,0,0.1849737142,0.5570019246,0,0.7753790059,False
1795,0,0.01122303075,0.439818181,0,0.004641214631,0.5570019246,0,0.05402034159,False
1796,0,0.003729546313,0.439818181,0,0.001633103238,0.5570019246,0,0.02034158511,False
1797,0,0.3196070853,0.439818181,0,0.1486077829,0.5570019246,0,0.6356745346,False
1798,0,0.1359701729,0.439818181,0,0.04641161999,0.5570019246,0,0.305603531,False
1799,0,0.3577412494,0.439818181,0,0.08380566352,0.5570019246,0,0.7046632124,False
1800,0,0.007785959242,0.439818181,0,0.005970144922,0.5570019246,0,0.0389560545,False
1801,0,0.46592432,0.439818181,1,0.1286390014,0.5570019246,0,0.8595279217,False
1802,0,0.1606614039,0.439818181,0,0.09273350018,0.5570019246,0,0.3453271925,False
1803,0,0.1523902785,0.439818181,0,0.1284776044,0.5570019246,0,0.3314143159,False
1804,0,0.1306495477,0.439818181,0,0.07552069436,0.5570019246,0,0.2975436576,False
1805,0,0.006884747908,0.439818181,0,0.004070420915,0.5570019246,0,0.03578967569,False
1806,0,0.08100556383,0.439818181,0,0.03854007411,0.5570019246,0,0.2149299559,False
1807,0,0.07242699247,0.439818181,0,0.02205435036,0.5570019246,0,0.1984264057,False
1808,0,0.1597107461,0.439818181,0,0.1389065326,0.5570019246,0,0.3435041259,False
1809,0,0.05373865974,0.439818181,0,0.02413145994,0.5570019246,0,0.1616772213,False
1810,0,0.2289420614,0.439818181,0,0.1196486102,0.5570019246,0,0.462195356,False
1811,0,0.4033383592,0.439818181,0,0.1015273516,0.5570019246,0,0.7822874688,False
1812,0,0.0211955274,0.439818181,0,0.02528078205,0.5570019246,0,0.08789099981,False
1813,0,0.4541076137,0.439818181,1,0.7939004215,0.5570019246,1,0.8479178661,False
1814,0,0.01524902157,0.439818181,0,0.007606312634,0.5570019246,0,0.06812511994,False
1815,0,0.005922281696,0.439818181,0,0.007132696785,0.5570019246,0,0.03118403377,False
1816,0,0.4866196718,0.439818181,1,0.6086506967,0.5570019246,1,0.8820763769,False
1817,0,0.3439771112,0.439818181,0,0.09000525472,0.5570019246,0,0.6811552485,False
1818,0,0.1026383229,0.439818181,0,0.05154683317,0.5570019246,0,0.2502398772,False
1819,0,0.01410905666,0.439818181,0,0.01013500114,0.5570019246,0,0.06323162541,False
1820,0,0.0357937821,0.439818181,0,0.0147383833,0.5570019246,0,0.1251199386,False
1821,0,0.2562823591,0.439818181,0,0.1055169976,0.5570019246,0,0.5153521397,False
1822,0,0.008675680684,0.439818181,0,0.008586754503,0.5570019246,0,0.04231433506,False
1823,0,0.4523941535,0.439818181,1,0.1610797537,0.5570019246,0,0.8455190942,False
1824,0,0.398483392,0.439818181,0,0.1322570095,0.5570019246,0,0.7740356937,False
1825,1,0.5135768679,0.439818181,1,0.7537535195,0.5570019246,1,,False
1826,0,0.380291524,0.439818181,0,0.1419248794,0.5570019246,0,0.7471694492,False
1827,0,0.3175933426,0.439818181,0,0.4312089544,0.5570019246,0,0.6327960084,False
1828,0,0.1909116585,0.439818181,0,0.0522696348,0.5570019246,0,0.3962771061,False
1829,0,0.1089217193,0.439818181,0,0.03853546491,0.5570019246,0,0.261753982,False
1830,0,0.2276840248,0.439818181,0,0.7045062359,0.5570019246,1,0.4601803876,False
1831,0,0.2993100987,0.439818181,0,0.07798088957,0.5570019246,0,0.5973901363,False
1832,0,0.1417612626,0.439818181,0,0.05079695767,0.5570019246,0,0.3144310113,False
1833,0,0.1926289645,0.439818181,0,0.05132936409,0.5570019246,0,0.3995394358,False
1834,0,0.34440105,0.439818181,0,0.1106100634,0.5570019246,0,0.6822107081,False
1835,0,0.2899782687,0.439818181,0,0.1054123818,0.5570019246,0,0.5770485511,False
1836,0,0.2193670367,0.439818181,0,0.4874002502,0.5570019246,0,0.4471310689,False
1837,0,0.3078997532,0.439818181,0,0.115549464,0.5570019246,0,0.6134139321,False
1838,0,0.5703527572,0.439818181,1,0.6286651245,0.5570019246,1,0.9476108233,True
1839,0,0.006222525126,0.439818181,0,0.003780261158,0.5570019246,0,0.03310305124,False
1840,0,0.003099390322,0.439818181,0,0.003303940362,0.5570019246,0,0.01587986951,False
1841,0,0.2707728888,0.439818181,0,0.1467237438,0.5570019246,0,0.5407791211,False
1842,0,0.1878863193,0.439818181,0,0.04132310055,0.5570019246,0,0.3911917098,False
1843,1,0.663480973,0.439818181,1,0.8376272582,0.5570019246,1,,False
1844,0,0.03656102232,0.439818181,0,0.004321537762,0.5570019246,0,0.1273268087,False
1845,0,0.1313362358,0.439818181,0,0.03963151625,0.5570019246,0,0.2986950681,False
1846,0,0.449116426,0.439818181,1,0.7501940408,0.5570019246,1,0.8417770102,False
1847,0,0.2644287334,0.439818181,0,0.07698914862,0.5570019246,0,0.5312799846,False
1848,0,0.07572056926,0.439818181,0,0.01987445161,0.5570019246,0,0.2050470159,False
1849,0,0.207839291,0.439818181,0,0.05642722347,0.5570019246,0,0.4276530416,False
1850,0,0.1951662336,0.439818181,0,0.07839738169,0.5570019246,0,0.4050086356,False
1851,0,0.01438701522,0.439818181,0,0.006649368143,0.5570019246,0,0.06476683938,False
1852,0,0.5778934591,0.439818181,1,0.6651742424,0.5570019246,1,0.9522164652,True
1853,0,0.1250681266,0.439818181,0,0.05833621693,0.5570019246,0,0.286701209,False
1854,0,0.02604612921,0.439818181,0,0.009980012379,0.5570019246,0,0.09998080983,False
1855,0,0.1490683115,0.439818181,0,0.07762753036,0.5570019246,0,0.3263289196,False
1856,0,0.3508172819,0.439818181,0,0.5015500915,0.5570019246,0,0.6921895989,False
1857,1,0.6284293677,0.439818181,1,0.8236342231,0.5570019246,1,,False
1858,0,0.4498293934,0.439818181,1,0.1222725109,0.5570019246,0,0.8424486663,False
1859,0,0.2221094423,0.439818181,0,0.08488262642,0.5570019246,0,0.4512569564,False
1860,0,0.1617644637,0.439818181,0,0.03389475192,0.5570019246,0,0.3469583573,False
1861,1,0.7433082879,0.439818181,1,0.8941913602,0.5570019246,1,,False
1862,0,0.3609162675,0.439818181,0,0.1138860668,0.5570019246,0,0.7104202648,False
1863,0,0.1622043838,0.439818181,0,0.03575775961,0.5570019246,0,0.3479178661,False
1864,0,0.01619802477,0.439818181,0,0.01021874909,0.5570019246,0,0.07129149875,False
1865,0,0.3033449259,0.439818181,0,0.2362418103,0.5570019246,0,0.6032431395,False
1866,0,0.1805861299,0.439818181,0,0.100168486,0.5570019246,0,0.3791978507,False
1867,0,0.005914827141,0.439818181,0,0.001283611183,0.5570019246,0,0.03104010746,False
1868,0,0.1866222621,0.439818181,0,0.08221204424,0.5570019246,0,0.3884091345,False
1869,0,0.4311070082,0.439818181,0,0.1576871548,0.5570019246,0,0.8175973901,False
1870,0,0.1393489805,0.439818181,0,0.0723799592,0.5570019246,0,0.3110727308,False
1871,0,0.1008994328,0.439818181,0,0.05808809819,0.5570019246,0,0.2474573019,False
1872,0,0.04147438899,0.439818181,0,0.02651252989,0.5570019246,0,0.137689503,False
1873,0,0.2022971235,0.439818181,0,0.05097734444,0.5570019246,0,0.4183458069,False
1874,0,0.1940048495,0.439818181,0,0.09801811312,0.5570019246,0,0.4028017655,False
1875,0,0.5492347083,0.439818181,1,0.7424600349,0.5570019246,1,0.934177701,True
1876,0,0.5272099478,0.439818181,1,0.169693036,0.5570019246,0,0.9181539052,True
1877,0,0.3387935576,0.439818181,0,0.1188439797,0.5570019246,0,0.6707925542,False
1878,0,0.06358113901,0.439818181,0,0.02410708026,0.5570019246,0,0.1820188064,False
1879,0,0.4541075945,0.439818181,1,0.1197867431,0.5570019246,0,0.8478219152,False
1880,0,0.03424185551,0.439818181,0,0.02709261229,0.5570019246,0,0.120994051,False
1881,0,0.3844371055,0.439818181,0,0.1096108667,0.5570019246,0,0.7519669929,False
1882,0,0.3814072754,0.439818181,0,0.0857070063,0.5570019246,0,0.7489925158,False
1883,0,0.2148722651,0.439818181,0,0.08856427554,0.5570019246,0,0.4392630973,False
1884,0,0.2793409763,0.439818181,0,0.5632004918,0.5570019246,1,0.5570907695,False
1885,0,0.1393327968,0.439818181,0,0.03744324836,0.5570019246,0,0.310880829,False
1886,0,0.4187931265,0.439818181,0,0.1116136025,0.5570019246,0,0.8029169065,False
1887,0,0.004997177157,0.439818181,0,0.003633615557,0.5570019246,0,0.0260986375,False
1888,0,0.6784858859,0.439818181,1,0.1934441252,0.5570019246,0,0.9877182882,True
1889,0,0.344411724,0.439818181,0,0.06836382209,0.5570019246,0,0.682306659,False
1890,0,0.003622918412,0.439818181,0,0.0001431907738,0.5570019246,0,0.0192861255,False
1891,0,0.4898192654,0.439818181,1,0.1305000639,0.5570019246,0,0.885050854,False
1892,1,0.4931068819,0.439818181,1,0.6390565901,0.5570019246,1,,False
1893,0,0.511298184,0.439818181,1,0.1117343095,0.5570019246,0,0.9054883899,True
1894,0,0.01368817953,0.439818181,0,0.009593455651,0.5570019246,0,0.0621761658,False
1895,0,0.2059739799,0.439818181,0,0.1953561934,0.5570019246,0,0.4247745154,False
1896,0,0.2450597603,0.439818181,0,0.1161946279,0.5570019246,0,0.4951065055,False
1897,0,0.00800207294,0.439818181,0,0.000165377497,0.5570019246,0,0.03953175974,False
1898,0,0.09730506637,0.439818181,0,0.03770715914,0.5570019246,0,0.2415083477,False
1899,0,0.1415612203,0.439818181,0,0.07148516115,0.5570019246,0,0.3141431587,False
1900,0,0.03741777097,0.439818181,0,0.02804078998,0.5570019246,0,0.1295336788,False
1901,0,0.2054226199,0.439818181,0,0.08778591864,0.5570019246,0,0.423623105,False
1902,1,0.6721734398,0.439818181,1,0.8047492456,0.5570019246,1,,False
1903,0,0.1726667585,0.439818181,0,0.04869270012,0.5570019246,0,0.3647092689,False
1904,0,0.5451927571,0.439818181,1,0.7826932362,0.5570019246,1,0.9310113222,True
1905,1,0.6628352309,0.439818181,1,0.8815357232,0.5570019246,1,,False
1906,1,0.4654446534,0.439818181,1,0.8095027383,0.5570019246,1,,False
1907,0,0.2502232334,0.439818181,0,0.06652926144,0.5570019246,0,0.5036461332,False
1908,0,0.08871583499,0.439818181,0,0.02864219864,0.5570019246,0,0.2266359624,False
1909,0,0.1100116985,0.439818181,0,0.05763870866,0.5570019246,0,0.2638649012,False
1910,0,0.09061244384,0.439818181,0,0.02070190457,0.5570019246,0,0.2308578008,False
1911,0,0.003247093017,0.439818181,0,0.001427970261,0.5570019246,0,0.0167914028,False
1912,0,0.3649991956,0.439818181,0,0.0896511397,0.5570019246,0,0.7186720399,False
1913,0,0.141583601,0.439818181,0,0.0694049882,0.5570019246,0,0.3142391096,False
1914,0,0.3657359464,0.439818181,0,0.1800521056,0.5570019246,0,0.7194396469,False
1915,0,0.152547112,0.439818181,0,0.09591001911,0.5570019246,0,0.3316062176,False
1916,0,0.02916831125,0.439818181,0,0.01242703316,0.5570019246,0,0.1069852236,False
1917,0,0.2863416573,0.439818181,0,0.1189312366,0.5570019246,0,0.5697562848,False
1918,0,0.4334375157,0.439818181,0,0.1369549886,0.5570019246,0,0.8205718672,False
1919,1,0.6312349066,0.439818181,1,0.8330892119,0.5570019246,1,,False
1920,1,0.6903074083,0.439818181,1,0.8876316557,0.5570019246,1,,False
1921,0,0.311152471,0.439818181,0,0.08612062682,0.5570019246,0,0.6184993283,False
1922,0,0.3560314119,0.439818181,0,0.1353080839,0.5570019246,0,0.7006332758,False
1923,0,0.03309362109,0.439818181,0,0.02784129794,0.5570019246,0,0.1174438687,False
1924,0,0.47471076,0.439818181,1,0.7233745507,0.5570019246,1,0.8703703704,False
1925,0,0.1145183925,0.439818181,0,0.02537116594,0.5570019246,0,0.2716369219,False
1926,0,0.005146641349,0.439818181,0,0.003929743747,0.5570019246,0,0.02729802341,False
1927,0,0.2003321127,0.439818181,0,0.07576029293,0.5570019246,0,0.4147956246,False
1928,0,0.1919070743,0.439818181,0,0.04891987446,0.5570019246,0,0.3980042218,False
1929,0,0.4110526649,0.439818181,0,0.1008455211,0.5570019246,0,0.7931299175,False
1930,1,0.5124030561,0.439818181,1,0.7897242217,0.5570019246,1,,False
1931,0,0.02355254186,0.439818181,0,0.02631200641,0.5570019246,0,0.09422375744,False
1932,0,0.02388749011,0.439818181,0,0.04418609513,0.5570019246,0,0.09503933986,False
1933,0,0.2964265087,0.439818181,0,0.07681424711,0.5570019246,0,0.5903857225,False
1934,0,0.001115701128,0.439818181,0,0.0008300490697,0.5570019246,0,0.003214354251,False
1935,0,0.2305002232,0.439818181,0,0.08152345384,0.5570019246,0,0.4654576857,False
1936,0,0.4974457202,0.439818181,1,0.1602957427,0.5570019246,0,0.8923431203,False
1937,0,0.3441817641,0.439818181,0,0.1466531995,0.5570019246,0,0.6816350029,False
1938,0,0.2630111249,0.439818181,0,0.07925765904,0.5570019246,0,0.5288812128,False
1939,0,0.08961552346,0.439818181,0,0.07234499863,0.5570019246,0,0.228459029,False
1940,0,0.5001276005,0.439818181,1,0.1042177598,0.5570019246,0,0.8954135483,False
1941,0,0.193248322,0.439818181,0,0.07082032673,0.5570019246,0,0.4012665515,False
1942,1,0.5155216928,0.439818181,1,0.8980622545,0.5570019246,1,,False
1943,0,0.3984907481,0.439818181,0,0.1274069652,0.5570019246,0,0.7741316446,False
1944,0,0.00930859681,0.439818181,0,0.01552204741,0.5570019246,0,0.04442525427,False
1945,0,0.5466029485,0.439818181,1,0.123233374,0.5570019246,0,0.9323546344,True
1946,0,0.07976436209,0.439818181,0,0.05351367684,0.5570019246,0,0.2121473805,False
1947,0,0.2565766383,0.439818181,0,0.07119293657,0.5570019246,0,0.5160237958,False
1948,0,0.2246077008,0.439818181,0,0.1058231711,0.5570019246,0,0.4555747457,False
1949,0,0.03069453919,0.439818181,0,0.01077215208,0.5570019246,0,0.1113989637,False
1950,0,0.001115701128,0.439818181,0,0.0008300490697,0.5570019246,0,0.003214354251,False
1951,0,0.008094336618,0.439818181,0,0.005464402433,0.5570019246,0,0.03991556323,False
1952,0,0.1748762513,0.439818181,0,0.1042184398,0.5570019246,0,0.368355402,False
1953,0,0.3889771228,0.439818181,0,0.08715525312,0.5570019246,0,0.7593552101,False
1954,0,0.2488397479,0.439818181,0,0.07890485731,0.5570019246,0,0.5017271157,False
1955,0,0.2471325544,0.439818181,0,0.08006967969,0.5570019246,0,0.4983688352,False
1956,0,0.2314286412,0.439818181,0,0.09115272189,0.5570019246,0,0.4675686049,False
1957,0,0.1549895001,0.439818181,0,0.08800728213,0.5570019246,0,0.3353483017,False
1958,0,0.5897969443,0.439818181,1,0.2350379381,0.5570019246,0,0.9574937632,True
1959,0,0.3898318723,0.439818181,0,0.1102147715,0.5570019246,0,0.7606025715,False
1960,0,0.1953666244,0.439818181,0,0.09169883708,0.5570019246,0,0.4053924391,False
1961,0,0.4093588253,0.439818181,0,0.1109597075,0.5570019246,0,0.7903473422,False
1962,0,0.08624754667,0.439818181,0,0.0320963272,0.5570019246,0,0.2229898292,False
1963,0,0.1369587568,0.439818181,0,0.04793534318,0.5570019246,0,0.3068508923,False
1964,1,0.644699274,0.439818181,1,0.8147526358,0.5570019246,1,,False
1965,0,0.3542610447,0.439818181,0,0.07620761844,0.5570019246,0,0.6973709461,False
1966,0,0.04973077161,0.439818181,0,0.01368812767,0.5570019246,0,0.1540011514,False
1967,0,0.1291121029,0.439818181,0,0.04153923246,0.5570019246,0,0.2945691806,False
1968,1,0.4469345839,0.439818181,1,0.848570574,0.5570019246,1,,False
1969,1,0.4861840546,0.439818181,1,0.8475020476,0.5570019246,1,,False
1970,0,0.3145370553,0.439818181,0,0.06262011326,0.5570019246,0,0.625599693,False
1971,0,0.2051925118,0.439818181,0,0.1097538556,0.5570019246,0,0.4229514489,False
1972,0,0.3284291997,0.439818181,0,0.1132572348,0.5570019246,0,0.6517942813,False
1973,0,0.1656747137,0.439818181,0,0.1256028548,0.5570019246,0,0.3535789676,False
1974,0,0.4041919704,0.439818181,0,0.1154149217,0.5570019246,0,0.783630781,False
1975,0,0.02254997439,0.439818181,0,0.007110646583,0.5570019246,0,0.09182498561,False
1976,0,0.3570929588,0.439818181,0,0.1057891263,0.5570019246,0,0.703511802,False
1977,0,0.03435352562,0.439818181,0,0.01620154439,0.5570019246,0,0.1213778545,False
1978,0,0.151185606,0.439818181,0,0.05851912875,0.5570019246,0,0.3299750528,False
1979,0,0.1254720783,0.439818181,0,0.02023196856,0.5570019246,0,0.2871809633,False
1980,0,0.3169564693,0.439818181,0,0.1105304505,0.5570019246,0,0.6313567453,False
1981,0,0.01899827455,0.439818181,0,0.002608846396,0.5570019246,0,0.08136634043,False
1982,0,0.1757687228,0.439818181,0,0.06159675689,0.5570019246,0,0.3700825178,False
1983,0,0.2488442065,0.439818181,0,0.07209357028,0.5570019246,0,0.5018230666,False
1984,1,0.6360993773,0.439818181,1,0.8803626594,0.5570019246,1,,False
1985,1,0.4941059846,0.439818181,1,0.7189881142,0.5570019246,1,,False
1986,1,0.6383691626,0.439818181,1,0.8718074498,0.5570019246,1,,False
1987,0,0.2506459265,0.439818181,0,0.1342662184,0.5570019246,0,0.5041258875,False
1988,0,0.1976325114,0.439818181,0,0.05147336268,0.5570019246,0,0.4091345231,False
1989,0,0.2640768182,0.439818181,0,0.09806269625,0.5570019246,0,0.5306083285,False
1990,0,0.4249043585,0.439818181,0,0.58324216,0.5570019246,1,0.8112646325,False
1991,0,0.3500883981,0.439818181,0,0.1188920646,0.5570019246,0,0.6912300902,False
1992,0,0.01130744143,0.439818181,0,0.01241374678,0.5570019246,0,0.05440414508,False
1993,0,0.4482150928,0.439818181,1,0.1164381913,0.5570019246,0,0.8404336979,False
1994,0,0.00824685979,0.439818181,0,0.0005689888629,0.5570019246,0,0.0403953176,False
1995,0,0.2326240267,0.439818181,0,0.0701646079,0.5570019246,0,0.4705430819,False
1996,0,0.2133058523,0.439818181,0,0.09067711242,0.5570019246,0,0.4365764728,False
1997,1,0.5958573604,0.439818181,1,0.7097619784,0.5570019246,1,,False
1998,1,0.5210307266,0.439818181,1,0.827168717,0.5570019246,1,,False
1999,0,0.3996256234,0.439818181,0,0.09832773955,0.5570019246,0,0.7766263673,False
2000,0,0.4595404088,0.439818181,1,0.07250538432,0.5570019246,0,0.8532911149,False
2001,0,0.4575625586,0.439818181,1,0.5688193352,0.5570019246,1,0.850988294,False
2002,1,0.7130433863,0.439818181,1,0.8474499375,0.5570019246,1,,False
2003,0,0.03701817848,0.439818181,0,0.03777565949,0.5570019246,0,0.1283822683,False
2004,0,0.07085848879,0.439818181,0,0.02030924934,0.5570019246,0,0.1964114373,False
2005,0,0.4957763841,0.439818181,1,0.09251686536,0.5570019246,0,0.890328152,False
2006,0,0.0252359522,0.439818181,0,0.01235940373,0.5570019246,0,0.09739013625,False
2007,1,0.7041833499,0.439818181,1,0.8139320304,0.5570019246,1,,False
2008,0,0.03499556356,0.439818181,0,0.02359002233,0.5570019246,0,0.1228171176,False
2009,0,0.5481954599,0.439818181,1,0.1258944014,0.5570019246,0,0.9333141432,True
2010,0,0.01479242626,0.439818181,0,0.01677008013,0.5570019246,0,0.06591824986,False
2011,0,0.4771399387,0.439818181,1,0.1589068048,0.5570019246,0,0.8728650931,False
2012,0,0.4881326391,0.439818181,1,0.5487077574,0.5570019246,0,0.8833237382,False
2013,1,0.6380409061,0.439818181,1,0.7039483819,0.5570019246,1,,False
2014,0,0.01592479826,0.439818181,0,0.009910434309,0.5570019246,0,0.06994818653,False
2015,0,0.319814912,0.439818181,0,0.6372950089,0.5570019246,1,0.6363461908,False
2016,1,0.7178225802,0.439818181,1,0.7476236315,0.5570019246,1,,False
2017,0,0.5310632496,0.439818181,1,0.09414553062,0.5570019246,0,0.9209364805,True
2018,0,0.3937625857,0.439818181,0,0.09863607852,0.5570019246,0,0.7673191326,False
2019,0,0.1927691875,0.439818181,0,0.07204866213,0.5570019246,0,0.4000191902,False
2020,0,0.04205746966,0.439818181,0,0.008850467238,0.5570019246,0,0.1388409135,False
2021,0,0.1789276543,0.439818181,0,0.07419896775,0.5570019246,0,0.3763193245,False
2022,0,0.1324577434,0.439818181,0,0.08100741098,0.5570019246,0,0.300326233,False
2023,0,0.1801487144,0.439818181,0,0.07587406823,0.5570019246,0,0.3785261946,False
2024,0,0.02653831776,0.439818181,0,0.02031638094,0.5570019246,0,0.1011322203,False
2025,1,0.5752667579,0.439818181,1,0.8333362663,0.5570019246,1,,False
2026,0,0.1412077259,0.439818181,0,0.03867720399,0.5570019246,0,0.3130876991,False
2027,0,0.03562685808,0.439818181,0,0.02564234271,0.5570019246,0,0.1246401842,False
2028,0,0.1484172187,0.439818181,0,0.03868059327,0.5570019246,0,0.3249856074,False
2029,0,0.04133342957,0.439818181,0,0.01523416384,0.5570019246,0,0.1374976012,False
2030,0,0.005698152212,0.439818181,0,0.004950991451,0.5570019246,0,0.02974477068,False
2031,0,0.1583492226,0.439818181,0,0.09602015284,0.5570019246,0,0.3406255997,False
2032,0,0.2157083119,0.439818181,0,0.1099447154,0.5570019246,0,0.440222606,False
2033,0,0.4403169435,0.439818181,1,0.129018753,0.5570019246,0,0.8298791019,False
2034,0,0.304629075,0.439818181,0,0.08708741532,0.5570019246,0,0.6065054692,False
2035,1,0.4161973326,0.439818181,0,0.8051730695,0.5570019246,1,,False
2036,0,0.1940105792,0.439818181,0,0.0456924326,0.5570019246,0,0.4029936672,False
2037,0,0.246430115,0.439818181,0,0.07360174019,0.5570019246,0,0.4967376703,False
2038,0,0.03320016961,0.439818181,0,0.01870256179,0.5570019246,0,0.1177317214,False
2039,0,0.01863846434,0.439818181,0,0.01315606702,0.5570019246,0,0.07963922472,False
2040,0,0.0180076902,0.439818181,0,0.01396753773,0.5570019246,0,0.07800805987,False
2041,0,0.2892116403,0.439818181,0,0.4830114964,0.5570019246,0,0.5747457302,False
2042,0,0.3165247246,0.439818181,0,0.4726919202,0.5570019246,0,0.6303012857,False
2043,0,0.3665531472,0.439818181,0,0.06915346664,0.5570019246,0,0.7213586644,False
2044,0,0.08335019182,0.439818181,0,0.02736215221,0.5570019246,0,0.2181922855,False
2045,0,0.1594649016,0.439818181,0,0.08497095519,0.5570019246,0,0.3428324698,False
2046,1,0.685982454,0.439818181,1,0.7843055563,0.5570019246,1,,False
2047,0,0.02431106736,0.439818181,0,0.01376010256,0.5570019246,0,0.09585492228,False
2048,0,0.02343809198,0.439818181,0,0.01374767933,0.5570019246,0,0.09383995394,False
2049,0,0.007415640994,0.439818181,0,0.006661490823,0.5570019246,0,0.0379005949,False
2050,0,0.3399882197,0.439818181,0,0.06080886818,0.5570019246,0,0.6736710804,False
2051,0,0.07708918479,0.439818181,0,0.02435645321,0.5570019246,0,0.2075417386,False
2052,0,0.2948933814,0.439818181,0,0.1149328595,0.5570019246,0,0.5871233928,False
2053,0,0.01260547698,0.439818181,0,0.03128133097,0.5570019246,0,0.05872193437,False
2054,0,0.1897233994,0.439818181,0,0.0579329097,0.5570019246,0,0.3941661869,False
2055,0,0.05181475,0.439818181,0,0.01945103543,0.5570019246,0,0.1588946459,False
2056,0,0.03659087617,0.439818181,0,0.01798401268,0.5570019246,0,0.1274227595,False
2057,0,0.009947388302,0.439818181,0,0.004428167517,0.5570019246,0,0.04768758396,False
2058,0,0.007159178902,0.439818181,0,0.005682658696,0.5570019246,0,0.03703703704,False
2059,0,0.1777105851,0.439818181,0,0.07939658539,0.5570019246,0,0.3733448474,False
2060,0,0.06137049943,0.439818181,0,0.03093850097,0.5570019246,0,0.1788524276,False
2061,0,0.02212370416,0.439818181,0,0.01025527997,0.5570019246,0,0.09038572251,False
2062,0,0.02388749011,0.439818181,0,0.04418609513,0.5570019246,0,0.09503933986,False
2063,0,0.4317920274,0.439818181,0,0.1325314958,0.5570019246,0,0.8187488006,False
2064,0,0.4504708029,0.439818181,1,0.1132881439,0.5570019246,0,0.8433122241,False
2065,1,0.7096892942,0.439818181,1,0.8222604524,0.5570019246,1,,False
2066,0,0.3064546688,0.439818181,0,0.09510292339,0.5570019246,0,0.6101516024,False
2067,1,0.6486059113,0.439818181,1,0.7563097314,0.5570019246,1,,False
2068,1,0.6737016326,0.439818181,1,0.91978645,0.5570019246,1,,False
2069,0,0.0061907181,0.439818181,0,0.002796695332,0.5570019246,0,0.03286317405,False
2070,0,0.4062070223,0.439818181,0,0.05865074373,0.5570019246,0,0.7857417002,False
2071,1,0.6767142231,0.439818181,1,0.8142522439,0.5570019246,1,,False
2072,0,0.4098193378,0.439818181,0,0.110278894,0.5570019246,0,0.7912109,False
2073,1,0.5925708043,0.439818181,1,0.8892964334,0.5570019246,1,,False
2074,0,0.4852509408,0.439818181,1,0.6832049278,0.5570019246,1,0.8807330647,False
2075,0,0.3441255407,0.439818181,0,0.08899350529,0.5570019246,0,0.6814431011,False
2076,1,0.6285453141,0.439818181,1,0.871914009,0.5570019246,1,,False
2077,1,0.387877181,0.439818181,0,0.7478999167,0.5570019246,1,,False
2078,0,0.3173703205,0.439818181,0,0.1338297176,0.5570019246,0,0.6321243523,False
2079,0,0.1120787289,0.439818181,0,0.07641563411,0.5570019246,0,0.2672231817,False
2080,0,0.3217400293,0.439818181,0,0.1007269485,0.5570019246,0,0.6400882748,False
2081,0,0.435593831,0.439818181,0,0.12597017,0.5570019246,0,0.8240260986,False
2082,0,0.02297987055,0.439818181,0,0.009395072324,0.5570019246,0,0.09307234696,False
2083,0,0.06411054769,0.439818181,0,0.03417073909,0.5570019246,0,0.1828823642,False
2084,0,0.03121859401,0.439818181,0,0.02642368595,0.5570019246,0,0.1123584725,False
2085,1,0.5437599228,0.439818181,1,0.8173820374,0.5570019246,1,,False
2086,0,0.5269846525,0.439818181,1,0.1459292796,0.5570019246,0,0.9179620035,True
2087,1,0.6505783873,0.439818181,1,0.894645364,0.5570019246,1,,False
2088,0,0.3413912349,0.439818181,0,0.07845905673,0.5570019246,0,0.6755900979,False
2089,0,0.1000393592,0.439818181,0,0.03009177612,0.5570019246,0,0.2457301861,False
2090,0,0.01190366623,0.439818181,0,0.005723193031,0.5570019246,0,0.05651506429,False
2091,0,0.282219234,0.439818181,0,0.08938882941,0.5570019246,0,0.5624640184,False
2092,1,0.4634913352,0.439818181,1,0.8516923959,0.5570019246,1,,False
2093,0,0.2942494388,0.439818181,0,0.1038591212,0.5570019246,0,0.5856841297,False
2094,1,0.6266246084,0.439818181,1,0.7338648666,0.5570019246,1,,False
2095,0,0.01485738566,0.439818181,0,0.01255017976,0.5570019246,0,0.06630205335,False
2096,0,0.169957343,0.439818181,0,0.06341567413,0.5570019246,0,0.3606793322,False
2097,0,0.2380577999,0.439818181,0,0.1027739138,0.5570019246,0,0.4804260219,False
2098,0,0.0006572658655,0.439818181,0,0.0008824432897,0.5570019246,0,0.0005757052389,False
2099,1,0.701637042,0.439818181,1,0.9113572625,0.5570019246,1,,False
2100,0,0.3104119571,0.439818181,0,0.09243498466,0.5570019246,0,0.6174438687,False
2101,0,0.1280873172,0.439818181,0,0.04964412953,0.5570019246,0,0.292746114,False
2102,0,0.04405673571,0.439818181,0,0.003650160155,0.5570019246,0,0.1427748993,False
2103,0,0.0122336135,0.439818181,0,0.005141026109,0.5570019246,0,0.05795432738,False
2104,0,0.2210854679,0.439818181,0,0.0962716452,0.5570019246,0,0.4496257916,False
2105,0,0.001187192103,0.439818181,0,8.736589297e-05,0.5570019246,0,0.004941469967,False
2106,0,0.4204978907,0.439818181,0,0.168551478,0.5570019246,0,0.8054116292,False
2107,0,0.00385187429,0.439818181,0,0.003262928491,0.5570019246,0,0.02082133947,False
2108,0,0.2309231573,0.439818181,0,0.07164565597,0.5570019246,0,0.4668009979,False
2109,1,0.4762380151,0.439818181,1,0.7816682905,0.5570019246,1,,False
2110,0,0.3827765739,0.439818181,0,0.1055371974,0.5570019246,0,0.7503358281,False
2111,1,0.5351534462,0.439818181,1,0.6563721025,0.5570019246,1,,False
2112,0,0.5388223615,0.439818181,1,0.1195938405,0.5570019246,0,0.9266935329,True
2113,0,0.1084999282,0.439818181,0,0.06459850578,0.5570019246,0,0.2608904241,False
2114,0,0.2000050533,0.439818181,0,0.09897133579,0.5570019246,0,0.4135482633,False
2115,0,0.1806552485,0.439818181,0,0.09153019637,0.5570019246,0,0.3792938016,False
2116,0,0.4639089235,0.439818181,1,0.6184401859,0.5570019246,1,0.8578967569,False
2117,0,0.07976064595,0.439818181,0,0.02050692195,0.5570019246,0,0.2120514297,False
2118,0,0.02046331368,0.439818181,0,0.0160227292,0.5570019246,0,0.0857800806,False
2119,0,0.4487077304,0.439818181,1,0.8006518311,0.5570019246,1,0.8410094032,False
2120,0,0.01871558316,0.439818181,0,0.01075319329,0.5570019246,0,0.07992707734,False
2121,0,0.4617259847,0.439818181,1,0.08573570478,0.5570019246,0,0.855497985,False
2122,0,0.011203712,0.439818181,0,0.004018084386,0.5570019246,0,0.05392439071,False
2123,1,0.4643814216,0.439818181,1,0.6935645261,0.5570019246,1,,False
2124,0,0.2578377042,0.439818181,0,0.09077673089,0.5570019246,0,0.5183266168,False
2125,0,0.06507081556,0.439818181,0,0.02044657851,0.5570019246,0,0.1847054308,False
2126,0,0.306165137,0.439818181,0,0.1321005898,0.5570019246,0,0.609671848,False
2127,0,0.2442762699,0.439818181,0,0.09144336069,0.5570019246,0,0.493187488,False
2128,0,0.07657042982,0.439818181,0,0.03422124966,0.5570019246,0,0.2063903282,False
2129,0,0.3392255855,0.439818181,0,0.1050733736,0.5570019246,0,0.6718480138,False
2130,0,0.01906580974,0.439818181,0,0.01386791686,0.5570019246,0,0.08146229131,False
2131,0,0.01664516079,0.439818181,0,0.0110776917,0.5570019246,0,0.0734503934,False
2132,1,0.8141493412,0.439818181,1,0.9388032788,0.5570019246,1,,False
2133,0,0.3065301579,0.439818181,0,0.4004010552,0.5570019246,0,0.6103435041,False
2134,0,0.2394727227,0.439818181,0,0.07476557394,0.5570019246,0,0.4835924007,False
2135,0,0.08288089565,0.439818181,0,0.02288647416,0.5570019246,0,0.2175206294,False
2136,0,0.1618803722,0.439818181,0,0.04498446267,0.5570019246,0,0.3470543082,False
2137,0,0.4974123995,0.439818181,1,0.07259641248,0.5570019246,0,0.8922471694,False
2138,0,0.1358063832,0.439818181,0,0.04269271817,0.5570019246,0,0.3052197275,False
2139,0,0.1118712158,0.439818181,0,0.03160918977,0.5570019246,0,0.2668393782,False
2140,0,0.01826299366,0.439818181,0,0.005283290414,0.5570019246,0,0.07848781424,False
2141,0,0.3542617844,0.439818181,0,0.07494862003,0.5570019246,0,0.6974668969,False
2142,0,0.06985734858,0.439818181,0,0.01797518096,0.5570019246,0,0.195164076,False
2143,0,0.001901619028,0.439818181,0,0.0009737197969,0.5570019246,0,0.009307234696,False
2144,0,0.4438555415,0.439818181,1,0.1125601474,0.5570019246,0,0.8347725964,False
2145,0,0.3162399418,0.439818181,0,0.6727442808,0.5570019246,1,0.6295336788,False
2146,0,0.1289931748,0.439818181,0,0.031107089,0.5570019246,0,0.2943772788,False
2147,0,0.5481111369,0.439818181,1,0.1871074326,0.5570019246,0,0.9332181923,True
2148,0,0.1645326969,0.439818181,0,0.04870052947,0.5570019246,0,0.3513720975,False
2149,0,0.02632653157,0.439818181,0,0.0094829155,0.5570019246,0,0.1004605642,False
2150,0,0.09643124818,0.439818181,0,0.02186724654,0.5570019246,0,0.2402609864,False
2151,0,0.3923949267,0.439818181,0,0.11769541,0.5570019246,0,0.7650163116,False
2152,0,0.004802492922,0.439818181,0,0.008594766793,0.5570019246,0,0.0246593744,False
2153,0,0.4009972962,0.439818181,0,0.09182555438,0.5570019246,0,0.7790251391,False
2154,1,0.525299765,0.439818181,1,0.754980989,0.5570019246,1,,False
2155,0,0.1463605727,0.439818181,0,0.05059798835,0.5570019246,0,0.3213394742,False
2156,0,0.01836850274,0.439818181,0,0.0114576073,0.5570019246,0,0.0789675686,False
2157,0,0.03672900492,0.439818181,0,0.01591649566,0.5570019246,0,0.127806563,False
2158,0,0.05775939743,0.439818181,0,0.02244655492,0.5570019246,0,0.1706966033,False
2159,0,0.007448335928,0.439818181,0,0.003893328287,0.5570019246,0,0.03799654577,False
2160,0,0.03366044346,0.439818181,0,0.01398542344,0.5570019246,0,0.1189790827,False
2161,0,0.4934615501,0.439818181,1,0.07383290357,0.5570019246,0,0.887257724,False
2162,0,0.1382085736,0.439818181,0,0.05410206876,0.5570019246,0,0.3088658607,False
2163,0,0.2062377113,0.439818181,0,0.08342651751,0.5570019246,0,0.4254461716,False
2164,0,0.05327989496,0.439818181,0,0.03605139877,0.5570019246,0,0.161101516,False
2165,1,0.6579144058,0.439818181,1,0.8540069231,0.5570019246,1,,False
2166,0,0.4277806633,0.439818181,0,0.1074973346,0.5570019246,0,0.8143350604,False
2167,0,0.01294844827,0.439818181,0,0.01499054996,0.5570019246,0,0.05987334485,False
2168,0,0.190067459,0.439818181,0,0.07023211887,0.5570019246,0,0.3949337939,False
2169,0,0.139330323,0.439818181,0,0.04619745177,0.5570019246,0,0.3107848781,False
2170,1,0.5493328343,0.439818181,1,0.8681736849,0.5570019246,1,,False
2171,0,0.216095275,0.439818181,0,0.04674130301,0.5570019246,0,0.4412780656,False
2172,1,0.4996488814,0.439818181,1,0.848233957,0.5570019246,1,,False
2173,0,0.002605669752,0.439818181,0,0.0007997922763,0.5570019246,0,0.0132412205,False
2174,0,0.1484070339,0.439818181,0,0.06276446695,0.5570019246,0,0.3248896565,False
2175,1,0.7290748397,0.439818181,1,0.8908654228,0.5570019246,1,,False
2176,0,0.003286729049,0.439818181,0,0.0008734664077,0.5570019246,0,0.01712723086,False
2177,0,0.05183290713,0.439818181,0,0.02549443019,0.5570019246,0,0.1590865477,False
2178,0,0.005071361579,0.439818181,0,0.004063421183,0.5570019246,0,0.02657839186,False
2179,1,0.5875318748,0.439818181,1,0.6513892596,0.5570019246,1,,False
2180,0,0.0730306709,0.439818181,0,0.01982238188,0.5570019246,0,0.1995778162,False
2181,0,0.1451321002,0.439818181,0,0.04371678531,0.5570019246,0,0.3197083093,False
2182,1,0.6254712767,0.439818181,1,0.7330273427,0.5570019246,1,,False
2183,0,0.008496234833,0.439818181,0,0.00485571193,0.5570019246,0,0.04125887546,False
2184,0,0.01567842168,0.439818181,0,0.007231493374,0.5570019246,0,0.0689886778,False
2185,0,0.04818454459,0.439818181,0,0.035641355,0.5570019246,0,0.1512185761,False
2186,0,0.3644299862,0.439818181,0,0.08980099314,0.5570019246,0,0.7179044329,False
2187,0,0.4453832222,0.439818181,1,0.480574725,0.5570019246,0,0.8370754174,False
2188,0,0.0500553639,0.439818181,0,0.02718708275,0.5570019246,0,0.1545768566,False
2189,1,0.677134225,0.439818181,1,0.8870620544,0.5570019246,1,,False
2190,0,0.003354704638,0.439818181,0,0.001090594016,0.5570019246,0,0.01765496066,False
2191,0,0.1337301056,0.439818181,0,0.09736156974,0.5570019246,0,0.3023412013,False
2192,0,0.1134617374,0.439818181,0,0.05798240546,0.5570019246,0,0.2700057571,False
2193,0,0.3586866568,0.439818181,0,0.6370858378,0.5570019246,1,0.7065822299,False
2194,0,0.378022638,0.439818181,0,0.6242897258,0.5570019246,1,0.7430435617,False
2195,0,0.07590338428,0.439818181,0,0.02400118348,0.5570019246,0,0.2053348685,False
2196,0,0.02985705049,0.439818181,0,0.009153265476,0.5570019246,0,0.1085204375,False
2197,0,0.02355991364,0.439818181,0,0.009204176443,0.5570019246,0,0.09431970831,False
2198,0,0.08880481841,0.439818181,0,0.04843149825,0.5570019246,0,0.226923815,False
2199,0,0.06067942158,0.439818181,0,0.02859312497,0.5570019246,0,0.1776050662,False
2200,0,0.1049275177,0.439818181,0,0.07513348698,0.5570019246,0,0.2542698139,False
2201,0,0.3072904036,0.439818181,0,0.3966699438,0.5570019246,0,0.6118787181,False
2202,0,0.2247991229,0.439818181,0,0.08243883213,0.5570019246,0,0.4559585492,False
2203,1,0.6742717255,0.439818181,1,0.8067591922,0.5570019246,1,,False
2204,0,0.32482134,0.439818181,0,0.5345552922,0.5570019246,0,0.6451736711,False
2205,0,0.2853303241,0.439818181,0,0.08547452032,0.5570019246,0,0.5685089234,False
2206,0,0.1032860428,0.439818181,0,0.05947820794,0.5570019246,0,0.2515831894,False
2207,0,0.0726690783,0.439818181,0,0.02795564764,0.5570019246,0,0.19890616,False
2208,0,0.104310582,0.439818181,0,0.02606085629,0.5570019246,0,0.2530224525,False
2209,0,0.3029012078,0.439818181,0,0.5728852645,0.5570019246,1,0.6029552869,False
2210,0,0.2637433836,0.439818181,0,0.2889927936,0.5570019246,0,0.5299366724,False
2211,0,0.004508276101,0.439818181,0,0.00584130927,0.5570019246,0,0.02398771829,False
2212,0,0.2241176821,0.439818181,0,0.06135780145,0.5570019246,0,0.4547111879,False
2213,0,0.3703645953,0.439818181,0,0.132626767,0.5570019246,0,0.7279792746,False
2214,1,0.6200032164,0.439818181,1,0.7202479109,0.5570019246,1,,False
2215,0,0.3604522571,0.439818181,0,0.09886630999,0.5570019246,0,0.7094607561,False
2216,1,0.6561068242,0.439818181,1,0.8381259554,0.5570019246,1,,False
2217,0,0.3388740111,0.439818181,0,0.5235859068,0.5570019246,0,0.6711763577,False
2218,0,0.279613392,0.439818181,0,0.4539208696,0.5570019246,0,0.5576664748,False
2219,0,0.02966191586,0.439818181,0,0.01387455833,0.5570019246,0,0.1082325849,False
2220,1,0.466866809,0.439818181,1,0.5002062775,0.5570019246,0,,False
2221,0,0.09322601873,0.439818181,0,0.02452687624,0.5570019246,0,0.2356553445,False
2222,0,0.04661505485,0.439818181,0,0.07740159564,0.5570019246,0,0.1480521973,False
2223,0,0.1442533341,0.439818181,0,0.6616419751,0.5570019246,1,0.3182690462,False
2224,0,0.07956956572,0.439818181,0,0.02016947292,0.5570019246,0,0.2116676262,False
2225,0,0.2926162159,0.439818181,0,0.05953478546,0.5570019246,0,0.5824218,False
2226,0,0.4741354671,0.439818181,1,0.1823980178,0.5570019246,0,0.8696987143,False
2227,0,0.1125003751,0.439818181,0,0.1035562001,0.5570019246,0,0.2678948378,False
2228,0,0.506208707,0.439818181,1,0.1665277347,0.5570019246,0,0.9007867972,True
2229,0,0.4611578128,0.439818181,1,0.09878652335,0.5570019246,0,0.8546344272,False
2230,0,0.009955554561,0.439818181,0,0.007228910069,0.5570019246,0,0.0482632892,False
2231,0,0.2774057837,0.439818181,0,0.1025647425,0.5570019246,0,0.5532527346,False
2232,0,0.2891410433,0.439818181,0,0.5458537675,0.5570019246,0,0.5745538284,False
2233,0,0.05546823205,0.439818181,0,0.01845084068,0.5570019246,0,0.1652274036,False
2234,0,0.02706737083,0.439818181,0,0.01334234053,0.5570019246,0,0.1021876799,False
2235,0,0.3834669435,0.439818181,0,0.4159846306,0.5570019246,0,0.7508155824,False
2236,0,0.003286729049,0.439818181,0,0.0008734664077,0.5570019246,0,0.01712723086,False
2237,0,0.003701504337,0.439818181,0,0.002874178133,0.5570019246,0,0.02010170793,False
2238,0,0.00860251525,0.439818181,0,0.006834578538,0.5570019246,0,0.04183458069,False
2239,0,0.3715359864,0.439818181,0,0.2627905621,0.5570019246,0,0.7306658991,False
2240,0,0.1960212464,0.439818181,0,0.04909373858,0.5570019246,0,0.4065438495,False
2241,0,0.06652722571,0.439818181,0,0.03464859305,0.5570019246,0,0.1881596623,False
2242,0,0.2176408358,0.439818181,0,0.04687791732,0.5570019246,0,0.4442525427,False
2243,0,0.2446165154,0.439818181,0,0.5436034848,0.5570019246,0,0.4940510459,False
2244,1,0.6251661476,0.439818181,1,0.786576845,0.5570019246,1,,False
2245,0,0.2943147728,0.439818181,0,0.3864113643,0.5570019246,0,0.5860679332,False
2246,0,0.2100470157,0.439818181,0,0.07247665037,0.5570019246,0,0.4319708309,False
2247,0,0.2185065812,0.439818181,0,0.0912961825,0.5570019246,0,0.446267511,False
2248,1,0.676690631,0.439818181,1,0.8529622763,0.5570019246,1,,False
2249,0,0.2635256187,0.439818181,0,0.07528434582,0.5570019246,0,0.5296488198,False
2250,0,0.222909399,0.439818181,0,0.4491570071,0.5570019246,0,0.4527921704,False
2251,0,0.04537749827,0.439818181,0,0.01824000642,0.5570019246,0,0.1456534254,False
2252,1,0.3878506535,0.439818181,0,0.6259645884,0.5570019246,1,,False
2253,0,0.07802186348,0.439818181,0,0.02366707729,0.5570019246,0,0.2094607561,False
2254,0,0.1028248194,0.439818181,0,0.07198417399,0.5570019246,0,0.2507196315,False
2255,0,0.4194048841,0.439818181,0,0.1151740264,0.5570019246,0,0.8035885627,False
2256,0,0.3470594423,0.439818181,0,0.4113468439,0.5570019246,0,0.6867203992,False
2257,0,0.2047292258,0.439818181,0,0.08518045822,0.5570019246,0,0.4222797927,False
2258,0,0.2618941095,0.439818181,0,0.08897931087,0.5570019246,0,0.5262905392,False
2259,1,0.6934886296,0.439818181,1,0.8862000944,0.5570019246,1,,False
2260,1,0.6816167347,0.439818181,1,0.8245292707,0.5570019246,1,,False
2261,0,0.3614021162,0.439818181,0,0.6147554904,0.5570019246,1,0.711763577,False
2262,0,0.4184991906,0.439818181,0,0.07466885493,0.5570019246,0,0.8025331031,False
2263,0,0.2078487121,0.439818181,0,0.2556830591,0.5570019246,0,0.4278449434,False
2264,0,0.007750958149,0.439818181,0,0.005089212069,0.5570019246,0,0.03886010363,False
2265,0,0.0415496857,0.439818181,0,0.02408944152,0.5570019246,0,0.1378814047,False
2266,0,0.1691697948,0.439818181,0,0.04957274156,0.5570019246,0,0.3592400691,False
2267,0,0.03398897151,0.439818181,0,0.01812130788,0.5570019246,0,0.1197466897,False
2268,1,0.7629115828,0.439818181,1,0.8541910251,0.5570019246,1,,False
2269,0,0.04466339589,0.439818181,0,0.0306827212,0.5570019246,0,0.1443101132,False
2270,0,0.2518570113,0.439818181,0,0.09037681351,0.5570019246,0,0.5063327576,False
2271,0,0.0838693537,0.439818181,0,0.04481656509,0.5570019246,0,0.219343696,False
2272,1,0.5283791934,0.439818181,1,0.8678817373,0.5570019246,1,,False
2273,0,0.002197421858,0.439818181,0,0.003051332948,0.5570019246,0,0.01113030129,False
2274,0,0.3614855082,0.439818181,0,0.1461248449,0.5570019246,0,0.7121473805,False
2275,0,0.3879636024,0.439818181,0,0.6510695185,0.5570019246,1,0.75714834,False
2276,0,0.2789701241,0.439818181,0,0.1382041083,0.5570019246,0,0.5563231625,False
2277,0,0.01408309748,0.439818181,0,0.01068585067,0.5570019246,0,0.06313567453,False
2278,0,0.2125600993,0.439818181,0,0.3194573888,0.5570019246,0,0.4352331606,False
2279,1,0.70360394,0.439818181,1,0.903742768,0.5570019246,1,,False
2280,0,0.2108804896,0.439818181,0,0.1129127458,0.5570019246,0,0.4329303397,False
2281,0,0.2423941517,0.439818181,0,0.07867160743,0.5570019246,0,0.4899251583,False
2282,1,0.8406005635,0.439818181,1,0.9391227048,0.5570019246,1,,False
2283,0,0.001965210121,0.439818181,0,0.003322528316,0.5570019246,0,0.009595087315,False
2284,0,0.008613623022,0.439818181,0,0.001944790359,0.5570019246,0,0.04202648244,False
2285,0,0.2555472279,0.439818181,0,0.3313795628,0.5570019246,0,0.5139128766,False
2286,0,0.03971258491,0.439818181,0,0.01291708496,0.5570019246,0,0.1341393207,False
2287,0,0.06735635534,0.439818181,0,0.01835372635,0.5570019246,0,0.189886778,False
2288,0,0.03237677694,0.439818181,0,0.01227169048,0.5570019246,0,0.1152369987,False
2289,0,0.1125794955,0.439818181,0,0.04133935092,0.5570019246,0,0.2680867396,False
2290,0,0.1190788945,0.439818181,0,0.03724132957,0.5570019246,0,0.2790251391,False
2291,1,0.4877831305,0.439818181,1,0.6569615279,0.5570019246,1,,False
2292,0,0.221533558,0.439818181,0,0.08123615338,0.5570019246,0,0.4502974477,False
2293,0,0.3426827967,0.439818181,0,0.5290935903,0.5570019246,0,0.6777010171,False
2294,0,0.00649104912,0.439818181,0,0.003881903443,0.5570019246,0,0.03454231434,False
2295,0,0.1041537385,0.439818181,0,0.04523892718,0.5570019246,0,0.2527345999,False
2296,0,0.01464142593,0.439818181,0,0.009757186883,0.5570019246,0,0.06543849549,False
2297,0,0.3661400287,0.439818181,0,0.7040479391,0.5570019246,1,0.720111303,False
2298,0,0.1627164962,0.439818181,0,0.05498537428,0.5570019246,0,0.348685473,False
2299,0,0.03524212967,0.439818181,0,0.01159351193,0.5570019246,0,0.1233928229,False
2300,0,0.02646146975,0.439818181,0,0.01533293898,0.5570019246,0,0.1010362694,False
2301,0,0.5130456897,0.439818181,1,0.7366018103,0.5570019246,1,0.9066398004,True
2302,1,0.5180032422,0.439818181,1,0.6191535434,0.5570019246,1,,False
2303,0,0.1024775471,0.439818181,0,0.03780944281,0.5570019246,0,0.2498560737,False
2304,0,0.2301312851,0.439818181,0,0.0572215788,0.5570019246,0,0.4647860296,False
2305,1,0.8076232136,0.439818181,1,0.9425690927,0.5570019246,1,,False
2306,0,0.4400592919,0.439818181,1,0.09578066016,0.5570019246,0,0.8294952984,False
2307,0,0.2615960482,0.439818181,0,0.08067489744,0.5570019246,0,0.5252350796,False
2308,0,0.7204625661,0.439818181,1,0.1762864508,0.5570019246,0,0.9953943581,True
2309,0,0.3188562893,0.439818181,0,0.065515713,0.5570019246,0,0.6343312224,False
2310,0,0.4833303137,0.439818181,1,0.6963778734,0.5570019246,1,0.8789099981,False
2311,0,0.04343467958,0.439818181,0,0.01185227014,0.5570019246,0,0.1413356362,False
2312,0,0.2992698279,0.439818181,0,0.07381050522,0.5570019246,0,0.5971022836,False
2313,0,0.3584956823,0.439818181,0,0.3959768203,0.5570019246,0,0.7061984264,False
2314,0,0.1705926561,0.439818181,0,0.08070720769,0.5570019246,0,0.3619266935,False
2315,0,0.008636296301,0.439818181,0,0.00723647281,0.5570019246,0,0.04221838419,False
2316,0,0.2825012178,0.439818181,0,0.09725927932,0.5570019246,0,0.5629437728,False
2317,0,0.230261167,0.439818181,0,0.1004665559,0.5570019246,0,0.465169833,False
2318,0,0.02565328561,0.439818181,0,0.0202858532,0.5570019246,0,0.0986374976,False
2319,0,0.09497757847,0.439818181,0,0.3153902608,0.5570019246,0,0.2376703128,False
2320,1,0.7262002485,0.439818181,1,0.8678891977,0.5570019246,1,,False
2321,0,0.5695896221,0.439818181,1,0.1577842605,0.5570019246,0,0.947035118,True
2322,0,0.01100499505,0.439818181,0,0.002671817073,0.5570019246,0,0.05306083285,False
2323,0,0.3941278246,0.439818181,0,0.1300619796,0.5570019246,0,0.7679907887,False
2324,0,0.03328311231,0.439818181,0,0.02547562315,0.5570019246,0,0.118019574,False
2325,0,0.05709364914,0.439818181,0,0.03955341871,0.5570019246,0,0.1691613894,False
2326,0,0.002903537542,0.439818181,0,0.003051332948,0.5570019246,0,0.01468048359,False
2327,0,0.03138805621,0.439818181,0,0.0148998145,0.5570019246,0,0.112742276,False
2328,0,0.4252344215,0.439818181,0,0.1331371555,0.5570019246,0,0.8117443869,False
2329,0,0.2474165589,0.439818181,0,0.06575224226,0.5570019246,0,0.4990404913,False
2330,0,0.2565879678,0.439818181,0,0.08128672706,0.5570019246,0,0.5161197467,False
2331,0,0.3399381752,0.439818181,0,0.1339042419,0.5570019246,0,0.6733832278,False
2332,0,0.005935747446,0.439818181,0,0.006151360686,0.5570019246,0,0.03127998465,False
2333,0,0.1047246201,0.439818181,0,0.0914846576,0.5570019246,0,0.2537900595,False
2334,0,0.005970425167,0.439818181,0,0.003540908256,0.5570019246,0,0.03147188639,False
2335,0,0.01485569643,0.439818181,0,0.007773155286,0.5570019246,0,0.06620610248,False
2336,1,0.5963709127,0.439818181,1,0.709113153,0.5570019246,1,,False
2337,0,0.1466946982,0.439818181,0,0.07215767649,0.5570019246,0,0.3218192286,False
2338,0,0.5223048759,0.439818181,1,0.1362071259,0.5570019246,0,0.9149875264,True
2339,0,0.30150262,0.439818181,0,0.3519140834,0.5570019246,0,0.6006524659,False
2340,0,0.01173373249,0.439818181,0,0.004282452623,0.5570019246,0,0.05584340818,False
2341,1,0.4370348923,0.439818181,0,0.6714400202,0.5570019246,1,,False
2342,0,0.2832397169,0.439818181,0,0.05631060029,0.5570019246,0,0.5644789868,False
2343,0,0.2818057173,0.439818181,0,0.08972249541,0.5570019246,0,0.5614085588,False
2344,0,0.01096075967,0.439818181,0,0.007149826499,0.5570019246,0,0.05277298023,False
2345,0,0.3221563987,0.439818181,0,0.1566827904,0.5570019246,0,0.6409518327,False
2346,0,0.02062624317,0.439818181,0,0.01234573771,0.5570019246,0,0.08635578584,False
2347,0,0.2086935038,0.439818181,0,0.09754087717,0.5570019246,0,0.4293801574,False
2348,0,0.3144457041,0.439818181,0,0.07509458454,0.5570019246,0,0.6254077912,False
2349,0,0.3304662507,0.439818181,0,0.1155502597,0.5570019246,0,0.6554404145,False
2350,0,0.1946734245,0.439818181,0,0.06346779016,0.5570019246,0,0.4042410286,False
2351,0,0.03451998364,0.439818181,0,0.01089040896,0.5570019246,0,0.1218576089,False
2352,0,0.01767624161,0.439818181,0,0.01617633286,0.5570019246,0,0.07752830551,False
2353,0,0.005787561964,0.439818181,0,0.003224607172,0.5570019246,0,0.0300326233,False
2354,0,0.08766055645,0.439818181,0,0.01708065531,0.5570019246,0,0.2247169449,False
2355,0,0.03182237731,0.439818181,0,0.01281934115,0.5570019246,0,0.1138936864,False
2356,0,0.1062048718,0.439818181,0,0.04802138779,0.5570019246,0,0.2563807331,False
2357,0,0.02551269492,0.439818181,0,0.02527332571,0.5570019246,0,0.09825369411,False
2358,0,0.1657188679,0.439818181,0,0.08532366105,0.5570019246,0,0.3536749184,False
2359,0,0.00507956141,0.439818181,0,0.003314475619,0.5570019246,0,0.02677029361,False
2360,1,0.6392482458,0.439818181,1,0.831745358,0.5570019246,1,,False
2361,1,0.6630417488,0.439818181,1,0.8089012242,0.5570019246,1,,False
2362,0,0.3769177166,0.439818181,0,0.1297270902,0.5570019246,0,0.741316446,False
2363,0,0.231966001,0.439818181,0,0.0431194247,0.5570019246,0,0.4692957206,False
2364,0,0.0011753209,0.439818181,0,0.0008455883733,0.5570019246,0,0.004653617348,False
2365,0,0.03622322622,0.439818181,0,0.02039088297,0.5570019246,0,0.1260794473,False
2366,0,0.07879586214,0.439818181,0,0.0252402776,0.5570019246,0,0.2104202648,False
2367,0,0.2478510565,0.439818181,0,0.1046808109,0.5570019246,0,0.5,False
2368,0,0.5869075517,0.439818181,1,0.1548767351,0.5570019246,0,0.9566302053,True
2369,0,0.3347825696,0.439818181,0,0.07195499902,0.5570019246,0,0.6640759931,False
2370,0,0.4426105374,0.439818181,1,0.115627789,0.5570019246,0,0.8329495298,False
2371,0,0.3754138419,0.439818181,0,0.09829220846,0.5570019246,0,0.7380541163,False
2372,0,0.5192688373,0.439818181,1,0.6620991283,0.5570019246,1,0.9122049511,True
2373,0,0.1106998478,0.439818181,0,0.0434117801,0.5570019246,0,0.2646325082,False
2374,0,0.3218316205,0.439818181,0,0.09959112159,0.5570019246,0,0.6404720783,False
2375,0,0.2470350044,0.439818181,0,0.06542935953,0.5570019246,0,0.4979850317,False
2376,0,0.118406357,0.439818181,0,0.02809977227,0.5570019246,0,0.2779696795,False
2377,0,0.3282044031,0.439818181,0,0.05360914716,0.5570019246,0,0.6515064287,False
2378,0,0.001965224635,0.439818181,0,0.002983982669,0.5570019246,0,0.009691038188,False
2379,0,0.1750042559,0.439818181,0,0.05602074534,0.5570019246,0,0.3684513529,False
2380,0,0.2526393624,0.439818181,0,0.110634071,0.5570019246,0,0.5078679716,False
2381,0,0.01979018049,0.439818181,0,0.01257506971,0.5570019246,0,0.08347725964,False
2382,0,0.01099842186,0.439818181,0,0.01328673834,0.5570019246,0,0.05296488198,False
2383,0,0.1193797947,0.439818181,0,0.02508123389,0.5570019246,0,0.2795048935,False
2384,0,0.1373315986,0.439818181,0,0.03033539357,0.5570019246,0,0.3077144502,False
2385,1,0.5734390647,0.439818181,1,0.7074495847,0.5570019246,1,,False
2386,0,0.06721737053,0.439818181,0,0.02507299379,0.5570019246,0,0.1893110727,False
2387,0,0.08092804419,0.439818181,0,0.03844633194,0.5570019246,0,0.2146421032,False
2388,0,0.1960803234,0.439818181,0,0.4656456799,0.5570019246,0,0.4067357513,False
2389,0,0.3424273766,0.439818181,0,0.1024134336,0.5570019246,0,0.677029361,False
2390,0,0.3466521608,0.439818181,0,0.3778675409,0.5570019246,0,0.6859527922,False
2391,0,0.3072637206,0.439818181,0,0.04960665916,0.5570019246,0,0.6117827672,False
2392,0,0.5389839116,0.439818181,1,0.105629226,0.5570019246,0,0.9269813855,True
2393,1,0.2646564392,0.439818181,0,0.7292658074,0.5570019246,1,,False
2394,0,0.01099100643,0.439818181,0,0.005209403061,0.5570019246,0,0.05286893111,False
2395,0,0.1736198113,0.439818181,0,0.04026086039,0.5570019246,0,0.3670120898,False
2396,1,0.6237419058,0.439818181,1,0.7333295328,0.5570019246,1,,False
2397,0,0.3266512364,0.439818181,0,0.0844305244,0.5570019246,0,0.6492995586,False
2398,0,0.4441380322,0.439818181,1,0.4441531133,0.5570019246,0,0.8348685473,False
2399,0,0.07796909736,0.439818181,0,0.02506241199,0.5570019246,0,0.2092688543,False
2400,0,0.2671360249,0.439818181,0,0.333904311,0.5570019246,0,0.5359815774,False
2401,0,0.2657920831,0.439818181,0,0.098750526,0.5570019246,0,0.5336787565,False
2402,0,0.191773293,0.439818181,0,0.03546771177,0.5570019246,0,0.397908271,False
2403,0,0.03174367487,0.439818181,0,0.01123401894,0.5570019246,0,0.1137977356,False
2404,0,0.1364669814,0.439818181,0,0.05188979449,0.5570019246,0,0.306371138,False
2405,0,0.01183894355,0.439818181,0,0.008847339101,0.5570019246,0,0.05593935905,False
2406,0,0.3012553365,0.439818181,0,0.1534450069,0.5570019246,0,0.6002686624,False
2407,0,0.1602284313,0.439818181,0,0.06948814589,0.5570019246,0,0.3446555364,False
2408,0,0.091382212,0.439818181,0,0.02900754381,0.5570019246,0,0.2322970639,False
2409,0,0.2766939292,0.439818181,0,0.08176843826,0.5570019246,0,0.5515256189,False
2410,0,0.3359332338,0.439818181,0,0.1037792453,0.5570019246,0,0.6658990597,False
2411,0,0.1791591177,0.439818181,0,0.06146885873,0.5570019246,0,0.3768950297,False
2412,0,0.2698245204,0.439818181,0,0.4439236396,0.5570019246,0,0.5394358089,False
2413,1,0.7806194629,0.439818181,1,0.9450995974,0.5570019246,1,,False
2414,0,0.0696569674,0.439818181,0,0.03229629064,0.5570019246,0,0.194396469,False
2415,0,0.3275457051,0.439818181,0,0.3175008615,0.5570019246,0,0.6501631165,False
2416,0,0.1833857336,0.439818181,0,0.2078506491,0.5570019246,0,0.3837075417,False
2417,0,0.04731946651,0.439818181,0,0.05379776051,0.5570019246,0,0.1494914604,False
2418,0,0.09031719244,0.439818181,0,0.02810990543,0.5570019246,0,0.2300901938,False
2419,0,0.001800389306,0.439818181,0,0.0004880979599,0.5570019246,0,0.009019382076,False
2420,1,0.4896983538,0.439818181,1,0.7571004876,0.5570019246,1,,False
2421,0,0.006037589566,0.439818181,0,0.00276841372,0.5570019246,0,0.03166378814,False
2422,0,0.2901586594,0.439818181,0,0.08157190714,0.5570019246,0,0.5774323546,False
2423,0,0.1700708652,0.439818181,0,0.08117303255,0.5570019246,0,0.3611590865,False
2424,0,0.001993448927,0.439818181,0,0.001529250595,0.5570019246,0,0.009978890808,False
2425,0,0.1824484925,0.439818181,0,0.04502716877,0.5570019246,0,0.3824601804,False
2426,0,0.04211859801,0.439818181,0,0.01764938233,0.5570019246,0,0.1390328152,False
2427,0,0.5439602079,0.439818181,1,0.781995461,0.5570019246,1,0.9302437152,True
2428,0,0.06824343389,0.439818181,0,0.01100968543,0.5570019246,0,0.1914219919,False
2429,0,0.3820047255,0.439818181,0,0.3224930688,0.5570019246,0,0.7492803685,False
2430,0,0.05006732779,0.439818181,0,0.01742463543,0.5570019246,0,0.1546728075,False
2431,0,0.02299110111,0.439818181,0,0.008636891227,0.5570019246,0,0.0932642487,False
2432,0,0.02224922122,0.439818181,0,0.008590871673,0.5570019246,0,0.09057762426,False
2433,0,0.03531369716,0.439818181,0,0.007520063939,0.5570019246,0,0.1235847246,False
2434,0,0.03729234469,0.439818181,0,0.03306720444,0.5570019246,0,0.1291498753,False
2435,0,0.1208554366,0.439818181,0,0.04532304499,0.5570019246,0,0.2809441566,False
2436,0,0.03881012333,0.439818181,0,0.01283137355,0.5570019246,0,0.1326041067,False
2437,0,0.3690814561,0.439818181,0,0.06791803658,0.5570019246,0,0.7258683554,False
2438,0,0.02299158179,0.439818181,0,0.00701375611,0.5570019246,0,0.09336019958,False
2439,0,0.04730690879,0.439818181,0,0.01487576697,0.5570019246,0,0.1492995586,False
2440,0,0.4548535533,0.439818181,1,0.07571106744,0.5570019246,0,0.8489733257,False
2441,0,0.454807631,0.439818181,1,0.6619596304,0.5570019246,1,0.8487814239,False
2442,0,0.3311498312,0.439818181,0,0.4410685495,0.5570019246,0,0.6568796776,False
2443,0,0.07284311702,0.439818181,0,0.03064448131,0.5570019246,0,0.1993859144,False
2444,0,0.5082608648,0.439818181,1,0.2030518617,0.5570019246,0,0.9027058146,True
2445,0,0.2600021806,0.439818181,0,0.08741419701,0.5570019246,0,0.5223565534,False
2446,0,0.4435910655,0.439818181,1,0.1897502078,0.5570019246,0,0.8342928421,False
2447,0,0.3804730482,0.439818181,0,0.1005150514,0.5570019246,0,0.7476492036,False
2448,0,0.0264466502,0.439818181,0,0.005750602852,0.5570019246,0,0.1009403186,False
2449,0,0.2828191505,0.439818181,0,0.06987673228,0.5570019246,0,0.563519478,False
2450,0,0.080598611,0.439818181,0,0.05070124853,0.5570019246,0,0.2137785454,False
2451,0,0.04551833251,0.439818181,0,0.01769845483,0.5570019246,0,0.1460372289,False
2452,0,0.3427572919,0.439818181,0,0.5058973474,0.5570019246,0,0.6779888697,False
2453,0,0.3715369618,0.439818181,0,0.07663003129,0.5570019246,0,0.7307618499,False
2454,0,0.1132495217,0.439818181,0,0.02624114019,0.5570019246,0,0.2693341009,False
2455,0,0.2376622999,0.439818181,0,0.07429990727,0.5570019246,0,0.479562464,False
2456,0,0.5344599861,0.439818181,1,0.08229674203,0.5570019246,0,0.9232393015,True
2457,0,0.07776838483,0.439818181,0,0.03218643368,0.5570019246,0,0.2089810017,False
2458,0,0.2584376547,0.439818181,0,0.2382769645,0.5570019246,0,0.5193820764,False
2459,0,0.0445872673,0.439818181,0,0.0151116276,0.5570019246,0,0.1440222606,False
2460,0,0.1217029131,0.439818181,0,0.06572234753,0.5570019246,0,0.2818077145,False
2461,0,0.2032391237,0.439818181,0,0.05407119032,0.5570019246,0,0.4201688735,False
2462,0,0.3070873306,0.439818181,0,0.09196416708,0.5570019246,0,0.6113030129,False
2463,0,0.03128507186,0.439818181,0,0.02562682066,0.5570019246,0,0.1124544233,False
2464,0,0.06517912719,0.439818181,0,0.02305416956,0.5570019246,0,0.1848973326,False
2465,0,0.3374482819,0.439818181,0,0.6161267293,0.5570019246,1,0.6684897333,False
2466,0,0.634967987,0.439818181,1,0.09119410717,0.5570019246,0,0.9739973134,True
2467,1,0.7503406171,0.439818181,1,0.9142674847,0.5570019246,1,,False
2468,0,0.1255477571,0.439818181,0,0.0987521736,0.5570019246,0,0.2872769142,False
2469,0,0.4088043827,0.439818181,0,0.6091323596,0.5570019246,1,0.7895797352,False
2470,0,0.3711115649,0.439818181,0,0.1235500769,0.5570019246,0,0.7295144886,False
2471,0,0.02876549843,0.439818181,0,0.01034057979,0.5570019246,0,0.1061216657,False
2472,0,0.2914618788,0.439818181,0,0.1101760711,0.5570019246,0,0.5797351756,False
2473,0,0.2945145007,0.439818181,0,0.1148560302,0.5570019246,0,0.586259835,False
2474,1,0.6423407588,0.439818181,1,0.6906460294,0.5570019246,1,,False
2475,0,0.01481118691,0.439818181,0,0.009230344422,0.5570019246,0,0.06601420073,False
2476,0,0.1480157685,0.439818181,0,0.0430560269,0.5570019246,0,0.3244099021,False
2477,0,0.4043125832,0.439818181,0,0.6181557752,0.5570019246,1,0.7839186337,False
2478,0,0.01005288747,0.439818181,0,0.002656062476,0.5570019246,0,0.04864709269,False
2479,0,0.1435032924,0.439818181,0,0.0956185123,0.5570019246,0,0.3173095375,False
2480,0,0.009618626,0.439818181,0,0.002235834567,0.5570019246,0,0.04576856649,False
2481,0,0.1951167065,0.439818181,0,0.05304566872,0.5570019246,0,0.4049126847,False
2482,0,0.2337151403,0.439818181,0,0.06151998901,0.5570019246,0,0.4728459029,False
2483,1,0.8370874683,0.439818181,1,0.9593687172,0.5570019246,1,,False
2484,0,0.4531413944,0.439818181,1,0.1301411906,0.5570019246,0,0.8465745538,False
2485,0,0.4392922148,0.439818181,0,0.1335591805,0.5570019246,0,0.8282479371,False
2486,0,0.05081271075,0.439818181,0,0.02394882816,0.5570019246,0,0.1564958741,False
2487,0,0.3544131366,0.439818181,0,0.4732689277,0.5570019246,0,0.6978507004,False
2488,0,0.07956293301,0.439818181,0,0.02893533697,0.5570019246,0,0.2115716753,False
2489,0,0.1442227173,0.439818181,0,0.08394955739,0.5570019246,0,0.3181730954,False
2490,0,0.4063167683,0.439818181,0,0.125858753,0.5570019246,0,0.7861255037,False
2491,0,0.1931827801,0.439818181,0,0.0458586234,0.5570019246,0,0.4010746498,False
2492,0,0.1273517037,0.439818181,0,0.07267913276,0.5570019246,0,0.2917866053,False
2493,0,0.003176162897,0.439818181,0,0.002686636422,0.5570019246,0,0.01631164844,False
2494,0,0.2300557577,0.439818181,0,0.06013162832,0.5570019246,0,0.4646900787,False
2495,0,0.1078234907,0.439818181,0,0.01790367183,0.5570019246,0,0.2595471119,False
2496,0,0.08015319878,0.439818181,0,0.04126680595,0.5570019246,0,0.2130109384,False
2497,0,0.06590245502,0.439818181,0,0.01282019658,0.5570019246,0,0.1866244483,False
2498,1,0.6063175866,0.439818181,1,0.8257622968,0.5570019246,1,,False
2499,0,0.01463369377,0.439818181,0,0.003972958801,0.5570019246,0,0.06534254462,False
2500,0,0.0640674599,0.439818181,0,0.02403106867,0.5570019246,0,0.1827864134,False
2501,0,0.2025425489,0.439818181,0,0.06762063523,0.5570019246,0,0.4191134139,False
2502,0,0.2659507888,0.439818181,0,0.0859193432,0.5570019246,0,0.5338706582,False
2503,0,0.06433315226,0.439818181,0,0.03402750186,0.5570019246,0,0.1833621186,False
2504,0,0.3073782871,0.439818181,0,0.07997844776,0.5570019246,0,0.6120706198,False
2505,0,0.04010861559,0.439818181,0,0.01174681824,0.5570019246,0,0.1350028785,False
2506,0,0.2648113942,0.439818181,0,0.06173668433,0.5570019246,0,0.5318556899,False
2507,0,0.02291849817,0.439818181,0,0.00850650576,0.5570019246,0,0.09268854347,False
2508,0,0.3788542682,0.439818181,0,0.08827362683,0.5570019246,0,0.7446747265,False
2509,0,0.148634861,0.439818181,0,0.05923978049,0.5570019246,0,0.3258491652,False
2510,0,0.1993558031,0.439818181,0,0.03023403571,0.5570019246,0,0.4118211476,False
2511,0,0.277303203,0.439818181,0,0.04419734166,0.5570019246,0,0.552964882,False
2512,0,0.02376807703,0.439818181,0,0.01203016698,0.5570019246,0,0.09479946268,False
2513,0,0.3584512304,0.439818181,0,0.5261469821,0.5570019246,0,0.7060065247,False
2514,0,0.05730814844,0.439818181,0,0.04989704653,0.5570019246,0,0.1696411437,False
2515,0,0.4898989566,0.439818181,1,0.07835216034,0.5570019246,0,0.8851468048,False
2516,0,0.3035319363,0.439818181,0,0.0926135522,0.5570019246,0,0.6034350413,False
2517,0,0.2376602683,0.439818181,0,0.09490574155,0.5570019246,0,0.4794665131,False
2518,0,0.05513956356,0.439818181,0,0.02188553428,0.5570019246,0,0.1643638457,False
2519,0,0.002074324777,0.439818181,0,0.00280069928,0.5570019246,0,0.0103626943,False
2520,0,0.1227561907,0.439818181,0,0.04672885374,0.5570019246,0,0.2835348302,False
2521,0,0.006750171615,0.439818181,0,0.005922535581,0.5570019246,0,0.03545384763,False
2522,0,0.0104071516,0.439818181,0,0.01030743327,0.5570019246,0,0.05056611015,False
2523,0,0.2550677586,0.439818181,0,0.0923410049,0.5570019246,0,0.5126655153,False
2524,0,0.0202162636,0.439818181,0,0.00945393007,0.5570019246,0,0.08520437536,False
2525,0,0.2475734202,0.439818181,0,0.07151832522,0.5570019246,0,0.4993283439,False
2526,0,0.2364218056,0.439818181,0,0.3404240267,0.5570019246,0,0.4768758396,False
2527,0,0.23967571,0.439818181,0,0.1239832685,0.5570019246,0,0.4841681059,False
2528,0,0.01574693462,0.439818181,0,0.008030023216,0.5570019246,0,0.06937248129,False
2529,0,0.05957135549,0.439818181,0,0.03587827259,0.5570019246,0,0.175494147,False
2530,1,0.6797426036,0.439818181,1,0.7880804286,0.5570019246,1,,False
2531,0,0.3280113624,0.439818181,0,0.09878894307,0.5570019246,0,0.651314527,False
2532,0,0.0907179877,0.439818181,0,0.03531761465,0.5570019246,0,0.2309537517,False
2533,0,0.0940566757,0.439818181,0,0.02374760996,0.5570019246,0,0.2369027058,False
2534,0,0.001187192103,0.439818181,0,8.736589297e-05,0.5570019246,0,0.004941469967,False
2535,0,0.05599306277,0.439818181,0,0.01003398023,0.5570019246,0,0.1665707158,False
2536,0,0.2966721615,0.439818181,0,0.06919008477,0.5570019246,0,0.5909614277,False
2537,0,0.007125643816,0.439818181,0,0.00509024677,0.5570019246,0,0.03674918442,False
2538,0,0.3681947168,0.439818181,0,0.5106422863,0.5570019246,0,0.7245250432,False
2539,0,0.3157925525,0.439818181,0,0.1295596672,0.5570019246,0,0.6287660718,False
2540,1,0.6715461533,0.439818181,1,0.7688342927,0.5570019246,1,,False
2541,0,0.01693434117,0.439818181,0,0.01516004061,0.5570019246,0,0.07493763193,False
2542,0,0.1999704171,0.439818181,0,0.04687035924,0.5570019246,0,0.4134523124,False
2543,0,0.2274844956,0.439818181,0,0.4387184513,0.5570019246,0,0.459892535,False
2544,0,0.2364039526,0.439818181,0,0.08260914426,0.5570019246,0,0.4767798887,False
2545,0,0.07172416824,0.439818181,0,0.02926434036,0.5570019246,0,0.1974668969,False
2546,0,0.07714084603,0.439818181,0,0.02423708866,0.5570019246,0,0.2077336404,False
2547,0,0.06932446926,0.439818181,0,0.02288909499,0.5570019246,0,0.1938207638,False
2548,0,0.1312735146,0.439818181,0,0.03797726849,0.5570019246,0,0.2984072155,False
2549,0,0.07264750709,0.439818181,0,0.01467730349,0.5570019246,0,0.1987142583,False
2550,0,0.001573201074,0.439818181,0,0.0007997922763,0.5570019246,0,0.007244290923,False
2551,0,0.1329519705,0.439818181,0,0.04098169667,0.5570019246,0,0.3014776434,False
2552,0,0.01115088571,0.439818181,0,0.004553320083,0.5570019246,0,0.05334868547,False
2553,0,0.1143950058,0.439818181,0,0.05071095937,0.5570019246,0,0.2712531184,False
2554,1,0.7111576366,0.439818181,1,0.8021021944,0.5570019246,1,,False
2555,0,0.005582711611,0.439818181,0,0.007949515503,0.5570019246,0,0.02940894262,False
2556,0,0.5394506578,0.439818181,1,0.1503629555,0.5570019246,0,0.927365189,True
2557,0,0.09961825785,0.439818181,0,0.02970455792,0.5570019246,0,0.2453463827,False
2558,1,0.5620295768,0.439818181,1,0.7787840867,0.5570019246,1,,False
2559,0,0.3963341638,0.439818181,0,0.08899793429,0.5570019246,0,0.7711571675,False
2560,0,0.08080209032,0.439818181,0,0.05485928117,0.5570019246,0,0.214066398,False
2561,0,0.3216205669,0.439818181,0,0.1440054249,0.5570019246,0,0.6397044713,False
2562,0,0.3216662896,0.439818181,0,0.1253522952,0.5570019246,0,0.6399923239,False
2563,0,0.003056020293,0.439818181,0,0.001199251447,0.5570019246,0,0.01530416427,False
2564,0,0.08253926996,0.439818181,0,0.02957607401,0.5570019246,0,0.2171368259,False
2565,0,0.2052041911,0.439818181,0,0.1828461547,0.5570019246,0,0.4230473997,False
2566,0,0.06729188205,0.439818181,0,0.05178814993,0.5570019246,0,0.1895029745,False
2567,0,0.2973180835,0.439818181,0,0.09348178251,0.5570019246,0,0.5927844943,False
2568,0,0.0555050405,0.439818181,0,0.02713879439,0.5570019246,0,0.1654193053,False
2569,0,0.359709814,0.439818181,0,0.3471703257,0.5570019246,0,0.708021493,False
2570,0,0.001943004643,0.439818181,0,0.001360407728,0.5570019246,0,0.009499136442,False
2571,0,0.1086958269,0.439818181,0,0.05542915482,0.5570019246,0,0.2612742276,False
2572,0,0.4669560803,0.439818181,1,0.09075792373,0.5570019246,0,0.8607752831,False
2573,0,0.05062019537,0.439818181,0,0.02025057518,0.5570019246,0,0.1562080215,False
2574,0,0.0176033297,0.439818181,0,0.01662183552,0.5570019246,0,0.07733640376,False
2575,0,0.07748632277,0.439818181,0,0.5865414789,0.5570019246,1,0.2084052965,False
2576,0,0.2576839593,0.439818181,0,0.09300308866,0.5570019246,0,0.518134715,False
2577,0,0.005501771481,0.439818181,0,0.007126630477,0.5570019246,0,0.02868931107,False
2578,0,0.3875122794,0.439818181,0,0.09107087437,0.5570019246,0,0.7559009787,False
2579,0,0.1849148689,0.439818181,0,0.10090693,0.5570019246,0,0.3855306083,False
2580,1,0.7066734972,0.439818181,1,0.9016180808,0.5570019246,1,,False
2581,0,0.4310903263,0.439818181,0,0.7852806861,0.5570019246,1,0.8175014393,False
2582,0,0.2542638867,0.439818181,0,0.3786562462,0.5570019246,0,0.5110343504,False
2583,0,0.2647710419,0.439818181,0,0.1305033567,0.5570019246,0,0.531759739,False
2584,1,0.6382321793,0.439818181,1,0.9306370875,0.5570019246,1,,False
2585,0,0.2701756648,0.439818181,0,0.4996263572,0.5570019246,0,0.5403953176,False
2586,0,0.04778903102,0.439818181,0,0.01511558469,0.5570019246,0,0.1507388217,False
2587,0,0.1413592752,0.439818181,0,0.04558903206,0.5570019246,0,0.3137593552,False
2588,0,0.4250718211,0.439818181,0,0.5504176431,0.5570019246,0,0.8115524851,False
2589,0,0.0604029245,0.439818181,0,0.02914019998,0.5570019246,0,0.177029361,False
2590,1,0.7295334535,0.439818181,1,0.9373828292,0.5570019246,1,,False
2591,0,0.3894656048,0.439818181,0,0.348072465,0.5570019246,0,0.7603147189,False
2592,0,0.657591324,0.439818181,1,0.2133056932,0.5570019246,0,0.9821531376,True
2593,0,0.02251269732,0.439818181,0,0.01091040624,0.5570019246,0,0.09172903473,False
2594,0,0.01566132593,0.439818181,0,0.02580668924,0.5570019246,0,0.06889272692,False
2595,0,0.09097995042,0.439818181,0,0.02902461586,0.5570019246,0,0.2316254078,False
2596,0,0.06869352013,0.439818181,0,0.02580772432,0.5570019246,0,0.1921895989,False
2597,0,0.009575897788,0.439818181,0,0.009180670597,0.5570019246,0,0.04567261562,False
2598,0,0.1122241872,0.439818181,0,0.06191759032,0.5570019246,0,0.2673191326,False
2599,1,0.6484775051,0.439818181,1,0.8969030815,0.5570019246,1,,False
2600,0,0.2041815633,0.439818181,0,0.1826012322,0.5570019246,0,0.4218000384,False
2601,0,0.09629295937,0.439818181,0,0.03335700818,0.5570019246,0,0.2400690846,False
2602,0,0.3494051104,0.439818181,0,0.07513808608,0.5570019246,0,0.690654385,False
2603,1,0.6736077135,0.439818181,1,0.8344192716,0.5570019246,1,,False
2604,0,0.2622057717,0.439818181,0,0.07987976488,0.5570019246,0,0.5269621954,False
2605,1,0.6443933066,0.439818181,1,0.8891670152,0.5570019246,1,,False
2606,0,0.0771271714,0.439818181,0,0.02721905313,0.5570019246,0,0.2076376895,False
2607,0,0.1648869645,0.439818181,0,0.07650929842,0.5570019246,0,0.3519478027,False
2608,0,0.1252351747,0.439818181,0,0.04266218994,0.5570019246,0,0.2868931107,False
2609,0,0.1931218582,0.439818181,0,0.08341935852,0.5570019246,0,0.4007867972,False
2610,0,0.08949197756,0.439818181,0,0.02894757272,0.5570019246,0,0.2280752255,False
2611,0,0.06395917073,0.439818181,0,0.03532186886,0.5570019246,0,0.1826904625,False
2612,0,0.05274071706,0.439818181,0,0.01953958201,0.5570019246,0,0.160333909,False
2613,0,0.2340472096,0.439818181,0,0.05837055262,0.5570019246,0,0.4733256573,False
2614,0,0.1280014902,0.439818181,0,0.04334532136,0.5570019246,0,0.2925542122,False
2615,0,0.5250143672,0.439818181,1,0.7428994576,0.5570019246,1,0.9170024947,True
2616,0,0.002234692806,0.439818181,0,0.0003583195532,0.5570019246,0,0.01237766264,False
2617,0,0.4149674491,0.439818181,0,0.1037113888,0.5570019246,0,0.797255805,False
2618,0,0.4928139869,0.439818181,1,0.1491991435,0.5570019246,0,0.8868739206,False
2619,0,0.4689468085,0.439818181,1,0.6938134887,0.5570019246,1,0.863845711,False
2620,0,0.005041769347,0.439818181,0,0.003099096982,0.5570019246,0,0.02633851468,False
2621,0,0.2429433789,0.439818181,0,0.1088809421,0.5570019246,0,0.4909806179,False
2622,0,0.0006572658655,0.439818181,0,0.0008824432897,0.5570019246,0,0.0005757052389,False
2623,0,0.1258000711,0.439818181,0,0.04944776717,0.5570019246,0,0.2881404721,False
2624,1,0.6281929948,0.439818181,1,0.7270548316,0.5570019246,1,,False
2625,0,0.2499977314,0.439818181,0,0.07876243069,0.5570019246,0,0.5032623297,False
2626,0,0.3368231799,0.439818181,0,0.07016082396,0.5570019246,0,0.6675302245,False
2627,0,0.4033065038,0.439818181,0,0.5687294556,0.5570019246,1,0.7821915179,False
2628,0,0.1691547354,0.439818181,0,0.05612171318,0.5570019246,0,0.3591441182,False
2629,0,0.1716496184,0.439818181,0,0.04799186743,0.5570019246,0,0.3631740549,False
2630,0,0.1098631516,0.439818181,0,0.03804557827,0.5570019246,0,0.2634810977,False
2631,0,0.4443973694,0.439818181,1,0.1094641125,0.5570019246,0,0.8352523508,False
2632,0,0.1569654251,0.439818181,0,0.05944441781,0.5570019246,0,0.3386106314,False
2633,0,0.5085089769,0.439818181,1,0.1101967051,0.5570019246,0,0.9030896181,True
2634,0,0.2845613823,0.439818181,0,0.4865921067,0.5570019246,0,0.566589906,False
2635,0,0.1812848043,0.439818181,0,0.09677543419,0.5570019246,0,0.3805411629,False
2636,0,0.09442380082,0.439818181,0,0.06211389919,0.5570019246,0,0.2373824602,False
2637,0,0.2177166464,0.439818181,0,0.08444823716,0.5570019246,0,0.4444444444,False
2638,0,0.344657625,0.439818181,0,0.3994233628,0.5570019246,0,0.6828823642,False
2639,0,0.009030915875,0.439818181,0,0.01257133915,0.5570019246,0,0.04356169641,False
2640,0,0.2628543681,0.439818181,0,0.08589122715,0.5570019246,0,0.5285933602,False
2641,0,0.01088829328,0.439818181,0,0.007992207038,0.5570019246,0,0.05238917674,False
2642,0,0.02169816213,0.439818181,0,0.006443491336,0.5570019246,0,0.08952216465,False
2643,0,0.08511156089,0.439818181,0,0.01908719213,0.5570019246,0,0.221646517,False
2644,0,0.3370097253,0.439818181,0,0.06293999636,0.5570019246,0,0.6678180771,False
2645,0,0.1087710715,0.439818181,0,0.03947536459,0.5570019246,0,0.2614661293,False
2646,0,0.1974556153,0.439818181,0,0.05669791206,0.5570019246,0,0.4087507196,False
2647,0,0.1020380395,0.439818181,0,0.02051244525,0.5570019246,0,0.2494722702,False
2648,0,0.1048250137,0.439818181,0,0.0489352381,0.5570019246,0,0.2539819612,False
2649,0,0.2624237035,0.439818181,0,0.08410559913,0.5570019246,0,0.5274419497,False
2650,0,0.08197325986,0.439818181,0,0.02148181506,0.5570019246,0,0.2160813663,False
2651,0,0.3061785849,0.439818181,0,0.3245093916,0.5570019246,0,0.6098637498,False
2652,0,0.04068751985,0.439818181,0,0.01279092555,0.5570019246,0,0.1360583381,False
2653,0,0.5155957082,0.439818181,1,0.1803887275,0.5570019246,0,0.9086547688,True
2654,0,0.3615171264,0.439818181,0,0.4950421432,0.5570019246,0,0.7122433314,False
2655,0,0.008592020004,0.439818181,0,0.007337129923,0.5570019246,0,0.04164267895,False
2656,0,0.1667404513,0.439818181,0,0.06339315544,0.5570019246,0,0.3558817885,False
2657,0,0.07928327966,0.439818181,0,0.02788467601,0.5570019246,0,0.2110919209,False
2658,0,0.006396972212,0.439818181,0,0.001547615263,0.5570019246,0,0.03387065822,False
2659,0,0.5532779355,0.439818181,1,0.1871092219,0.5570019246,0,0.9370562272,True
2660,1,0.6192337596,0.439818181,1,0.8522642816,0.5570019246,1,,False
2661,0,0.5357440906,0.439818181,1,0.1211864709,0.5570019246,0,0.9245826137,True
2662,0,0.1676635008,0.439818181,0,0.1041145332,0.5570019246,0,0.3573210516,False
2663,1,0.46018221,0.439818181,1,0.7030494499,0.5570019246,1,,False
2664,0,0.3149702536,0.439818181,0,0.4606260584,0.5570019246,0,0.6268470543,False
2665,0,0.3739693037,0.439818181,0,0.08334097693,0.5570019246,0,0.7354634427,False
2666,0,0.1675660776,0.439818181,0,0.0942856462,0.5570019246,0,0.3571291499,False
2667,0,0.4994084111,0.439818181,1,0.5296660792,0.5570019246,0,0.8946459413,False
2668,0,0.03080375286,0.439818181,0,0.01817968896,0.5570019246,0,0.1115908655,False
2669,0,0.3276596484,0.439818181,0,0.4717282112,0.5570019246,0,0.65054692,False
2670,1,0.5484827614,0.439818181,1,0.7786428593,0.5570019246,1,,False
2671,0,0.05027717851,0.439818181,0,0.02150793265,0.5570019246,0,0.155056611,False
2672,0,0.4157280988,0.439818181,0,0.1071685822,0.5570019246,0,0.798791019,False
2673,0,0.2669015591,0.439818181,0,0.07300689741,0.5570019246,0,0.5355977739,False
2674,0,0.3949342145,0.439818181,0,0.06543394188,0.5570019246,0,0.7694300518,False
2675,0,0.5043550109,0.439818181,1,0.1043360754,0.5570019246,0,0.8996353867,False
2676,0,0.4321783568,0.439818181,0,0.05780403289,0.5570019246,0,0.8189407024,False
2677,0,0.009466491812,0.439818181,0,0.003338361695,0.5570019246,0,0.04480905776,False
2678,0,0.1793133857,0.439818181,0,0.07825298988,0.5570019246,0,0.3773747841,False
2679,0,0.4490309303,0.439818181,1,0.1189527618,0.5570019246,0,0.8416810593,False
2680,0,0.05506044422,0.439818181,0,0.02219728653,0.5570019246,0,0.164171944,False
2681,0,0.02311084336,0.439818181,0,0.02045800547,0.5570019246,0,0.09345615045,False
2682,0,0.005850348987,0.439818181,0,0.002658653523,0.5570019246,0,0.03060832854,False
2683,0,0.1567668615,0.439818181,0,0.05229503007,0.5570019246,0,0.3378430244,False
2684,0,0.005297689494,0.439818181,0,0.005166768715,0.5570019246,0,0.02811360583,False
2685,0,0.1334939171,0.439818181,0,0.5496149188,0.5570019246,0,0.3020533487,False
2686,0,0.02006064625,0.439818181,0,0.01201754194,0.5570019246,0,0.08453271925,False
2687,0,0.01884541186,0.439818181,0,0.01152337372,0.5570019246,0,0.08059873345,False
2688,1,0.5505300102,0.439818181,1,0.8378527851,0.5570019246,1,,False
2689,0,0.02518703947,0.439818181,0,0.006943103093,0.5570019246,0,0.09729418538,False
2690,0,0.1325285627,0.439818181,0,0.04984420179,0.5570019246,0,0.3004221838,False
2691,0,0.1582992213,0.439818181,0,0.04672735068,0.5570019246,0,0.3405296488,False
2692,0,0.02929894888,0.439818181,0,0.01637119261,0.5570019246,0,0.1073690271,False
2693,0,0.1568859244,0.439818181,0,0.08907787578,0.5570019246,0,0.3383227787,False
2694,0,0.5753872313,0.439818181,1,0.1751309257,0.5570019246,0,0.9514488582,True
2695,0,0.111393222,0.439818181,0,0.04306451738,0.5570019246,0,0.2655920169,False
2696,0,0.2273283197,0.439818181,0,0.0529546881,0.5570019246,0,0.4597965841,False
2697,0,0.2008819166,0.439818181,0,0.05074679208,0.5570019246,0,0.4156591825,False
2698,0,0.05044706075,0.439818181,0,0.01962781843,0.5570019246,0,0.1554404145,False
2699,0,0.2180967283,0.439818181,0,0.05396997706,0.5570019246,0,0.4451161006,False
2700,0,0.06580707525,0.439818181,0,0.02502095854,0.5570019246,0,0.1863365957,False
2701,0,0.0816692534,0.439818181,0,0.01892553324,0.5570019246,0,0.215601612,False
2702,0,0.01864087442,0.439818181,0,0.003246022186,0.5570019246,0,0.07973517559,False
2703,0,0.00449609551,0.439818181,0,0.002712388044,0.5570019246,0,0.02389176742,False
2704,0,0.3639153844,0.439818181,0,0.3000663021,0.5570019246,0,0.7167530225,False
2705,0,0.06613961641,0.439818181,0,0.04067279189,0.5570019246,0,0.1872961044,False
2706,0,0.04148061041,0.439818181,0,0.009037153518,0.5570019246,0,0.1377854538,False
2707,0,0.1289310866,0.439818181,0,0.03633854039,0.5570019246,0,0.2941853771,False
2708,0,0.0121346673,0.439818181,0,0.009464604081,0.5570019246,0,0.05737862215,False
2709,1,0.5609530458,0.439818181,1,0.8540131256,0.5570019246,1,,False
2710,0,0.03688070161,0.439818181,0,0.01208691899,0.5570019246,0,0.1281903665,False
2711,0,0.4893374879,0.439818181,1,0.5678632931,0.5570019246,1,0.8845710996,False
2712,0,0.3878085021,0.439818181,0,0.06959250418,0.5570019246,0,0.7565726348,False
2713,0,0.006410876496,0.439818181,0,0.003577200561,0.5570019246,0,0.03415851084,False
2714,0,0.1339805308,0.439818181,0,0.02982221958,0.5570019246,0,0.3027250048,False
2715,0,0.01083253579,0.439818181,0,0.009671153767,0.5570019246,0,0.05210132412,False
2716,0,0.03787725951,0.439818181,0,0.03213293876,0.5570019246,0,0.1303012857,False
2717,0,0.196688111,0.439818181,0,0.05815096975,0.5570019246,0,0.4077912109,False
2718,1,0.5816825019,0.439818181,1,0.7511799843,0.5570019246,1,,False
2719,0,0.552805024,0.439818181,1,0.06669120391,0.5570019246,0,0.9366724237,True
2720,0,0.01992623851,0.439818181,0,0.01479824913,0.5570019246,0,0.08395701401,False
2721,0,0.3024838153,0.439818181,0,0.1134579652,0.5570019246,0,0.6023795817,False
2722,1,0.6224503211,0.439818181,1,0.8211315061,0.5570019246,1,,False
2723,0,0.2324066049,0.439818181,0,0.07142401912,0.5570019246,0,0.4699673767,False
2724,0,0.01615968782,0.439818181,0,0.01733029873,0.5570019246,0,0.07090769526,False
2725,0,0.1200863105,0.439818181,0,0.04469868417,0.5570019246,0,0.2801765496,False
2726,0,0.3095489978,0.439818181,0,0.2940301646,0.5570019246,0,0.6160046056,False
2727,0,0.1799042234,0.439818181,0,0.2993293424,0.5570019246,0,0.3780464402,False
2728,0,0.09513497592,0.439818181,0,0.04172296477,0.5570019246,0,0.2380541163,False
2729,0,0.1326142721,0.439818181,0,0.09161722288,0.5570019246,0,0.3007100365,False
2730,0,0.34979866,0.439818181,0,0.08116136769,0.5570019246,0,0.6911341393,False
2731,0,0.2922355361,0.439818181,0,0.05187898577,0.5570019246,0,0.5815582422,False
2732,0,0.4648481539,0.439818181,1,0.5062694087,0.5570019246,0,0.8584724621,False
2733,0,0.2516031937,0.439818181,0,0.06016558928,0.5570019246,0,0.5057570524,False
2734,0,0.06178717642,0.439818181,0,0.04617714558,0.5570019246,0,0.1793321819,False
2735,0,0.01331827018,0.439818181,0,0.002660420671,0.5570019246,0,0.06102475533,False
2736,0,0.2365680723,0.439818181,0,0.08197985133,0.5570019246,0,0.4772596431,False
2737,0,0.01540485993,0.439818181,0,0.009568362148,0.5570019246,0,0.06850892343,False
2738,0,0.1612352216,0.439818181,0,0.07018369092,0.5570019246,0,0.346478603,False
2739,0,0.2732740597,0.439818181,0,0.1090591496,0.5570019246,0,0.5448090578,False
2740,0,0.003701504337,0.439818181,0,0.002874178133,0.5570019246,0,0.02010170793,False
2741,0,0.3997160285,0.439818181,0,0.1221001241,0.5570019246,0,0.776818269,False
2742,1,0.4895619468,0.439818181,1,0.805901285,0.5570019246,1,,False
2743,0,0.01009218678,0.439818181,0,0.003125580809,0.5570019246,0,0.04893494531,False
2744,0,0.03335536142,0.439818181,0,0.02773246754,0.5570019246,0,0.1182114757,False
2745,0,0.266367676,0.439818181,0,0.09724450392,0.5570019246,0,0.5347342161,False
2746,0,0.2075255134,0.439818181,0,0.4377034051,0.5570019246,0,0.4272692382,False
2747,1,0.6302685573,0.439818181,1,0.6734395884,0.5570019246,1,,False
2748,0,0.07050027525,0.439818181,0,0.02414868088,0.5570019246,0,0.195931683,False
2749,0,0.05339828061,0.439818181,0,0.02206288984,0.5570019246,0,0.1611974669,False
2750,0,0.3273112582,0.439818181,0,0.1104305646,0.5570019246,0,0.6498752639,False
2751,0,0.4434576298,0.439818181,1,0.1639617203,0.5570019246,0,0.8341009403,False
2752,0,0.05262791042,0.439818181,0,0.03691283956,0.5570019246,0,0.1600460564,False
2753,0,0.125903468,0.439818181,0,0.04955131598,0.5570019246,0,0.2884283247,False
2754,0,0.001459037376,0.439818181,0,0.001360407728,0.5570019246,0,0.006620610248,False
2755,0,0.04882625601,0.439818181,0,0.01699717015,0.5570019246,0,0.1520821339,False
2756,1,0.5806760234,0.439818181,1,0.8421355635,0.5570019246,1,,False
2757,0,0.03252820946,0.439818181,0,0.01363558508,0.5570019246,0,0.1158127039,False
2758,0,0.1835021011,0.439818181,0,0.2804952925,0.5570019246,0,0.3839953944,False
2759,0,0.1055507342,0.439818181,0,0.04035037447,0.5570019246,0,0.2555171752,False
2760,0,0.2036554586,0.439818181,0,0.343846964,0.5570019246,0,0.4210324314,False
2761,0,0.1185424313,0.439818181,0,0.02892201286,0.5570019246,0,0.2781615813,False
2762,0,0.01498390396,0.439818181,0,0.01787688812,0.5570019246,0,0.06735751295,False
2763,0,0.01675961841,0.439818181,0,0.01362452859,0.5570019246,0,0.07417002495,False
2764,0,0.04243629117,0.439818181,0,0.02473601938,0.5570019246,0,0.1395125696,False
2765,0,0.2411985515,0.439818181,0,0.06052124608,0.5570019246,0,0.4872385339,False
2766,1,0.5609157557,0.439818181,1,0.7327877868,0.5570019246,1,,False
2767,0,0.1921256252,0.439818181,0,0.09117593062,0.5570019246,0,0.398675878,False
2768,1,0.4498503546,0.439818181,1,0.7019710403,0.5570019246,1,,False
2769,0,0.01244782405,0.439818181,0,0.006384192796,0.5570019246,0,0.05843408175,False
2770,1,0.776939642,0.439818181,1,0.9137031152,0.5570019246,1,,False
2771,0,0.1685088478,0.439818181,0,0.03376985299,0.5570019246,0,0.358568413,False
2772,0,0.3531178763,0.439818181,0,0.2057841527,0.5570019246,0,0.6957397812,False
2773,0,0.07823392413,0.439818181,0,0.01618962181,0.5570019246,0,0.2098445596,False
2774,0,0.1525623716,0.439818181,0,0.06256430269,0.5570019246,0,0.3317021685,False
2775,0,0.1644467328,0.439818181,0,0.0458271869,0.5570019246,0,0.3510842449,False
2776,0,0.2061515122,0.439818181,0,0.05455565123,0.5570019246,0,0.4252542698,False
2777,0,0.4723176675,0.439818181,1,0.5094199876,0.5570019246,0,0.8676837459,False
2778,0,0.4259452063,0.439818181,0,0.09905548262,0.5570019246,0,0.8123200921,False
2779,0,0.003683460745,0.439818181,0,0.001086942355,0.5570019246,0,0.01995778162,False
2780,1,0.6180471681,0.439818181,1,0.8684082702,0.5570019246,1,,False
2781,0,0.08581831876,0.439818181,0,0.01361019626,0.5570019246,0,0.2226060257,False
2782,0,0.03944557905,0.439818181,0,0.0111565536,0.5570019246,0,0.1336595663,False
2783,1,0.604770146,0.439818181,1,0.8413136673,0.5570019246,1,,False
2784,0,0.3981462007,0.439818181,0,0.4758747517,0.5570019246,0,0.7736518902,False
2785,1,0.5455773267,0.439818181,1,0.7751856313,0.5570019246,1,,False
2786,1,0.4306676082,0.439818181,0,0.7829517099,0.5570019246,1,,False
2787,0,0.360625214,0.439818181,0,0.07509942206,0.5570019246,0,0.7097486087,False
2788,0,0.1362392041,0.439818181,0,0.0433359269,0.5570019246,0,0.3059873345,False
2789,0,0.06466925511,0.439818181,0,0.01632236243,0.5570019246,0,0.1841297256,False
2790,1,0.5224291604,0.439818181,1,0.8645272915,0.5570019246,1,,False
2791,0,0.1200593333,0.439818181,0,0.02793882374,0.5570019246,0,0.2800805987,False
2792,0,0.294375022,0.439818181,0,0.6834259235,0.5570019246,1,0.5861638841,False
2793,0,0.06909064704,0.439818181,0,0.0142883349,0.5570019246,0,0.1929572059,False
2794,0,0.003273260327,0.439818181,0,0.003224701305,0.5570019246,0,0.01688735367,False
2795,1,0.3213559459,0.439818181,0,0.8363481862,0.5570019246,1,,False
2796,0,0.2139049129,0.439818181,0,0.0734379786,0.5570019246,0,0.4374400307,False
2797,0,0.0007014321397,0.439818181,0,0.001072781652,0.5570019246,0,0.0009595087315,False
2798,0,0.01662299624,0.439818181,0,0.009875151208,0.5570019246,0,0.07321051622,False
2799,0,0.05858719279,0.439818181,0,0.03002289715,0.5570019246,0,0.1732872769,False
2800,0,0.06218645102,0.439818181,0,0.02134722142,0.5570019246,0,0.1800997889,False
2801,0,0.008441505028,0.439818181,0,0.004521476045,0.5570019246,0,0.04077912109,False
2802,1,0.7823160913,0.439818181,1,0.9392216403,0.5570019246,1,,False
2803,0,0.149792148,0.439818181,0,0.09195642943,0.5570019246,0,0.3278641336,False
2804,0,0.3932839902,0.439818181,0,0.05690979183,0.5570019246,0,0.7664555747,False
2805,0,0.05073841814,0.439818181,0,0.01203731129,0.5570019246,0,0.1563039724,False
2806,0,0.1510458186,0.439818181,0,0.07277546581,0.5570019246,0,0.329783151,False
2807,0,0.09620119236,0.439818181,0,0.03696977607,0.5570019246,0,0.2396852811,False
2808,0,0.02376613462,0.439818181,0,0.008679199464,0.5570019246,0,0.0947035118,False
2809,0,0.1399869536,0.439818181,0,0.03364106885,0.5570019246,0,0.3119362886,False
2810,0,0.05200519193,0.439818181,0,0.02620558864,0.5570019246,0,0.1593744003,False
2811,1,0.5991388007,0.439818181,1,0.7814658705,0.5570019246,1,,False
2812,0,0.06936821352,0.439818181,0,0.03355244133,0.5570019246,0,0.1941086164,False
2813,0,0.01081031275,0.439818181,0,0.002819960202,0.5570019246,0,0.0518134715,False
2814,1,0.5674660876,0.439818181,1,0.7191512865,0.5570019246,1,,False
2815,0,0.01217237278,0.439818181,0,0.007562483786,0.5570019246,0,0.05766647476,False
2816,0,0.02820408676,0.439818181,0,0.009015591847,0.5570019246,0,0.1047783535,False
2817,0,0.1275502038,0.439818181,0,0.05585280923,0.5570019246,0,0.2921704088,False
2818,1,0.5931281489,0.439818181,1,0.7517116746,0.5570019246,1,,False
2819,0,0.1459626059,0.439818181,0,0.05035468729,0.5570019246,0,0.3208597198,False
2820,0,0.1933082453,0.439818181,0,0.06642729124,0.5570019246,0,0.4014584533,False
2821,0,0.009426648179,0.439818181,0,0.003462563464,0.5570019246,0,0.04461715602,False
2822,0,0.2972978623,0.439818181,0,0.1286354981,0.5570019246,0,0.5926885435,False
2823,0,0.4629265279,0.439818181,1,0.1449236726,0.5570019246,0,0.8566493955,False
2824,0,0.2896658531,0.439818181,0,0.09023057978,0.5570019246,0,0.5761849933,False
2825,0,0.409378847,0.439818181,0,0.3235398591,0.5570019246,0,0.790443293,False
2826,0,0.2826958719,0.439818181,0,0.1151396234,0.5570019246,0,0.5632316254,False
2827,0,0.03326838322,0.439818181,0,0.01577936743,0.5570019246,0,0.1179236231,False
2828,0,0.2318869395,0.439818181,0,0.1007443104,0.5570019246,0,0.4691038188,False
2829,0,0.5288292755,0.439818181,1,0.1634578854,0.5570019246,0,0.9196891192,True
2830,1,0.7664203381,0.439818181,1,0.9033228464,0.5570019246,1,,False
2831,0,0.004537312621,0.439818181,0,0.002200658549,0.5570019246,0,0.02408366916,False
2832,0,0.2164827495,0.439818181,0,0.07168616991,0.5570019246,0,0.4421416235,False
2833,0,0.05823935786,0.439818181,0,0.03745049998,0.5570019246,0,0.1720399156,False
2834,0,0.08754976532,0.439818181,0,0.03302523542,0.5570019246,0,0.2243331414,False
2835,0,0.4412096623,0.439818181,1,0.1025650491,0.5570019246,0,0.8312224141,False
2836,0,0.07420305139,0.439818181,0,0.04065702822,0.5570019246,0,0.2021684897,False
2837,0,0.1008534155,0.439818181,0,0.04617964746,0.5570019246,0,0.2472654001,False
2838,1,0.6581848105,0.439818181,1,0.8883756056,0.5570019246,1,,False
2839,0,0.4727443533,0.439818181,1,0.1000290525,0.5570019246,0,0.8680675494,False
2840,0,0.2941792343,0.439818181,0,0.08840114844,0.5570019246,0,0.5853962771,False
2841,0,0.04064641156,0.439818181,0,0.02082845252,0.5570019246,0,0.1359623873,False
2842,0,0.1402024747,0.439818181,0,0.05573113674,0.5570019246,0,0.3122241412,False
2843,1,0.6056711322,0.439818181,1,0.7112178646,0.5570019246,1,,False
2844,0,0.00885568037,0.439818181,0,0.004259300003,0.5570019246,0,0.04279408943,False
2845,0,0.4170904109,0.439818181,0,0.4489714551,0.5570019246,0,0.800326233,False
2846,0,0.02002656041,0.439818181,0,0.01036069252,0.5570019246,0,0.0843408175,False
2847,0,0.1272947835,0.439818181,0,0.03684118417,0.5570019246,0,0.2914028018,False
2848,0,0.3658878415,0.439818181,0,0.1189056347,0.5570019246,0,0.7196315486,False
2849,0,0.07953637453,0.439818181,0,0.01706649755,0.5570019246,0,0.2113797736,False
2850,0,0.09361425069,0.439818181,0,0.02522268662,0.5570019246,0,0.2362310497,False
2851,0,0.4236266591,0.439818181,0,0.129222662,0.5570019246,0,0.8094415659,False
2852,0,0.238831444,0.439818181,0,0.04113338985,0.5570019246,0,0.4823450393,False
2853,0,0.1677554825,0.439818181,0,0.04514494143,0.5570019246,0,0.3574170025,False
2854,0,0.05575791137,0.439818181,0,0.01623735346,0.5570019246,0,0.1658031088,False
2855,0,0.3870129462,0.439818181,0,0.1138180576,0.5570019246,0,0.7553252735,False
2856,0,0.2910853728,0.439818181,0,0.04981400587,0.5570019246,0,0.5788716177,False
2857,0,0.1493762662,0.439818181,0,0.06989990538,0.5570019246,0,0.3271924775,False
2858,0,0.06005466467,0.439818181,0,0.01489536331,0.5570019246,0,0.1763577049,False
2859,0,0.1491605949,0.439818181,0,0.04944134892,0.5570019246,0,0.3267127231,False
2860,0,0.466162987,0.439818181,1,0.7416882813,0.5570019246,1,0.8598157743,False
2861,1,0.5783761015,0.439818181,1,0.6907928769,0.5570019246,1,,False
2862,0,0.002200923691,0.439818181,0,0.001325975693,0.5570019246,0,0.01151410478,False
2863,0,0.2653563118,0.439818181,0,0.06871595727,0.5570019246,0,0.532527346,False
2864,0,0.2380675035,0.439818181,0,0.4293506189,0.5570019246,0,0.4806179236,False
2865,0,0.04535806605,0.439818181,0,0.01544967233,0.5570019246,0,0.1455574746,False
2866,0,0.1484639844,0.439818181,0,0.04968634471,0.5570019246,0,0.32527346,False
2867,0,0.4003233816,0.439818181,0,0.1065616104,0.5570019246,0,0.7780656304,False
2868,0,0.08992255552,0.439818181,0,0.03190111645,0.5570019246,0,0.2295144886,False
2869,0,0.2077993216,0.439818181,0,0.0728835119,0.5570019246,0,0.4275570908,False
2870,0,0.3339984091,0.439818181,0,0.05770736877,0.5570019246,0,0.6622529265,False
2871,0,0.0174864377,0.439818181,0,0.006334975435,0.5570019246,0,0.07695260027,False
2872,0,0.4089240877,0.439818181,0,0.08072235257,0.5570019246,0,0.7898675878,False
2873,0,0.01033623212,0.439818181,0,0.006236458213,0.5570019246,0,0.04979850317,False
2874,1,0.7901644713,0.439818181,1,0.9405835368,0.5570019246,1,,False
2875,0,0.07408030025,0.439818181,0,0.0201099778,0.5570019246,0,0.2018806371,False
2876,0,0.1808597409,0.439818181,0,0.06655675729,0.5570019246,0,0.3794857033,False
2877,0,0.1469496549,0.439818181,0,0.4197893027,0.5570019246,0,0.3222989829,False
2878,0,0.09942429648,0.439818181,0,0.01893668081,0.5570019246,0,0.24505853,False
2879,0,0.2919235436,0.439818181,0,0.09062066617,0.5570019246,0,0.5805027826,False
2880,0,0.1669223592,0.439818181,0,0.05977088338,0.5570019246,0,0.3560736903,False
2881,0,0.009227564101,0.439818181,0,0.006027783862,0.5570019246,0,0.04413740165,False
2882,0,0.3581301577,0.439818181,0,0.0764943393,0.5570019246,0,0.7055267703,False
2883,0,0.1733239906,0.439818181,0,0.02828814187,0.5570019246,0,0.366148532,False
2884,0,0.2991080229,0.439818181,0,0.06391299841,0.5570019246,0,0.5967184801,False
2885,1,0.7455037847,0.439818181,1,0.9114356065,0.5570019246,1,,False
2886,0,0.05392019633,0.439818181,0,0.01507646987,0.5570019246,0,0.1617731721,False
2887,0,0.3565211141,0.439818181,0,0.1094004363,0.5570019246,0,0.7018806371,False
2888,0,0.4368943895,0.439818181,0,0.7513655112,0.5570019246,1,0.82527346,False
2889,0,0.07150731008,0.439818181,0,0.03533205492,0.5570019246,0,0.1971790443,False
2890,0,0.08760085344,0.439818181,0,0.03679427548,0.5570019246,0,0.2244290923,False
2891,0,0.2889556764,0.439818181,0,0.09055665635,0.5570019246,0,0.5741700249,False
2892,0,0.4265606188,0.439818181,0,0.1307459265,0.5570019246,0,0.8133755517,False
2893,0,0.2906723402,0.439818181,0,0.06398134498,0.5570019246,0,0.5780080599,False
2894,0,0.1858360571,0.439818181,0,0.05401021116,0.5570019246,0,0.3871617732,False
2895,0,0.4375584912,0.439818181,0,0.5931967574,0.5570019246,1,0.8259451161,False
2896,0,0.2048540116,0.439818181,0,0.07176471835,0.5570019246,0,0.4225676454,False
2897,0,0.003176594806,0.439818181,0,0.005511192396,0.5570019246,0,0.01640759931,False
2898,0,0.2763519506,0.439818181,0,0.08041886548,0.5570019246,0,0.5507580119,False
2899,0,0.1744770872,0.439818181,0,0.04379809307,0.5570019246,0,0.3679715985,False
2900,0,0.0441832742,0.439818181,0,0.02085055774,0.5570019246,0,0.1431587027,False
2901,0,0.07459085052,0.439818181,0,0.02998068805,0.5570019246,0,0.2034158511,False
2902,1,0.5410936951,0.439818181,1,0.7155228508,0.5570019246,1,,False
2903,1,0.574166319,0.439818181,1,0.70575589,0.5570019246,1,,False
2904,0,0.1795660891,0.439818181,0,0.05276605346,0.5570019246,0,0.3775666859,False
2905,0,0.03521233693,0.439818181,0,0.02155197227,0.5570019246,0,0.1232009211,False
2906,1,0.6632426982,0.439818181,1,0.80176995,0.5570019246,1,,False
2907,0,0.2479492914,0.439818181,0,0.5396462789,0.5570019246,0,0.5000959509,False
2908,0,0.1013751677,0.439818181,0,0.04565478643,0.5570019246,0,0.248128958,False
2909,0,0.01074996775,0.439818181,0,0.001171246755,0.5570019246,0,0.05152561888,False
2910,0,0.1932009727,0.439818181,0,0.06242810785,0.5570019246,0,0.4011706007,False
2911,0,0.1141696849,0.439818181,0,0.04859503742,0.5570019246,0,0.2710612167,False
2912,0,0.4585801875,0.439818181,1,0.08579606694,0.5570019246,0,0.852523508,False
2913,0,0.1912738952,0.439818181,0,0.1252973403,0.5570019246,0,0.3968528114,False
2914,1,0.6446194206,0.439818181,1,0.9073750875,0.5570019246,1,,False
2915,0,0.04046403106,0.439818181,0,0.01195397082,0.5570019246,0,0.1357704855,False
2916,0,0.2618361812,0.439818181,0,0.06386047955,0.5570019246,0,0.5260026866,False
2917,0,0.01028878532,0.439818181,0,0.00820811488,0.5570019246,0,0.04951065055,False
2918,0,0.04157675994,0.439818181,0,0.03527205818,0.5570019246,0,0.1379773556,False
2919,0,0.07873590281,0.439818181,0,0.04309334846,0.5570019246,0,0.2102283631,False
2920,0,0.2010336459,0.439818181,0,0.06376903363,0.5570019246,0,0.4163308386,False
2921,0,0.07987809225,0.439818181,0,0.06014757887,0.5570019246,0,0.2124352332,False
2922,0,0.1427946599,0.439818181,0,0.06416167852,0.5570019246,0,0.3158702744,False
2923,0,0.3991212093,0.439818181,0,0.7154158714,0.5570019246,1,0.7755709077,False
2924,0,0.3502134305,0.439818181,0,0.1312929956,0.5570019246,0,0.6915179428,False
2925,0,0.3981427861,0.439818181,0,0.07410951578,0.5570019246,0,0.7735559394,False
2926,1,0.6359886341,0.439818181,1,0.9057167794,0.5570019246,1,,False
2927,0,0.00507683312,0.439818181,0,0.003735799188,0.5570019246,0,0.02667434274,False
2928,1,0.8001411128,0.439818181,1,0.9469493878,0.5570019246,1,,False
2929,0,0.007972539923,0.439818181,0,0.006706524761,0.5570019246,0,0.03924390712,False
2930,0,0.3598439248,0.439818181,0,0.5026320983,0.5570019246,0,0.7085012474,False
2931,0,0.2283937331,0.439818181,0,0.06825521725,0.5570019246,0,0.4611398964,False
2932,0,0.05310239573,0.439818181,0,0.02281741768,0.5570019246,0,0.1608136634,False
2933,1,0.5978842721,0.439818181,1,0.7250019989,0.5570019246,1,,False
2934,0,0.5631875712,0.439818181,1,0.1211053921,0.5570019246,0,0.9438687392,True
2935,0,0.4545055921,0.439818181,1,0.1169230107,0.5570019246,0,0.8483976204,False
2936,0,0.4971174113,0.439818181,1,0.1562923566,0.5570019246,0,0.8915755133,False
2937,0,0.2078420154,0.439818181,0,0.08330805705,0.5570019246,0,0.4277489925,False
2938,0,0.177744692,0.439818181,0,0.02781570783,0.5570019246,0,0.3735367492,False
2939,0,0.2405700071,0.439818181,0,0.05820817089,0.5570019246,0,0.4860871234,False
2940,0,0.3307271165,0.439818181,0,0.4929799931,0.5570019246,0,0.655824218,False
2941,0,0.03310165825,0.439818181,0,0.02403977213,0.5570019246,0,0.1175398196,False
2942,0,0.3884537761,0.439818181,0,0.1509016092,0.5570019246,0,0.7580118979,False
2943,1,0.7268455216,0.439818181,1,0.8541531234,0.5570019246,1,,False
2944,0,0.02002855276,0.439818181,0,0.005143782459,0.5570019246,0,0.08443676837,False
2945,0,0.1160396471,0.439818181,0,0.07102881196,0.5570019246,0,0.2741316446,False
2946,0,0.2436984829,0.439818181,0,0.06976026603,0.5570019246,0,0.4919401267,False
2947,0,0.03518305463,0.439818181,0,0.01826518805,0.5570019246,0,0.1230090194,False
2948,0,0.04403977391,0.439818181,0,0.0150240874,0.5570019246,0,0.1426789484,False
2949,0,0.0008782447658,0.439818181,0,0.001072781652,0.5570019246,0,0.001631164844,False
2950,0,0.1272478822,0.439818181,0,0.03317517349,0.5570019246,0,0.2913068509,False
2951,1,0.3260018943,0.439818181,0,0.6851103597,0.5570019246,1,,False
2952,0,0.3111913092,0.439818181,0,0.06885235606,0.5570019246,0,0.618787181,False
2953,0,0.238076606,0.439818181,0,0.05065575102,0.5570019246,0,0.4808098254,False
2954,0,0.02769067123,0.439818181,0,0.01776747447,0.5570019246,0,0.103626943,False
2955,0,0.1055103322,0.439818181,0,0.03610681839,0.5570019246,0,0.2553252735,False
2956,0,0.3344626366,0.439818181,0,0.07660781352,0.5570019246,0,0.6632124352,False
2957,0,0.3903633919,0.439818181,0,0.7260721183,0.5570019246,1,0.7616580311,False
2958,0,0.05930144212,0.439818181,0,0.01173361102,0.5570019246,0,0.1750143926,False
2959,0,0.1872315855,0.439818181,0,0.1086981572,0.5570019246,0,0.3896564959,False
2960,0,0.03934035793,0.439818181,0,0.009763839462,0.5570019246,0,0.1333717137,False
2961,0,0.4517792762,0.439818181,1,0.09047857696,0.5570019246,0,0.8448474381,False
2962,0,0.1248705069,0.439818181,0,0.03752503797,0.5570019246,0,0.2862214546,False
2963,0,0.03014848324,0.439818181,0,0.04074490552,0.5570019246,0,0.1095758971,False
2964,0,0.008264340909,0.439818181,0,0.008535604003,0.5570019246,0,0.04049126847,False
2965,0,0.1157097563,0.439818181,0,0.06315185561,0.5570019246,0,0.2735559394,False
2966,0,0.409841958,0.439818181,0,0.1210903713,0.5570019246,0,0.7913068509,False
2967,0,0.05647317895,0.439818181,0,0.0241303608,0.5570019246,0,0.1680099789,False
2968,0,0.5213311635,0.439818181,1,0.4577152287,0.5570019246,0,0.9141239685,True
2969,1,0.7694808321,0.439818181,1,0.8428973939,0.5570019246,1,,False
2970,0,0.2399752763,0.439818181,0,0.3073565305,0.5570019246,0,0.484839762,False
2971,0,0.2551218524,0.439818181,0,0.373737213,0.5570019246,0,0.512857417,False
2972,0,0.1042216591,0.439818181,0,0.03757774088,0.5570019246,0,0.2528305508,False
2973,0,0.3405615624,0.439818181,0,0.08348869186,0.5570019246,0,0.6744386874,False
2974,0,0.09788087954,0.439818181,0,0.06324728037,0.5570019246,0,0.2427557091,False
2975,0,0.2808887608,0.439818181,0,0.4255902147,0.5570019246,0,0.5601611975,False
2976,1,0.4720909164,0.439818181,1,0.7644808579,0.5570019246,1,,False
2977,0,0.05955281295,0.439818181,0,0.02552781633,0.5570019246,0,0.1753981961,False
2978,0,0.02812934432,0.439818181,0,0.01453071953,0.5570019246,0,0.1045864517,False
2979,0,0.1150279735,0.439818181,0,0.04008923584,0.5570019246,0,0.2720207254,False
2980,0,0.004841009064,0.439818181,0,0.00248853074,0.5570019246,0,0.0251871042,False
2981,0,0.008081895349,0.439818181,0,0.006283696593,0.5570019246,0,0.03981961236,False
2982,0,0.02098851622,0.439818181,0,0.01446493637,0.5570019246,0,0.08712339282,False
2983,0,0.4235194226,0.439818181,0,0.08979677235,0.5570019246,0,0.8092496642,False
2984,0,0.08917111455,0.439818181,0,0.02815775754,0.5570019246,0,0.227691422,False
2985,0,0.2415334136,0.439818181,0,0.1121903701,0.5570019246,0,0.4877182882,False
2986,0,0.04939578264,0.439818181,0,0.02089714071,0.5570019246,0,0.1530416427,False
2987,0,0.35471577,0.439818181,0,0.1122721247,0.5570019246,0,0.6983304548,False
2988,0,0.3778408809,0.439818181,0,0.1091600087,0.5570019246,0,0.7427557091,False
2989,0,0.2850283643,0.439818181,0,0.09639658528,0.5570019246,0,0.5682210708,False
2990,0,0.04921763467,0.439818181,0,0.02039590085,0.5570019246,0,0.1525618883,False
2991,1,0.4933887063,0.439818181,1,0.7391955152,0.5570019246,1,,False
2992,0,0.01153134285,0.439818181,0,0.002451676095,0.5570019246,0,0.05517175206,False
2993,0,0.1350766422,0.439818181,0,0.06376708507,0.5570019246,0,0.3044521205,False
2994,1,0.6723242871,0.439818181,1,0.8114103671,0.5570019246,1,,False
2995,0,0.3319135131,0.439818181,0,0.1360955457,0.5570019246,0,0.6582229898,False
2996,0,0.2800762583,0.439818181,0,0.09927562256,0.5570019246,0,0.5584340818,False
2997,0,0.3926119758,0.439818181,0,0.1452760775,0.5570019246,0,0.7651122625,False
2998,0,0.3009450294,0.439818181,0,0.05541996169,0.5570019246,0,0.5995970063,False
2999,0,0.2957362522,0.439818181,0,0.5776620166,0.5570019246,1,0.5885626559,False
3000,0,0.06689887443,0.439818181,0,0.01232686288,0.5570019246,0,0.1889272692,False
3001,0,0.3464723415,0.439818181,0,0.1041468914,0.5570019246,0,0.6857608904,False
3002,0,0.4646071235,0.439818181,1,0.1074660149,0.5570019246,0,0.8582805604,False
3003,0,0.1763480332,0.439818181,0,0.04372292554,0.5570019246,0,0.3709460756,False
3004,0,0.1506913384,0.439818181,0,0.05421270479,0.5570019246,0,0.3292074458,False
3005,0,0.004828399737,0.439818181,0,0.00163881811,0.5570019246,0,0.02504317789,False
3006,0,0.03224069972,0.439818181,0,0.007438746597,0.5570019246,0,0.1145653425,False
3007,0,0.230706758,0.439818181,0,0.102088344,0.5570019246,0,0.4661293418,False
3008,0,0.008872814462,0.439818181,0,0.004944078969,0.5570019246,0,0.04293801574,False
3009,0,0.04537753231,0.439818181,0,0.01344112584,0.5570019246,0,0.1457493763,False
3010,0,0.03402294304,0.439818181,0,0.02477659234,0.5570019246,0,0.1199385914,False
3011,0,0.05284480883,0.439818181,0,0.01434231155,0.5570019246,0,0.1604298599,False
3012,0,0.4115968142,0.439818181,0,0.6426732618,0.5570019246,1,0.7939934753,False
3013,0,0.02917522111,0.439818181,0,0.01417902757,0.5570019246,0,0.1070811744,False
3014,0,0.061033604,0.439818181,0,0.01828172742,0.5570019246,0,0.1779888697,False
3015,1,0.5909906537,0.439818181,1,0.8716460231,0.5570019246,1,,False
3016,0,0.3200318155,0.439818181,0,0.04696981263,0.5570019246,0,0.6366340434,False
3017,0,0.1240265135,0.439818181,0,0.06703458893,0.5570019246,0,0.285165995,False
3018,0,0.5005799773,0.439818181,1,0.1748118126,0.5570019246,0,0.8959892535,False
3019,0,0.04211037406,0.439818181,0,0.01293117513,0.5570019246,0,0.1389368643,False
3020,0,0.4082204562,0.439818181,0,0.1470466034,0.5570019246,0,0.7886202264,False
3021,0,0.04818939026,0.439818181,0,0.006485167567,0.5570019246,0,0.151314527,False
3022,1,0.6559040917,0.439818181,1,0.7525058731,0.5570019246,1,,False
3023,0,0.2165008417,0.439818181,0,0.08011912806,0.5570019246,0,0.4422375744,False
3024,0,0.2897063657,0.439818181,0,0.1253438372,0.5570019246,0,0.576376895,False
3025,0,0.2341890762,0.439818181,0,0.1135444261,0.5570019246,0,0.4734216081,False
3026,0,0.3431302926,0.439818181,0,0.07839491843,0.5570019246,0,0.6786605258,False
3027,0,0.0231801946,0.439818181,0,0.01085314997,0.5570019246,0,0.09355210132,False
3028,0,0.0922023895,0.439818181,0,0.02907277929,0.5570019246,0,0.2339282287,False
3029,0,0.668375152,0.439818181,1,0.184357238,0.5570019246,0,0.9849357129,True
3030,1,0.6817435644,0.439818181,1,0.7552266094,0.5570019246,1,,False
3031,0,0.2992685948,0.439818181,0,0.09520156597,0.5570019246,0,0.5970063328,False
3032,0,0.462298997,0.439818181,1,0.08003462339,0.5570019246,0,0.8559777394,False
3033,0,0.2398789482,0.439818181,0,0.04608262538,0.5570019246,0,0.4847438112,False
3034,0,0.2971979618,0.439818181,0,0.5328804107,0.5570019246,0,0.5922087891,False
3035,0,0.2228777932,0.439818181,0,0.05459381454,0.5570019246,0,0.4526962195,False
3036,0,0.3719155491,0.439818181,0,0.12681149,0.5570019246,0,0.7316254078,False
3037,0,0.3353938496,0.439818181,0,0.07865439275,0.5570019246,0,0.6650355018,False
3038,1,0.4900654128,0.439818181,1,0.7575677261,0.5570019246,1,,False
3039,0,0.286435156,0.439818181,0,0.5224069796,0.5570019246,0,0.5698522357,False
3040,0,0.3793297343,0.439818181,0,0.126459097,0.5570019246,0,0.7457301861,False
3041,1,0.6075357738,0.439818181,1,0.7905272146,0.5570019246,1,,False
3042,0,0.2023004835,0.439818181,0,0.1063747161,0.5570019246,0,0.4184417578,False
3043,0,0.02277638415,0.439818181,0,0.01891723772,0.5570019246,0,0.09240069085,False
3044,0,0.2966324564,0.439818181,0,0.06019542373,0.5570019246,0,0.590769526,False
3045,0,0.1010176787,0.439818181,0,0.04438781693,0.5570019246,0,0.2478411054,False
3046,0,0.1301275991,0.439818181,0,0.08009691491,0.5570019246,0,0.2963922472,False
3047,0,0.04081530097,0.439818181,0,0.02537924461,0.5570019246,0,0.1363461908,False
3048,0,0.1545685539,0.439818181,0,0.03521208407,0.5570019246,0,0.3347725964,False
3049,0,0.02234311234,0.439818181,0,0.01319695244,0.5570019246,0,0.09134523124,False
3050,0,0.140805144,0.439818181,0,0.03971471145,0.5570019246,0,0.3127038956,False
3051,0,0.01018645285,0.439818181,0,0.005786951506,0.5570019246,0,0.04922279793,False
3052,0,0.3264583779,0.439818181,0,0.1437969903,0.5570019246,0,0.6492036078,False
3053,0,0.4445429843,0.439818181,1,0.6288888549,0.5570019246,1,0.8356361543,False
3054,0,0.1832153722,0.439818181,0,0.04674031375,0.5570019246,0,0.3836115909,False
3055,0,0.4240117677,0.439818181,0,0.591158678,0.5570019246,1,0.810113222,False
3056,0,0.1202334116,0.439818181,0,0.05040570079,0.5570019246,0,0.2804644022,False
3057,0,0.1123543637,0.439818181,0,0.02726774383,0.5570019246,0,0.2677029361,False
3058,0,0.172631473,0.439818181,0,0.05357227075,0.5570019246,0,0.3645173671,False
3059,0,0.06120829349,0.439818181,0,0.01883625848,0.5570019246,0,0.1785645749,False
3060,0,0.3127837813,0.439818181,0,0.1328801418,0.5570019246,0,0.6227211668,False
3061,0,0.06543014802,0.439818181,0,0.01737063035,0.5570019246,0,0.1854730378,False
3062,0,0.04682236889,0.439818181,0,0.01741145133,0.5570019246,0,0.1484360008,False
3063,0,0.1309068956,0.439818181,0,0.06545703443,0.5570019246,0,0.2979274611,False
3064,0,0.2689222263,0.439818181,0,0.1087577988,0.5570019246,0,0.5384763001,False
3065,1,0.8181461099,0.439818181,1,0.910329303,0.5570019246,1,,False
3066,0,0.06625558594,0.439818181,0,0.02188905993,0.5570019246,0,0.187583957,False
3067,0,0.5066638554,0.439818181,1,0.1553577981,0.5570019246,0,0.9009786989,True
3068,0,0.4690142335,0.439818181,1,0.128706357,0.5570019246,0,0.8639416619,False
3069,0,0.1823225019,0.439818181,0,0.0655683236,0.5570019246,0,0.3821723278,False
3070,0,0.005834022379,0.439818181,0,0.004958960534,0.5570019246,0,0.03022452504,False
3071,0,0.5736267494,0.439818181,1,0.1709201238,0.5570019246,0,0.9499136442,True
3072,0,0.1821127655,0.439818181,0,0.06248175887,0.5570019246,0,0.3816925734,False
3073,0,0.008480482174,0.439818181,0,0.00723647281,0.5570019246,0,0.04097102284,False
3074,0,0.2134203999,0.439818181,0,0.1117918427,0.5570019246,0,0.4367683746,False
3075,0,0.1198616,0.439818181,0,0.09801815024,0.5570019246,0,0.2797927461,False
3076,0,0.110154749,0.439818181,0,0.05178168462,0.5570019246,0,0.2640568029,False
3077,1,0.6302587534,0.439818181,1,0.7843175087,0.5570019246,1,,False
3078,0,0.02901605393,0.439818181,0,0.01242746935,0.5570019246,0,0.1066014201,False
3079,0,0.2475110788,0.439818181,0,0.07401965043,0.5570019246,0,0.499232393,False
3080,0,0.3097070635,0.439818181,0,0.1036441793,0.5570019246,0,0.6161005565,False
3081,0,0.2438615294,0.439818181,0,0.05112111363,0.5570019246,0,0.4921320284,False
3082,0,0.3228380735,0.439818181,0,0.1237037622,0.5570019246,0,0.6421032431,False
3083,0,0.4087312244,0.439818181,0,0.05153857334,0.5570019246,0,0.7892918826,False
3084,0,0.3076961906,0.439818181,0,0.08361124321,0.5570019246,0,0.6129341777,False
3085,0,0.1761146707,0.439818181,0,0.06510278052,0.5570019246,0,0.370658223,False
3086,0,0.01524275402,0.439818181,0,0.003970632939,0.5570019246,0,0.06802916907,False
3087,0,0.09364936131,0.439818181,0,0.0481988649,0.5570019246,0,0.2363270006,False
3088,0,0.2978769326,0.439818181,0,0.08944620503,0.5570019246,0,0.5943197083,False
3089,0,0.1093451955,0.439818181,0,0.04695850442,0.5570019246,0,0.2625215889,False
3090,0,0.3391792391,0.439818181,0,0.1022669151,0.5570019246,0,0.6716561121,False
3091,0,0.01077005214,0.439818181,0,0.006320942177,0.5570019246,0,0.05162156976,False
3092,0,0.5194943007,0.439818181,1,0.5924504915,0.5570019246,1,0.9123009019,True
3093,0,0.2740703006,0.439818181,0,0.2855494044,0.5570019246,0,0.5468240261,False
3094,0,0.3951566806,0.439818181,0,0.06838105288,0.5570019246,0,0.7697179044,False
3095,1,0.6638550014,0.439818181,1,0.8381030002,0.5570019246,1,,False
3096,0,0.106473604,0.439818181,0,0.02458252238,0.5570019246,0,0.2572442909,False
3097,0,0.02395505441,0.439818181,0,0.007611907941,0.5570019246,0,0.09527921704,False
3098,0,0.2754970744,0.439818181,0,0.06160500253,0.5570019246,0,0.5491268471,False
3099,0,0.2514614271,0.439818181,0,0.07737709227,0.5570019246,0,0.5054691998,False
3100,0,0.2155091305,0.439818181,0,0.07664671508,0.5570019246,0,0.4398388025,False
3101,0,0.003420301203,0.439818181,0,0.00361401741,0.5570019246,0,0.01832661677,False
3102,0,0.04080509816,0.439818181,0,0.01819332118,0.5570019246,0,0.1362502399,False
3103,0,0.1635323654,0.439818181,0,0.05988839543,0.5570019246,0,0.3496449818,False
3104,0,0.07362460125,0.439818181,0,0.01887107314,0.5570019246,0,0.2010170793,False
3105,0,0.1018509139,0.439818181,0,0.04058170017,0.5570019246,0,0.2490884667,False
3106,0,0.290000154,0.439818181,0,0.4783943341,0.5570019246,0,0.577144502,False
3107,0,0.1116545541,0.439818181,0,0.02277488551,0.5570019246,0,0.2660717713,False
3108,0,0.03660833624,0.439818181,0,0.01529966785,0.5570019246,0,0.1275187104,False
3109,0,0.01737610904,0.439818181,0,0.01529580637,0.5570019246,0,0.07666474765,False
3110,0,0.5013164899,0.439818181,1,0.06644904818,0.5570019246,0,0.8965649587,False
3111,1,0.4991178986,0.439818181,1,0.8878068075,0.5570019246,1,,False
3112,0,0.1827913357,0.439818181,0,0.04445247621,0.5570019246,0,0.3829399348,False
3113,0,0.01815505914,0.439818181,0,0.009933069307,0.5570019246,0,0.07810401075,False
3114,0,0.2576327646,0.439818181,0,0.1038593942,0.5570019246,0,0.5180387642,False
3115,0,0.1602200478,0.439818181,0,0.06336242799,0.5570019246,0,0.3445595855,False
3116,0,0.1659875399,0.439818181,0,0.03370867945,0.5570019246,0,0.3545384763,False
3117,0,0.6653002735,0.439818181,1,0.2111492659,0.5570019246,0,0.9838802533,True
3118,0,0.3991293118,0.439818181,0,0.5501099554,0.5570019246,0,0.7756668586,False
3119,0,0.1073144325,0.439818181,0,0.04181627304,0.5570019246,0,0.2584916523,False
3120,0,0.08782908936,0.439818181,0,0.4255951604,0.5570019246,0,0.2251007484,False
3121,1,0.3329284712,0.439818181,0,0.7123405602,0.5570019246,1,,False
3122,0,0.363909077,0.439818181,0,0.07029420968,0.5570019246,0,0.7166570716,False
3123,0,0.3787684085,0.439818181,0,0.1042910983,0.5570019246,0,0.7445787757,False
3124,0,0.6033528093,0.439818181,1,0.1636619422,0.5570019246,0,0.9638265208,True
3125,0,0.04100841967,0.439818181,0,0.01323070849,0.5570019246,0,0.1367299942,False
3126,0,0.473894227,0.439818181,1,0.1050863667,0.5570019246,0,0.869123009,False
3127,0,0.02067154278,0.439818181,0,0.01446872824,0.5570019246,0,0.08664363846,False
3128,0,0.3557132275,0.439818181,0,0.2230519763,0.5570019246,0,0.7002494723,False
3129,0,0.07983541751,0.439818181,0,0.03062134945,0.5570019246,0,0.2123392823,False
3130,1,0.6552121216,0.439818181,1,0.8316884848,0.5570019246,1,,False
3131,1,0.7438993551,0.439818181,1,0.921411978,0.5570019246,1,,False
3132,0,0.02136392214,0.439818181,0,0.01319586108,0.5570019246,0,0.08865860679,False
3133,0,0.1862645656,0.439818181,0,0.04004197231,0.5570019246,0,0.3876415275,False
3134,1,0.6738465822,0.439818181,1,0.8477586316,0.5570019246,1,,False
3135,0,0.03470515543,0.439818181,0,0.013145374,0.5570019246,0,0.1221454615,False
3136,0,0.03540347112,0.439818181,0,0.02840583431,0.5570019246,0,0.1236806755,False
3137,0,0.004880617494,0.439818181,0,0.0008455883733,0.5570019246,0,0.02552293226,False
3138,0,0.003210388803,0.439818181,0,0.001029110786,0.5570019246,0,0.01664747649,False
3139,0,0.002081525196,0.439818181,0,0.0002271932784,0.5570019246,0,0.01065054692,False
3140,0,0.4692333022,0.439818181,1,0.09303820375,0.5570019246,0,0.8643254654,False
3141,0,0.3468496821,0.439818181,0,0.08015473819,0.5570019246,0,0.6863365957,False
3142,0,0.05485722804,0.439818181,0,0.03279409429,0.5570019246,0,0.163404337,False
3143,0,0.01863706234,0.439818181,0,0.005681575412,0.5570019246,0,0.07954327384,False
3144,0,0.2445976044,0.439818181,0,0.09983700874,0.5570019246,0,0.493955095,False
3145,0,0.4252032276,0.439818181,0,0.145568087,0.5570019246,0,0.811648436,False
3146,0,0.1953593398,0.439818181,0,0.05571653348,0.5570019246,0,0.4052005373,False
3147,0,0.3259878193,0.439818181,0,0.5111148039,0.5570019246,0,0.6475724429,False
3148,0,0.05185792993,0.439818181,0,0.03017052778,0.5570019246,0,0.1591824986,False
3149,0,0.5182284216,0.439818181,1,0.4283484383,0.5570019246,0,0.9112454423,True
3150,1,0.5198982482,0.439818181,1,0.766944694,0.5570019246,1,,False
3151,0,0.05634459033,0.439818181,0,0.03085817729,0.5570019246,0,0.1672423719,False
3152,0,0.07370778925,0.439818181,0,0.02204259517,0.5570019246,0,0.201208981,False
3153,0,0.1780239805,0.439818181,0,0.06088595344,0.5570019246,0,0.3743043562,False
3154,1,0.5733031824,0.439818181,1,0.7816012534,0.5570019246,1,,False
3155,0,0.4259523734,0.439818181,0,0.08771536504,0.5570019246,0,0.812416043,False
3156,0,0.3866856656,0.439818181,0,0.1174374959,0.5570019246,0,0.7547495682,False
3157,0,0.2466572552,0.439818181,0,0.2996147981,0.5570019246,0,0.4973133756,False
3158,0,0.002049306561,0.439818181,0,0.0003257289795,0.5570019246,0,0.01017079255,False
3159,0,0.1861187214,0.439818181,0,0.05837979118,0.5570019246,0,0.3874496258,False
3160,0,0.06719330747,0.439818181,0,0.03728484139,0.5570019246,0,0.1892151219,False
3161,0,0.2109818306,0.439818181,0,0.2346314214,0.5570019246,0,0.4335060449,False
3162,0,0.1490575749,0.439818181,0,0.04115357683,0.5570019246,0,0.3262329687,False
3163,0,0.4515480115,0.439818181,1,0.1962556069,0.5570019246,0,0.8444636346,False
3164,0,0.2627165452,0.439818181,0,0.06777754822,0.5570019246,0,0.5281136058,False
3165,1,0.6409519676,0.439818181,1,0.774316983,0.5570019246,1,,False
3166,0,0.1866350406,0.439818181,0,0.05102020866,0.5570019246,0,0.3885050854,False
3167,0,0.0511965529,0.439818181,0,0.02901964445,0.5570019246,0,0.1575513337,False
3168,0,0.0009077444233,0.439818181,0,0.001325975693,0.5570019246,0,0.00182306659,False
3169,0,0.4966016085,0.439818181,1,0.1465395683,0.5570019246,0,0.8912876607,False
3170,0,0.1936303376,0.439818181,0,0.3012545888,0.5570019246,0,0.4020341585,False
3171,0,0.01588056293,0.439818181,0,0.01104916857,0.5570019246,0,0.06966033391,False
3172,1,0.6717335959,0.439818181,1,0.8793273428,0.5570019246,1,,False
3173,0,0.5383102329,0.439818181,1,0.1776466303,0.5570019246,0,0.9261178277,True
3174,0,0.01046138257,0.439818181,0,0.001752084495,0.5570019246,0,0.0507580119,False
3175,0,0.3437884698,0.439818181,0,0.05753063663,0.5570019246,0,0.6805795433,False
3176,0,0.2263012854,0.439818181,0,0.07212320569,0.5570019246,0,0.4577816158,False
3177,0,0.1179874709,0.439818181,0,0.03691407888,0.5570019246,0,0.2776818269,False
3178,0,0.4630512586,0.439818181,1,0.1911629819,0.5570019246,0,0.8568412973,False
3179,0,0.3807994664,0.439818181,0,0.149721144,0.5570019246,0,0.748128958,False
3180,0,0.2784797514,0.439818181,0,0.117127959,0.5570019246,0,0.5552677029,False
3181,0,0.0354976309,0.439818181,0,0.01757730809,0.5570019246,0,0.1242563807,False
3182,0,0.005230172717,0.439818181,0,4.36708654e-05,0.5570019246,0,0.02782575321,False
3183,0,0.02722162193,0.439818181,0,0.01327667475,0.5570019246,0,0.102859336,False
3184,0,0.057986509,0.439818181,0,0.03046036792,0.5570019246,0,0.1713682595,False
3185,1,0.6596357088,0.439818181,1,0.8343805381,0.5570019246,1,,False
3186,0,0.3426959305,0.439818181,0,0.1714635549,0.5570019246,0,0.677796968,False
3187,0,0.4361844748,0.439818181,0,0.1283692086,0.5570019246,0,0.8248896565,False
3188,0,0.005975352274,0.439818181,0,0.004476366373,0.5570019246,0,0.03156783727,False
3189,0,0.3805412612,0.439818181,0,0.06961913453,0.5570019246,0,0.7478411054,False
3190,0,0.4994576561,0.439818181,1,0.1552857874,0.5570019246,0,0.8947418922,False
3191,1,0.6854517509,0.439818181,1,0.9244663999,0.5570019246,1,,False
3192,0,0.1677906509,0.439818181,0,0.3718758988,0.5570019246,0,0.3577048551,False
3193,0,0.01827691584,0.439818181,0,0.007861255546,0.5570019246,0,0.07858376511,False
3194,1,0.6592357263,0.439818181,1,0.8379539824,0.5570019246,1,,False
3195,1,0.5207924115,0.439818181,1,0.9022423886,0.5570019246,1,,False
3196,0,0.2831610665,0.439818181,0,0.4101007724,0.5570019246,0,0.564287085,False
3197,0,0.1035927282,0.439818181,0,0.08494688761,0.5570019246,0,0.2520629438,False
3198,0,0.4936315812,0.439818181,1,0.1766681744,0.5570019246,0,0.8875455767,False
3199,0,0.07904069272,0.439818181,0,0.04846860416,0.5570019246,0,0.2109000192,False
3200,0,0.1530938946,0.439818181,0,0.03812875958,0.5570019246,0,0.3325657263,False
3201,0,0.3787595856,0.439818181,0,0.5110134646,0.5570019246,0,0.7443868739,False
3202,0,0.2307940518,0.439818181,0,0.05334360727,0.5570019246,0,0.4666090961,False
3203,1,0.6510385974,0.439818181,1,0.7741857104,0.5570019246,1,,False
3204,0,0.3363228291,0.439818181,0,0.1024175952,0.5570019246,0,0.6667626175,False
3205,0,0.07893426644,0.439818181,0,0.05434575576,0.5570019246,0,0.2106121666,False
3206,0,0.148257995,0.439818181,0,0.08191129228,0.5570019246,0,0.3246018039,False
3207,0,0.3557202083,0.439818181,0,0.3719650259,0.5570019246,0,0.7003454231,False
3208,0,0.4853501897,0.439818181,1,0.7684621474,0.5570019246,1,0.8809249664,False
3209,0,0.4621152723,0.439818181,1,0.1066000311,0.5570019246,0,0.8557858377,False
3210,0,0.1429836827,0.439818181,0,0.0305081099,0.5570019246,0,0.316158127,False
3211,0,0.1268043534,0.439818181,0,0.04553468408,0.5570019246,0,0.2906351948,False
3212,0,0.378636281,0.439818181,0,0.4972244208,0.5570019246,0,0.7440990213,False
3213,0,0.005669167789,0.439818181,0,0.001029110786,0.5570019246,0,0.02955286893,False
3214,0,0.4006292712,0.439818181,0,0.1536745301,0.5570019246,0,0.7785453848,False
3215,0,0.4502069621,0.439818181,1,0.06319376159,0.5570019246,0,0.8430243715,False
3216,0,0.2717883428,0.439818181,0,0.4191761607,0.5570019246,0,0.5424102859,False
3217,0,0.356382626,0.439818181,0,0.06652067155,0.5570019246,0,0.7014008827,False
3218,0,0.4175983927,0.439818181,0,0.07127672234,0.5570019246,0,0.8011897908,False
3219,0,0.1311845204,0.439818181,0,0.04603772642,0.5570019246,0,0.2983112646,False
3220,1,0.6522258728,0.439818181,1,0.8831248419,0.5570019246,1,,False
3221,1,0.6171792673,0.439818181,1,0.9058009544,0.5570019246,1,,False
3222,0,0.3030850832,0.439818181,0,0.4351870451,0.5570019246,0,0.6031471886,False
3223,0,0.1001875491,0.439818181,0,0.0369842382,0.5570019246,0,0.2464018423,False
3224,0,0.006380758425,0.439818181,0,0.0008637021938,0.5570019246,0,0.03377470735,False
3225,0,0.09335374914,0.439818181,0,0.06324702972,0.5570019246,0,0.236039148,False
3226,0,0.01116606228,0.439818181,0,0.003473241199,0.5570019246,0,0.05354058722,False
3227,0,0.3879031207,0.439818181,0,0.4423710154,0.5570019246,0,0.7568604874,False
3228,0,0.2609553519,0.439818181,0,0.2820651403,0.5570019246,0,0.5236039148,False
3229,0,0.4391608998,0.439818181,0,0.1809513598,0.5570019246,0,0.8280560353,False
3230,0,0.251303571,0.439818181,0,0.05897728507,0.5570019246,0,0.505277298,False
3231,0,0.07426455394,0.439818181,0,0.04499108063,0.5570019246,0,0.2022644406,False
3232,0,0.01664516079,0.439818181,0,0.0110776917,0.5570019246,0,0.0734503934,False
3233,0,0.09628251099,0.439818181,0,0.02940976551,0.5570019246,0,0.2399731338,False
3234,0,0.4680492369,0.439818181,1,0.09468399877,0.5570019246,0,0.8626943005,False
3235,0,0.2792909395,0.439818181,0,0.09571745527,0.5570019246,0,0.5568988678,False
3236,0,0.4635692717,0.439818181,1,0.08749167606,0.5570019246,0,0.8574170025,False
3237,0,0.3439728865,0.439818181,0,0.08253862192,0.5570019246,0,0.6810592976,False
3238,0,0.2558148542,0.439818181,0,0.07871596047,0.5570019246,0,0.514392631,False
3239,0,0.2493494109,0.439818181,0,0.08460983643,0.5570019246,0,0.5023987718,False
3240,0,0.4678490989,0.439818181,1,0.1115418474,0.5570019246,0,0.8620226444,False
3241,1,0.5515852522,0.439818181,1,0.8666283102,0.5570019246,1,,False
3242,0,0.05155469869,0.439818181,0,0.01574566022,0.5570019246,0,0.1582229898,False
3243,0,0.3332190153,0.439818181,0,0.08300008893,0.5570019246,0,0.6608136634,False
3244,0,0.5178660004,0.439818181,1,0.1107914094,0.5570019246,0,0.9106697371,True
3245,0,0.305718974,0.439818181,0,0.3148298644,0.5570019246,0,0.6085204375,False
3246,0,0.06974228028,0.439818181,0,0.01848548001,0.5570019246,0,0.1946843216,False
3247,0,0.4296964347,0.439818181,0,0.081916477,0.5570019246,0,0.8158702744,False
3248,0,0.2836257589,0.439818181,0,0.09662894919,0.5570019246,0,0.5652465937,False
3249,0,0.3803582194,0.439818181,0,0.5759492307,0.5570019246,1,0.747361351,False
3250,0,0.1510464149,0.439818181,0,0.03317559947,0.5570019246,0,0.3298791019,False
3251,0,0.03447124648,0.439818181,0,0.008473176331,0.5570019246,0,0.121761658,False
3252,0,0.2714364824,0.439818181,0,0.0704208269,0.5570019246,0,0.5420264824,False
3253,0,0.09234181651,0.439818181,0,0.0351941728,0.5570019246,0,0.2340241796,False
3254,0,0.1743936704,0.439818181,0,0.1099079904,0.5570019246,0,0.3676837459,False
3255,0,0.4021848017,0.439818181,0,0.1324617813,0.5570019246,0,0.780656304,False
3256,0,0.01262503608,0.439818181,0,0.0104669431,0.5570019246,0,0.05881788524,False
3257,0,0.4312753486,0.439818181,0,0.05913472803,0.5570019246,0,0.8180771445,False
3258,0,0.03158306839,0.439818181,0,0.01815021194,0.5570019246,0,0.1133179812,False
3259,0,0.03548907371,0.439818181,0,0.008642983938,0.5570019246,0,0.1241604299,False
3260,0,0.1656381998,0.439818181,0,0.09317250551,0.5570019246,0,0.3534830167,False
3261,0,0.3597888078,0.439818181,0,0.4773227951,0.5570019246,0,0.7083093456,False
3262,0,0.1600832332,0.439818181,0,0.04322893368,0.5570019246,0,0.3442717329,False
3263,0,0.03518424886,0.439818181,0,0.01524830263,0.5570019246,0,0.1231049703,False
3264,0,0.2519670723,0.439818181,0,0.1102754704,0.5570019246,0,0.5064287085,False
3265,0,0.05207188053,0.439818181,0,0.02601420479,0.5570019246,0,0.1594703512,False
3266,0,0.002319687784,0.439818181,0,0.001655860857,0.5570019246,0,0.01256956438,False
3267,0,0.3130832915,0.439818181,0,0.6022680161,0.5570019246,1,0.6233928229,False
3268,0,0.1301543437,0.439818181,0,0.05748733943,0.5570019246,0,0.296488198,False
3269,0,0.2609681324,0.439818181,0,0.4178855684,0.5570019246,0,0.5236998657,False
3270,0,0.006136981942,0.439818181,0,0.002976257589,0.5570019246,0,0.03238341969,False
3271,0,0.08000813699,0.439818181,0,0.0360414997,0.5570019246,0,0.212531184,False
3272,0,0.4418657475,0.439818181,1,0.6504350889,0.5570019246,1,0.8323738246,False
3273,0,0.0008782447658,0.439818181,0,0.001072781652,0.5570019246,0,0.001631164844,False
3274,0,0.2852262079,0.439818181,0,0.06053361681,0.5570019246,0,0.5684129726,False
3275,0,0.1430925631,0.439818181,0,0.03297108518,0.5570019246,0,0.3162540779,False
3276,0,0.04010893401,0.439818181,0,0.01394205032,0.5570019246,0,0.1350988294,False
3277,0,0.461337862,0.439818181,1,0.1223046637,0.5570019246,0,0.854730378,False
3278,0,0.3103629592,0.439818181,0,0.1270303353,0.5570019246,0,0.6173479179,False
3279,0,0.05507983756,0.439818181,0,0.01076818448,0.5570019246,0,0.1642678948,False
3280,0,0.06980021404,0.439818181,0,0.0248445633,0.5570019246,0,0.1949721742,False
3281,0,0.3318608706,0.439818181,0,0.07405683907,0.5570019246,0,0.6580310881,False
3282,0,0.0006572658655,0.439818181,0,0.0008824432897,0.5570019246,0,0.0005757052389,False
3283,0,0.05692687234,0.439818181,0,0.02436478758,0.5570019246,0,0.1687775859,False
3284,0,0.01465371175,0.439818181,0,0.006339681526,0.5570019246,0,0.06553444636,False
3285,1,0.5896273843,0.439818181,1,0.772134296,0.5570019246,1,,False
3286,0,0.002159990251,0.439818181,0,0.002682245671,0.5570019246,0,0.01103435041,False
3287,0,0.4796093412,0.439818181,1,0.7908747067,0.5570019246,1,0.8761274228,False
3288,0,0.1368684517,0.439818181,0,0.03577385355,0.5570019246,0,0.3066589906,False
3289,0,0.03516300866,0.439818181,0,0.03904510166,0.5570019246,0,0.1229130685,False
3290,0,0.1640435135,0.439818181,0,0.07307132511,0.5570019246,0,0.3503166379,False
3291,0,0.5641328776,0.439818181,1,0.0927270616,0.5570019246,0,0.9443484936,True
3292,0,0.09736575096,0.439818181,0,0.04448268826,0.5570019246,0,0.2416042986,False
3293,0,0.2525602992,0.439818181,0,0.05430250119,0.5570019246,0,0.5073882172,False
3294,1,0.606031748,0.439818181,1,0.8119297783,0.5570019246,1,,False
3295,0,0.04840498853,0.439818181,0,0.01565374658,0.5570019246,0,0.1516983305,False
3296,0,0.0148284093,0.439818181,0,0.005103301375,0.5570019246,0,0.0661101516,False
3297,0,0.4649943879,0.439818181,1,0.1311977472,0.5570019246,0,0.8586643638,False
3298,0,0.2941161566,0.439818181,0,0.07100617177,0.5570019246,0,0.5853003262,False
3299,0,0.1471297659,0.439818181,0,0.04345085826,0.5570019246,0,0.3227787373,False
3300,0,0.2024212849,0.439818181,0,0.06536099341,0.5570019246,0,0.4188255613,False
3301,0,0.1182464757,0.439818181,0,0.06067495995,0.5570019246,0,0.2778737287,False
3302,0,0.1319513157,0.439818181,0,0.04760376221,0.5570019246,0,0.2994626751,False
3303,0,0.1959025223,0.439818181,0,0.05690091107,0.5570019246,0,0.4063519478,False
3304,0,0.429437846,0.439818181,0,0.1068129727,0.5570019246,0,0.8156783727,False
3305,0,0.1290754256,0.439818181,0,0.03647491667,0.5570019246,0,0.2944732297,False
3306,0,0.008963423581,0.439818181,0,0.00415626878,0.5570019246,0,0.04327384379,False
3307,0,0.1856460128,0.439818181,0,0.0588787405,0.5570019246,0,0.3867779697,False
3308,1,0.4935365079,0.439818181,1,0.838454046,0.5570019246,1,,False
3309,0,0.2153254171,0.439818181,0,0.2251088218,0.5570019246,0,0.4397428517,False
3310,0,0.3209759322,0.439818181,0,0.09282669861,0.5570019246,0,0.63845711,False
3311,0,0.4409048085,0.439818181,1,0.0987681192,0.5570019246,0,0.8308386106,False
3312,0,0.0691910781,0.439818181,0,0.01715086268,0.5570019246,0,0.1933410094,False
3313,1,0.6234997868,0.439818181,1,0.8865305074,0.5570019246,1,,False
3314,0,0.1632921595,0.439818181,0,0.07857280391,0.5570019246,0,0.34945308,False
3315,0,0.25553318,0.439818181,0,0.09291716443,0.5570019246,0,0.5138169257,False
3316,0,0.2080681164,0.439818181,0,0.1096522936,0.5570019246,0,0.4288044521,False
3317,0,0.2071244911,0.439818181,0,0.06671901981,0.5570019246,0,0.4267894838,False
3318,1,0.7740441556,0.439818181,1,0.9222854637,0.5570019246,1,,False
3319,0,0.1266360115,0.439818181,0,0.05622718743,0.5570019246,0,0.290443293,False
3320,0,0.006170287593,0.439818181,0,0.003914423902,0.5570019246,0,0.032527346,False
3321,1,0.6679083521,0.439818181,1,0.8733450461,0.5570019246,1,,False
3322,0,0.3432082202,0.439818181,0,0.4136617596,0.5570019246,0,0.6788524276,False
3323,0,0.2136409886,0.439818181,0,0.0700042598,0.5570019246,0,0.4368643255,False
3324,0,0.4085732262,0.439818181,0,0.09159905096,0.5570019246,0,0.7890999808,False
3325,0,0.2936723808,0.439818181,0,0.08168822296,0.5570019246,0,0.5842448666,False
3326,0,0.04774190791,0.439818181,0,0.02180113749,0.5570019246,0,0.15054692,False
3327,0,0.301953873,0.439818181,0,0.07916230026,0.5570019246,0,0.6010362694,False
3328,0,0.03204990549,0.439818181,0,0.009689430819,0.5570019246,0,0.1144693917,False
3329,0,0.316101967,0.439818181,0,0.1059552332,0.5570019246,0,0.6291498753,False
3330,0,0.349298268,0.439818181,0,0.1001936843,0.5570019246,0,0.6905584341,False
3331,0,0.001127084239,0.439818181,0,0.0004880979599,0.5570019246,0,0.004029936672,False
3332,0,0.007092547016,0.439818181,0,0.004708421309,0.5570019246,0,0.03655728267,False
3333,0,0.6244028065,0.439818181,1,0.1283838076,0.5570019246,0,0.9711187872,True
3334,0,0.3550152951,0.439818181,0,0.07805904148,0.5570019246,0,0.69890616,False
3335,0,0.3131758197,0.439818181,0,0.5521343792,0.5570019246,0,0.6237766264,False
3336,0,0.07008512444,0.439818181,0,0.02477511858,0.5570019246,0,0.1954519286,False
3337,0,0.2288818807,0.439818181,0,0.09674389938,0.5570019246,0,0.4620034542,False
3338,0,0.6251974181,0.439818181,1,0.1797962347,0.5570019246,0,0.9713106889,True
3339,1,0.7225130508,0.439818181,1,0.8381366342,0.5570019246,1,,False
3340,0,0.09277014636,0.439818181,0,0.05467330325,0.5570019246,0,0.2350796392,False
3341,1,0.6516114687,0.439818181,1,0.8622944023,0.5570019246,1,,False
3342,1,0.6542928043,0.439818181,1,0.7761247114,0.5570019246,1,,False
3343,0,0.118982906,0.439818181,0,0.06746445499,0.5570019246,0,0.2786413356,False
3344,0,0.07980237685,0.439818181,0,0.02520668994,0.5570019246,0,0.2122433314,False
3345,0,0.05192317591,0.439818181,0,0.02532817024,0.5570019246,0,0.1592784494,False
3346,1,0.6587713321,0.439818181,1,0.7752863338,0.5570019246,1,,False
3347,0,0.4460042878,0.439818181,1,0.06954913072,0.5570019246,0,0.8380349261,False
3348,0,0.09645243969,0.439818181,0,0.04020570934,0.5570019246,0,0.2403569372,False
3349,0,0.3902119405,0.439818181,0,0.3484299219,0.5570019246,0,0.7613701785,False
3350,0,0.009464688395,0.439818181,0,0.006292142482,0.5570019246,0,0.04471310689,False
3351,0,0.2371224564,0.439818181,0,0.06932909056,0.5570019246,0,0.4786029553,False
3352,0,0.02497914304,0.439818181,0,0.01043859591,0.5570019246,0,0.09652657839,False
3353,0,0.09833862972,0.439818181,0,0.03715003406,0.5570019246,0,0.2435233161,False
3354,0,0.1630092806,0.439818181,0,0.03295431587,0.5570019246,0,0.3491652274,False
3355,0,0.2307361055,0.439818181,0,0.06845715958,0.5570019246,0,0.4664171944,False
3356,1,0.7672894817,0.439818181,1,0.9360682511,0.5570019246,1,,False
3357,0,0.254323863,0.439818181,0,0.06861051675,0.5570019246,0,0.5111303013,False
3358,0,0.3196192461,0.439818181,0,0.07086071927,0.5570019246,0,0.6357704855,False
3359,0,0.1568198283,0.439818181,0,0.04424358594,0.5570019246,0,0.3380349261,False
3360,0,0.3597139786,0.439818181,0,0.3953511346,0.5570019246,0,0.7081174439,False
3361,1,0.5491125019,0.439818181,1,0.8171928978,0.5570019246,1,,False
3362,0,0.01069546308,0.439818181,0,0.002395393673,0.5570019246,0,0.05123776626,False
3363,0,0.113014279,0.439818181,0,0.0344256096,0.5570019246,0,0.2687583957,False
3364,0,0.1567013115,0.439818181,0,0.03393886332,0.5570019246,0,0.3377470735,False
3365,0,0.3411387386,0.439818181,0,0.1088382274,0.5570019246,0,0.6752062944,False
3366,0,0.08582837682,0.439818181,0,0.09619158977,0.5570019246,0,0.2227019766,False
3367,0,0.5189040722,0.439818181,1,0.1707682366,0.5570019246,0,0.9117251967,True
3368,0,0.004113270277,0.439818181,0,0.00259088932,0.5570019246,0,0.02230857801,False
3369,0,0.1478345973,0.439818181,0,0.0574424925,0.5570019246,0,0.3240260986,False
3370,0,0.3479795496,0.439818181,0,0.08453414379,0.5570019246,0,0.6880637114,False
3371,0,0.3122731689,0.439818181,0,0.5012138917,0.5570019246,0,0.6212819037,False
3372,0,0.3610479586,0.439818181,0,0.1077324562,0.5570019246,0,0.7107081174,False
3373,0,0.2206717582,0.439818181,0,0.09697643662,0.5570019246,0,0.4488581846,False
3374,1,0.6577422204,0.439818181,1,0.8224909023,0.5570019246,1,,False
3375,0,0.4042683943,0.439818181,0,0.08067153568,0.5570019246,0,0.7837267319,False
3376,0,0.0903428675,0.439818181,0,0.05250138269,0.5570019246,0,0.2302820956,False
3377,0,0.02294102481,0.439818181,0,0.003690323213,0.5570019246,0,0.09278449434,False
3378,1,0.6506627691,0.439818181,1,0.7893564653,0.5570019246,1,,False
3379,0,0.1258100823,0.439818181,0,0.3852492826,0.5570019246,0,0.2883323738,False
3380,0,0.2594077984,0.439818181,0,0.05446127627,0.5570019246,0,0.5216848973,False
3381,1,0.5564726778,0.439818181,1,0.8478446543,0.5570019246,1,,False
3382,1,0.7824983632,0.439818181,1,0.9168793332,0.5570019246,1,,False
3383,0,0.02269977678,0.439818181,0,0.007761167355,0.5570019246,0,0.09211283823,False
3384,0,0.05430577471,0.439818181,0,0.0286604207,0.5570019246,0,0.1624448282,False
3385,0,0.3384396677,0.439818181,0,0.07436240122,0.5570019246,0,0.6703127998,False
3386,0,0.1219720019,0.439818181,0,0.03788791973,0.5570019246,0,0.2820955671,False
3387,0,0.02036784269,0.439818181,0,0.01172265935,0.5570019246,0,0.08549222798,False
3388,0,0.5256416943,0.439818181,1,0.1005850358,0.5570019246,0,0.9174822491,True
3389,0,0.2389900308,0.439818181,0,0.08825495735,0.5570019246,0,0.4827288428,False
3390,0,0.1007955907,0.439818181,0,0.02988488855,0.5570019246,0,0.2470734984,False
3391,0,0.1521792948,0.439818181,0,0.07516590462,0.5570019246,0,0.3312224141,False
3392,0,0.03483971587,0.439818181,0,0.01139885631,0.5570019246,0,0.1224333141,False
3393,0,0.3161067411,0.439818181,0,0.4005753759,0.5570019246,0,0.6292458261,False
3394,1,0.6795785064,0.439818181,1,0.884979095,0.5570019246,1,,False
3395,0,0.01415782952,0.439818181,0,0.009042581822,0.5570019246,0,0.06351947803,False
3396,0,0.6353476072,0.439818181,1,0.08794210901,0.5570019246,0,0.9741892151,True
3397,0,0.3580234382,0.439818181,0,0.08297884043,0.5570019246,0,0.7054308194,False
3398,1,0.6001343251,0.439818181,1,0.6737307353,0.5570019246,1,,False
3399,1,0.5032521613,0.439818181,1,0.5794837749,0.5570019246,1,,False
3400,0,0.219547689,0.439818181,0,0.07541079957,0.5570019246,0,0.4473229706,False
3401,0,0.05552629122,0.439818181,0,0.01400877697,0.5570019246,0,0.1655152562,False
3402,0,0.2159716962,0.439818181,0,0.09839756368,0.5570019246,0,0.4407983113,False
3403,0,0.2201187635,0.439818181,0,0.6683424983,0.5570019246,1,0.447802725,False
3404,0,0.1027153088,0.439818181,0,0.03787037696,0.5570019246,0,0.2505277298,False
3405,1,0.6334945127,0.439818181,1,0.8583099989,0.5570019246,1,,False
3406,0,0.3912448235,0.439818181,0,0.4384964416,0.5570019246,0,0.7630972942,False
3407,0,0.05314973268,0.439818181,0,0.01395721022,0.5570019246,0,0.1609096143,False
3408,0,0.1846181868,0.439818181,0,0.1772960698,0.5570019246,0,0.3851468048,False
3409,0,0.1751784106,0.439818181,0,0.1105533108,0.5570019246,0,0.369123009,False
3410,0,0.09712015217,0.439818181,0,0.0316026453,0.5570019246,0,0.2410285934,False
3411,0,0.3853694972,0.439818181,0,0.06338421876,0.5570019246,0,0.7535981577,False
3412,0,0.5028098393,0.439818181,1,0.1241444029,0.5570019246,0,0.8981001727,False
3413,0,0.1955672138,0.439818181,0,0.1676905313,0.5570019246,0,0.4060640952,False
3414,0,0.2448290724,0.439818181,0,0.3929250207,0.5570019246,0,0.494722702,False
3415,0,0.2598009371,0.439818181,0,0.07267613699,0.5570019246,0,0.5220687008,False
3416,0,0.00318776615,0.439818181,0,0.002391879801,0.5570019246,0,0.01650355018,False
3417,0,0.003348153511,0.439818181,0,0.006733431692,0.5570019246,0,0.01755900979,False
3418,0,0.2192652449,0.439818181,0,0.05668849544,0.5570019246,0,0.4469391671,False
3419,0,0.0295871463,0.439818181,0,0.0112687914,0.5570019246,0,0.1080406832,False
3420,0,0.4775398478,0.439818181,1,0.06886747301,0.5570019246,0,0.8733448474,False
3421,1,0.6155795633,0.439818181,1,0.829993354,0.5570019246,1,,False
3422,0,0.4836583077,0.439818181,1,0.5203929509,0.5570019246,0,0.8792938016,False
3423,0,0.5298382203,0.439818181,1,0.5323384054,0.5570019246,0,0.9199769718,True
3424,0,0.2806140785,0.439818181,0,0.09372872694,0.5570019246,0,0.559777394,False
3425,0,0.2694820524,0.439818181,0,0.06131782415,0.5570019246,0,0.5392439071,False
3426,1,0.4786928487,0.439818181,1,0.7436265761,0.5570019246,1,,False
3427,0,0.3912044969,0.439818181,0,0.1445798133,0.5570019246,0,0.7630013433,False
3428,0,0.0778967679,0.439818181,0,0.02575301501,0.5570019246,0,0.2090769526,False
3429,0,0.1256401211,0.439818181,0,0.0246250378,0.5570019246,0,0.2876607177,False
3430,0,0.3674211049,0.439818181,0,0.2860652837,0.5570019246,0,0.723181731,False
3431,1,0.5607303129,0.439818181,1,0.7663758922,0.5570019246,1,,False
3432,0,0.001758083267,0.439818181,0,0.004286256194,0.5570019246,0,0.007963922472,False
3433,0,0.1635329461,0.439818181,0,0.06546930479,0.5570019246,0,0.3497409326,False
3434,0,0.07168668392,0.439818181,0,0.03211624176,0.5570019246,0,0.1973709461,False
3435,0,0.05600660062,0.439818181,0,0.02686033552,0.5570019246,0,0.1666666667,False
3436,1,0.7282099818,0.439818181,1,0.9272277791,0.5570019246,1,,False
3437,0,0.0221753942,0.439818181,0,0.005998051176,0.5570019246,0,0.09048167338,False
3438,0,0.1280112028,0.439818181,0,0.03385248847,0.5570019246,0,0.2926501631,False
3439,0,0.006733342612,0.439818181,0,0.004134299649,0.5570019246,0,0.03521397045,False
3440,0,0.1700114829,0.439818181,0,0.0937813229,0.5570019246,0,0.3608712339,False
3441,0,0.04029807938,0.439818181,0,0.01845892029,0.5570019246,0,0.1355785838,False
3442,0,0.4193116608,0.439818181,0,0.08881733161,0.5570019246,0,0.8033966609,False
3443,0,0.5016650545,0.439818181,1,0.8005743585,0.5570019246,1,0.8968528114,False
3444,0,0.4011907231,0.439818181,0,0.07941557421,0.5570019246,0,0.7796967952,False
3445,0,0.4040754263,0.439818181,0,0.08462749783,0.5570019246,0,0.7833429284,False
3446,0,0.01036924184,0.439818181,0,0.01016582326,0.5570019246,0,0.05037420841,False
3447,0,0.02226913143,0.439818181,0,0.01045530074,0.5570019246,0,0.09067357513,False
3448,0,0.03911850451,0.439818181,0,0.01611718635,0.5570019246,0,0.1328919593,False
3449,0,0.5012888228,0.439818181,1,0.1002877991,0.5570019246,0,0.8964690079,False
3450,0,0.2294759856,0.439818181,0,0.6339335733,0.5570019246,1,0.4633467665,False
3451,0,0.06977891554,0.439818181,0,0.01395000622,0.5570019246,0,0.1948762234,False
3452,0,0.1274493657,0.439818181,0,0.03120053754,0.5570019246,0,0.291978507,False
3453,0,0.1811753476,0.439818181,0,0.05156093532,0.5570019246,0,0.3801573594,False
3454,0,0.4431885546,0.439818181,1,0.3982249778,0.5570019246,0,0.8338130877,False
3455,0,0.006073329224,0.439818181,0,0.004575134705,0.5570019246,0,0.03175973901,False
3456,0,0.08880878681,0.439818181,0,0.04793132455,0.5570019246,0,0.2270197659,False
3457,0,0.02052023262,0.439818181,0,0.01106446961,0.5570019246,0,0.08606793322,False
3458,0,0.1801903922,0.439818181,0,0.1464925497,0.5570019246,0,0.3786221455,False
3459,0,0.1790855436,0.439818181,0,0.06949170039,0.5570019246,0,0.3767990789,False
3460,0,0.02808562827,0.439818181,0,0.006356514327,0.5570019246,0,0.1044905009,False
3461,0,0.181353518,0.439818181,0,0.06445555177,0.5570019246,0,0.3807330647,False
3462,0,0.07099276259,0.439818181,0,0.0222305097,0.5570019246,0,0.1965073882,False
3463,0,0.01014303214,0.439818181,0,0.004944078969,0.5570019246,0,0.04903089618,False
3464,0,0.03080837681,0.439818181,0,0.01310154267,0.5570019246,0,0.1116868164,False
3465,1,0.6662338017,0.439818181,1,0.8450762526,0.5570019246,1,,False
3466,0,0.01358806638,0.439818181,0,0.01046729492,0.5570019246,0,0.06198426406,False
3467,0,0.1019012292,0.439818181,0,0.03334750186,0.5570019246,0,0.2491844176,False
3468,0,0.3359600512,0.439818181,0,0.09604255129,0.5570019246,0,0.6660909614,False
3469,1,0.6618844847,0.439818181,1,0.8596980487,0.5570019246,1,,False
3470,0,0.1161547487,0.439818181,0,0.05247434913,0.5570019246,0,0.2745154481,False
3471,0,0.01575456236,0.439818181,0,0.01126917702,0.5570019246,0,0.06946843216,False
3472,0,0.6029682022,0.439818181,1,0.1166305134,0.5570019246,0,0.9635386682,True
3473,0,0.1219820307,0.439818181,0,0.06152247574,0.5570019246,0,0.2821915179,False
3474,0,0.006357854538,0.439818181,0,0.002976257589,0.5570019246,0,0.03367875648,False
3475,0,0.3756996221,0.439818181,0,0.05078626077,0.5570019246,0,0.7389176742,False
3476,0,0.07357468013,0.439818181,0,0.01384714308,0.5570019246,0,0.2008251775,False
3477,0,0.6118759862,0.439818181,1,0.180673686,0.5570019246,0,0.9675686049,True
3478,0,0.1780862736,0.439818181,0,0.04214443924,0.5570019246,0,0.3744962579,False
3479,0,0.2947630654,0.439818181,0,0.06598157611,0.5570019246,0,0.5868355402,False
3480,0,0.1158608191,0.439818181,0,0.03939700937,0.5570019246,0,0.273843792,False
3481,0,0.1964982253,0.439818181,0,0.04831716531,0.5570019246,0,0.4072155057,False
3482,0,0.3276907479,0.439818181,0,0.1460874312,0.5570019246,0,0.6506428709,False
3483,0,0.375697047,0.439818181,0,0.447728621,0.5570019246,0,0.7388217233,False
3484,0,0.04110332448,0.439818181,0,0.01606288918,0.5570019246,0,0.1371137977,False
3485,0,0.03526863535,0.439818181,0,0.02090458761,0.5570019246,0,0.1234887737,False
3486,0,0.009860911816,0.439818181,0,0.007444713889,0.5570019246,0,0.04720782959,False
3487,0,0.2205940225,0.439818181,0,0.09153584121,0.5570019246,0,0.448570332,False
3488,0,0.380126219,0.439818181,0,0.1180643343,0.5570019246,0,0.7468815966,False
3489,1,0.682299495,0.439818181,1,0.8974862582,0.5570019246,1,,False
3490,0,0.3379477526,0.439818181,0,0.1241258694,0.5570019246,0,0.669449242,False
3491,0,0.01336617971,0.439818181,0,0.01526810635,0.5570019246,0,0.0611207062,False
3492,0,0.2587158938,0.439818181,0,0.4110850982,0.5570019246,0,0.5200537325,False
3493,0,0.2710588745,0.439818181,0,0.09706392333,0.5570019246,0,0.5416426789,False
3494,0,0.3407315928,0.439818181,0,0.1021409272,0.5570019246,0,0.67472654,False
3495,0,0.2068124773,0.439818181,0,0.03379139985,0.5570019246,0,0.4261178277,False
3496,0,0.3099857039,0.439818181,0,0.0862407522,0.5570019246,0,0.6169641144,False
3497,0,0.01030305978,0.439818181,0,0.005513166138,0.5570019246,0,0.04970255229,False
3498,0,0.06255436324,0.439818181,0,0.03370003705,0.5570019246,0,0.1808673959,False
3499,0,0.05060589886,0.439818181,0,0.0194378043,0.5570019246,0,0.1561120706,False
3500,0,0.3336828135,0.439818181,0,0.112083095,0.5570019246,0,0.6614853195,False
3501,0,0.3482329241,0.439818181,0,0.06866382188,0.5570019246,0,0.6889272692,False
3502,0,0.3463737895,0.439818181,0,0.0697983011,0.5570019246,0,0.6854730378,False
3503,0,0.05835853014,0.439818181,0,0.03651448135,0.5570019246,0,0.1724237191,False
3504,0,0.3341638282,0.439818181,0,0.4552443366,0.5570019246,0,0.6623488774,False
3505,0,0.1402437604,0.439818181,0,0.03959733096,0.5570019246,0,0.3123200921,False
3506,1,0.488474934,0.439818181,1,0.6630409264,0.5570019246,1,,False
3507,0,0.2254611687,0.439818181,0,0.08210473058,0.5570019246,0,0.4568221071,False
3508,0,0.3112339116,0.439818181,0,0.09783011778,0.5570019246,0,0.6188831318,False
3509,0,0.2087208358,0.439818181,0,0.07114074459,0.5570019246,0,0.4295720591,False
3510,0,0.06462486489,0.439818181,0,0.04807691814,0.5570019246,0,0.1839378238,False
3511,0,0.47236926,0.439818181,1,0.529342664,0.5570019246,0,0.8678756477,False
3512,0,0.222142878,0.439818181,0,0.05447429938,0.5570019246,0,0.4514488582,False
3513,1,0.6990873749,0.439818181,1,0.87029211,0.5570019246,1,,False
3514,0,0.0387003098,0.439818181,0,0.02076788253,0.5570019246,0,0.1323162541,False
3515,1,0.6740552338,0.439818181,1,0.872920371,0.5570019246,1,,False
3516,0,0.3215627111,0.439818181,0,0.06668787143,0.5570019246,0,0.6395125696,False
3517,0,0.4674426628,0.439818181,1,0.6069870556,0.5570019246,1,0.8619266935,False
3518,0,0.1659762486,0.439818181,0,0.06210281577,0.5570019246,0,0.3544425254,False
3519,0,0.561966948,0.439818181,1,0.1942654985,0.5570019246,0,0.9428132796,True
3520,0,0.03392578468,0.439818181,0,0.01280786417,0.5570019246,0,0.1195547879,False
3521,0,0.02230833832,0.439818181,0,0.02390504461,0.5570019246,0,0.09096142775,False
3522,0,0.1504523827,0.439818181,0,0.05528230033,0.5570019246,0,0.3289195932,False
3523,0,0.004181794142,0.439818181,0,0.01118814485,0.5570019246,0,0.02274035694,False
3524,0,0.3702256027,0.439818181,0,0.7457528261,0.5570019246,1,0.7274035694,False
3525,1,0.644800225,0.439818181,1,0.7322004553,0.5570019246,1,,False
3526,1,0.5934194506,0.439818181,1,0.8853994186,0.5570019246,1,,False
3527,0,0.2694346762,0.439818181,0,0.09355158871,0.5570019246,0,0.5390520054,False
3528,0,0.03269342107,0.439818181,0,0.0112948043,0.5570019246,0,0.1162924583,False
3529,0,0.245671401,0.439818181,0,0.6136792294,0.5570019246,1,0.495490309,False
3530,1,0.5800302248,0.439818181,1,0.8868790128,0.5570019246,1,,False
3531,1,0.6549175745,0.439818181,1,0.802182978,0.5570019246,1,,False
3532,0,0.1433128047,0.439818181,0,0.03584441873,0.5570019246,0,0.3168297832,False
3533,0,0.335406758,0.439818181,0,0.08039302532,0.5570019246,0,0.6651314527,False
3534,0,0.2749070404,0.439818181,0,0.1125394609,0.5570019246,0,0.5480713874,False
3535,0,0.3931021101,0.439818181,0,0.1345572262,0.5570019246,0,0.766263673,False
3536,0,0.1838162962,0.439818181,0,0.4759082605,0.5570019246,0,0.384283247,False
3537,0,0.4415702008,0.439818181,1,0.6499118855,0.5570019246,1,0.8317981194,False
3538,1,0.6652729973,0.439818181,1,0.884821381,0.5570019246,1,,False
3539,0,0.06808489893,0.439818181,0,0.02441101795,0.5570019246,0,0.1912300902,False
3540,0,0.0294861799,0.439818181,0,0.01637548943,0.5570019246,0,0.1076568797,False
3541,0,0.3099339215,0.439818181,0,0.7132127531,0.5570019246,1,0.6165803109,False
3542,0,0.3320873287,0.439818181,0,0.11979419,0.5570019246,0,0.6587027442,False
3543,0,0.4674149772,0.439818181,1,0.753476304,0.5570019246,1,0.8618307427,False
3544,0,0.02143547311,0.439818181,0,0.006425649624,0.5570019246,0,0.08885050854,False
3545,1,0.5614175418,0.439818181,1,0.7657633876,0.5570019246,1,,False
3546,0,0.01722745746,0.439818181,0,0.006461067944,0.5570019246,0,0.07618499328,False
3547,1,0.8105439981,0.439818181,1,0.9320400146,0.5570019246,1,,False
3548,0,0.3252219813,0.439818181,0,0.04351865513,0.5570019246,0,0.6464210324,False
3549,1,0.659735093,0.439818181,1,0.6931578281,0.5570019246,1,,False
3550,0,0.04384562244,0.439818181,0,0.01304247691,0.5570019246,0,0.142199194,False
3551,0,0.09124083528,0.439818181,0,0.02966760742,0.5570019246,0,0.2321051622,False
3552,1,0.6406480961,0.439818181,1,0.7088074789,0.5570019246,1,,False
3553,0,0.07641877311,0.439818181,0,0.02647972592,0.5570019246,0,0.2061984264,False
3554,0,0.3345944859,0.439818181,0,0.0819285587,0.5570019246,0,0.6636921896,False
3555,0,0.08577447897,0.439818181,0,0.02454121551,0.5570019246,0,0.2225100748,False
3556,0,0.4796138735,0.439818181,1,0.1286023877,0.5570019246,0,0.8762233736,False
3557,0,0.009788309591,0.439818181,0,0.01054014554,0.5570019246,0,0.04672807523,False
3558,0,0.1996621136,0.439818181,0,0.04106154522,0.5570019246,0,0.4125887546,False
3559,0,0.1042309517,0.439818181,0,0.02716442936,0.5570019246,0,0.2529265016,False
3560,0,0.01558303988,0.439818181,0,0.008172824965,0.5570019246,0,0.06879677605,False
3561,0,0.05718787023,0.439818181,0,0.02544922008,0.5570019246,0,0.1693532911,False
3562,0,0.3121194027,0.439818181,0,0.422943552,0.5570019246,0,0.6206102476,False
3563,0,0.5217501199,0.439818181,1,0.1340083379,0.5570019246,0,0.9146996738,True
3564,0,0.5276830553,0.439818181,1,0.07577394087,0.5570019246,0,0.9184417578,True
3565,0,0.3003600243,0.439818181,0,0.06829101271,0.5570019246,0,0.5989253502,False
3566,0,0.08508318274,0.439818181,0,0.02551942937,0.5570019246,0,0.2215505661,False
3567,0,0.01489890096,0.439818181,0,0.004751093423,0.5570019246,0,0.06658990597,False
3568,0,0.1369341365,0.439818181,0,0.03272471007,0.5570019246,0,0.3067549415,False
3569,0,0.02071836117,0.439818181,0,0.007663721283,0.5570019246,0,0.08673958933,False
3570,0,0.01475627224,0.439818181,0,0.007114521342,0.5570019246,0,0.06572634811,False
3571,0,0.1871025538,0.439818181,0,0.06445524337,0.5570019246,0,0.3894645941,False
3572,0,0.1156760892,0.439818181,0,0.06404257366,0.5570019246,0,0.2732680867,False
3573,0,0.06218272745,0.439818181,0,0.02170428967,0.5570019246,0,0.180003838,False
3574,0,0.1118235803,0.439818181,0,0.03254387571,0.5570019246,0,0.2665515256,False
3575,0,0.4596573457,0.439818181,1,0.2063633548,0.5570019246,0,0.8533870658,False
3576,0,0.04110735381,0.439818181,0,0.02005926334,0.5570019246,0,0.1372097486,False
3577,0,0.1943107551,0.439818181,0,0.05024328621,0.5570019246,0,0.4033774707,False
3578,0,0.006136981942,0.439818181,0,0.002976257589,0.5570019246,0,0.03238341969,False
3579,0,0.2100438477,0.439818181,0,0.06849488381,0.5570019246,0,0.4318748801,False
3580,0,0.1779368101,0.439818181,0,0.05715022425,0.5570019246,0,0.3739205527,False
3581,0,0.1139243015,0.439818181,0,0.04371966776,0.5570019246,0,0.2705814623,False
3582,1,0.6718614444,0.439818181,1,0.8740231479,0.5570019246,1,,False
3583,1,0.7158547971,0.439818181,1,0.9388799149,0.5570019246,1,,False
3584,0,0.1869117622,0.439818181,0,0.05575179354,0.5570019246,0,0.3890807906,False
3585,0,0.213669787,0.439818181,0,0.05403205748,0.5570019246,0,0.4369602763,False
3586,0,0.3688934807,0.439818181,0,0.1406465215,0.5570019246,0,0.7255805028,False
3587,0,0.361675206,0.439818181,0,0.1331102961,0.5570019246,0,0.712531184,False
3588,0,0.3521155436,0.439818181,0,0.07757619783,0.5570019246,0,0.694396469,False
3589,1,0.6888512538,0.439818181,1,0.8992478451,0.5570019246,1,,False
3590,0,0.01615544418,0.439818181,0,0.006150695221,0.5570019246,0,0.07081174439,False
3591,0,0.03905171319,0.439818181,0,0.02017932462,0.5570019246,0,0.1327960084,False
3592,0,0.3644177073,0.439818181,0,0.4346723181,0.5570019246,0,0.7178084821,False
3593,0,0.2823825505,0.439818181,0,0.07631536,0.5570019246,0,0.562751871,False
3594,0,0.1924013553,0.439818181,0,0.04459001775,0.5570019246,0,0.3991556323,False
3595,1,0.7517368557,0.439818181,1,0.9157526234,0.5570019246,1,,False
3596,0,0.006172384883,0.439818181,0,0.003828155343,0.5570019246,0,0.03271924775,False
3597,0,0.5719548239,0.439818181,1,0.1115374782,0.5570019246,0,0.9489541355,True
3598,0,0.0004510007286,0.439818181,0,0.0001322792553,0.5570019246,0,9.595087315e-05,False
3599,0,0.1413174368,0.439818181,0,0.05336312552,0.5570019246,0,0.3136634043,False
3600,0,0.385622681,0.439818181,0,0.09102731756,0.5570019246,0,0.7538860104,False
3601,0,0.3784226501,0.439818181,0,0.5965719429,0.5570019246,1,0.7437152178,False
3602,0,0.4782471897,0.439818181,1,0.09821578564,0.5570019246,0,0.8742084053,False
3603,1,0.7046398916,0.439818181,1,0.8200608326,0.5570019246,1,,False
3604,0,0.1658223118,0.439818181,0,0.1332212148,0.5570019246,0,0.3538668202,False
3605,0,0.1387640592,0.439818181,0,0.05331908553,0.5570019246,0,0.3097294185,False
3606,0,0.03823398645,0.439818181,0,0.02186135091,0.5570019246,0,0.1310688927,False
3607,0,0.0009640044695,0.439818181,0,0.001530842142,0.5570019246,0,0.002254845519,False
3608,0,0.05410637146,0.439818181,0,0.02171130958,0.5570019246,0,0.1619650739,False
3609,0,0.01633452778,0.439818181,0,0.003762110874,0.5570019246,0,0.07186720399,False
3610,0,0.02154006868,0.439818181,0,0.01072278193,0.5570019246,0,0.08913836116,False
3611,0,0.06688569673,0.439818181,0,0.01831075583,0.5570019246,0,0.1888313184,False
3612,0,0.5490221902,0.439818181,1,0.08883636259,0.5570019246,0,0.9339857993,True
3613,0,0.08419167745,0.439818181,0,0.04254456412,0.5570019246,0,0.2199194013,False
3614,1,0.5504162737,0.439818181,1,0.7707856778,0.5570019246,1,,False
3615,0,0.1001964545,0.439818181,0,0.04323782021,0.5570019246,0,0.2464977931,False
3616,0,0.2320283009,0.439818181,0,0.07636750373,0.5570019246,0,0.4693916715,False
3617,0,0.1085332231,0.439818181,0,0.03221869121,0.5570019246,0,0.260986375,False
3618,0,0.04504869874,0.439818181,0,0.01195879591,0.5570019246,0,0.1450777202,False
3619,0,0.5258780575,0.439818181,1,0.1629079214,0.5570019246,0,0.9176741508,True
3620,0,0.3138091223,0.439818181,0,0.3559992923,0.5570019246,0,0.6247361351,False
3621,0,0.2287193783,0.439818181,0,0.06340880494,0.5570019246,0,0.4617156016,False
3622,0,0.176624579,0.439818181,0,0.06219670482,0.5570019246,0,0.37142583,False
3623,0,0.04292896773,0.439818181,0,0.02297285488,0.5570019246,0,0.1408558818,False
3624,0,0.113344653,0.439818181,0,0.04356442731,0.5570019246,0,0.2698138553,False
3625,0,0.02895598388,0.439818181,0,0.01305820436,0.5570019246,0,0.1063135675,False
3626,0,0.1559862316,0.439818181,0,0.05572229849,0.5570019246,0,0.3363078104,False
3627,0,0.5690528125,0.439818181,1,0.1654190687,0.5570019246,0,0.9468432163,True
3628,0,0.1116641351,0.439818181,0,0.05571255688,0.5570019246,0,0.2661677221,False
3629,0,0.4791707374,0.439818181,1,0.7061804312,0.5570019246,1,0.8755517175,False
3630,0,0.3704794157,0.439818181,0,0.09802643529,0.5570019246,0,0.7282671272,False
3631,0,0.2409035483,0.439818181,0,0.2823084523,0.5570019246,0,0.4867587795,False
3632,0,0.00220286326,0.439818181,0,0.001148948001,0.5570019246,0,0.01189790827,False
3633,0,0.04274784866,0.439818181,0,0.008608426772,0.5570019246,0,0.1402801765,False
3634,0,0.1595213714,0.439818181,0,0.08996809192,0.5570019246,0,0.3430243715,False
3635,1,0.4383512024,0.439818181,0,0.7601004544,0.5570019246,1,,False
3636,0,0.3092047002,0.439818181,0,0.0897715091,0.5570019246,0,0.6153329495,False
3637,0,0.1234166011,0.439818181,0,0.1782278105,0.5570019246,0,0.2844943389,False
3638,0,0.006401036417,0.439818181,0,0.003914423902,0.5570019246,0,0.0339666091,False
3639,0,0.3565345481,0.439818181,0,0.06197124052,0.5570019246,0,0.701976588,False
3640,0,0.167604395,0.439818181,0,0.08520477168,0.5570019246,0,0.3572251007,False
3641,0,0.2579609712,0.439818181,0,0.09086750701,0.5570019246,0,0.5187104203,False
3642,0,0.02896905489,0.439818181,0,0.008813649227,0.5570019246,0,0.1065054692,False
3643,0,0.2094773287,0.439818181,0,0.07413700811,0.5570019246,0,0.4307234696,False
3644,0,0.0679058441,0.439818181,0,0.03182835528,0.5570019246,0,0.1908462867,False
3645,0,0.2521167734,0.439818181,0,0.09863602202,0.5570019246,0,0.506812512,False
3646,0,0.003719843914,0.439818181,0,0.0006913049582,0.5570019246,0,0.02024563424,False
3647,0,0.2650767455,0.439818181,0,0.6604526354,0.5570019246,1,0.5323354443,False
3648,0,0.7712414325,0.439818181,1,0.1796322214,0.5570019246,0,0.9993283439,True
3649,0,0.323153331,0.439818181,0,0.08189057244,0.5570019246,0,0.6424870466,False
3650,0,0.002788574172,0.439818181,0,0.0006760588157,0.5570019246,0,0.01410477835,False
3651,0,0.005582711611,0.439818181,0,0.007949515503,0.5570019246,0,0.02940894262,False
3652,0,0.147414783,0.439818181,0,0.05863520933,0.5570019246,0,0.3231625408,False
3653,0,0.2270566126,0.439818181,0,0.06406892554,0.5570019246,0,0.4593168298,False
3654,0,0.02162583849,0.439818181,0,0.01488383674,0.5570019246,0,0.08942621378,False
3655,0,0.1445524761,0.439818181,0,0.09264442122,0.5570019246,0,0.3189407024,False
3656,0,0.449916282,0.439818181,1,0.0688473994,0.5570019246,0,0.8425446172,False
3657,0,0.02508487868,0.439818181,0,0.01469323282,0.5570019246,0,0.09700633276,False
3658,0,0.03051218522,0.439818181,0,0.009249248525,0.5570019246,0,0.110439455,False
3659,0,0.4182956742,0.439818181,0,0.1066815922,0.5570019246,0,0.8021492996,False
3660,0,0.2923953887,0.439818181,0,0.05739662363,0.5570019246,0,0.5819420457,False
3661,0,0.08096597288,0.439818181,0,0.02729863968,0.5570019246,0,0.214834005,False
3662,0,0.03236119093,0.439818181,0,0.01122176702,0.5570019246,0,0.1150450969,False
3663,0,0.005510006173,0.439818181,0,0.002786981438,0.5570019246,0,0.02888121282,False
3664,0,0.0006572658655,0.439818181,0,0.0008824432897,0.5570019246,0,0.0005757052389,False
3665,1,0.5057908255,0.439818181,1,0.8468910227,0.5570019246,1,,False
3666,0,0.4446343056,0.439818181,1,0.1453530542,0.5570019246,0,0.835828056,False
3667,0,0.09407618386,0.439818181,0,0.02873669759,0.5570019246,0,0.2369986567,False
3668,0,0.5502960944,0.439818181,1,0.143758372,0.5570019246,0,0.9345615045,True
3669,0,0.1914944292,0.439818181,0,0.056235061,0.5570019246,0,0.3974285166,False
3670,0,0.1082940634,0.439818181,0,0.06379978107,0.5570019246,0,0.2604106697,False
3671,0,0.0323264749,0.439818181,0,0.02431171242,0.5570019246,0,0.1148531952,False
3672,0,0.02746089369,0.439818181,0,0.007287372266,0.5570019246,0,0.1034350413,False
3673,0,0.02601880097,0.439818181,0,0.02389563759,0.5570019246,0,0.09978890808,False
3674,0,0.01492091469,0.439818181,0,0.00688855893,0.5570019246,0,0.06687775859,False
3675,0,0.2661075304,0.439818181,0,0.0766789803,0.5570019246,0,0.5341585108,False
3676,0,0.02799269053,0.439818181,0,0.01240434737,0.5570019246,0,0.1042026482,False
3677,1,0.6584757953,0.439818181,1,0.8853332678,0.5570019246,1,,False
3678,0,0.001562047307,0.439818181,0,0.0006760588157,0.5570019246,0,0.007100364613,False
3679,0,0.3929354304,0.439818181,0,0.07614769729,0.5570019246,0,0.7657839186,False
3680,0,0.05309347309,0.439818181,0,0.0194335048,0.5570019246,0,0.1607177125,False
3681,0,0.3003133136,0.439818181,0,0.4068343159,0.5570019246,0,0.5988293993,False
3682,0,0.1333139365,0.439818181,0,0.08187880703,0.5570019246,0,0.3017654961,False
3683,0,0.4787876507,0.439818181,1,0.1502402174,0.5570019246,0,0.875167914,False
3684,0,0.02009457655,0.439818181,0,0.003062614682,0.5570019246,0,0.08482057187,False
3685,0,0.3926975636,0.439818181,0,0.6058819233,0.5570019246,1,0.7653041643,False
3686,0,0.1211652716,0.439818181,0,0.02486927294,0.5570019246,0,0.281423911,False
3687,0,0.3868769796,0.439818181,0,0.5324990819,0.5570019246,0,0.7551333717,False
3688,0,0.01457919959,0.439818181,0,0.009589987444,0.5570019246,0,0.06515064287,False
3689,1,0.6110421031,0.439818181,1,0.7985655654,0.5570019246,1,,False
3690,0,0.356924433,0.439818181,0,0.2784420457,0.5570019246,0,0.7029360967,False
3691,0,0.4911239007,0.439818181,1,0.1137358766,0.5570019246,0,0.8860103627,False
3692,0,0.2679037257,0.439818181,0,0.07186421469,0.5570019246,0,0.5367491844,False
3693,0,0.08795355217,0.439818181,0,0.0260220176,0.5570019246,0,0.225388601,False
3694,0,0.003952018514,0.439818181,0,0.0007997922763,0.5570019246,0,0.02149299559,False
3695,0,0.1104715533,0.439818181,0,0.03670299171,0.5570019246,0,0.2643446555,False
3696,0,0.5968342397,0.439818181,1,0.1925841305,0.5570019246,0,0.960660142,True
3697,0,0.2008384972,0.439818181,0,0.05147509099,0.5570019246,0,0.4155632316,False
3698,0,0.2593230323,0.439818181,0,0.06510352462,0.5570019246,0,0.5214929956,False
3699,0,0.06879722854,0.439818181,0,0.02857561878,0.5570019246,0,0.1924774515,False
3700,0,0.1663331982,0.439818181,0,0.06580576755,0.5570019246,0,0.3551141815,False
3701,0,0.1710477093,0.439818181,0,0.03727989633,0.5570019246,0,0.362310497,False
3702,0,0.3418260577,0.439818181,0,0.08445852534,0.5570019246,0,0.6761658031,False
3703,1,0.7831451186,0.439818181,1,0.9033659284,0.5570019246,1,,False
3704,0,0.4481501143,0.439818181,1,0.6447421374,0.5570019246,1,0.8403377471,False
3705,0,0.09590829771,0.439818181,0,0.03546817588,0.5570019246,0,0.2392055268,False
3706,0,0.1081568652,0.439818181,0,0.05688343383,0.5570019246,0,0.2600268662,False
3707,0,0.1148898155,0.439818181,0,0.06707365823,0.5570019246,0,0.2719247745,False
3708,0,0.2192511364,0.439818181,0,0.06329387256,0.5570019246,0,0.4468432163,False
3709,0,0.4806437795,0.439818181,1,0.0637549409,0.5570019246,0,0.8769909806,False
3710,0,0.03408680888,0.439818181,0,0.0141218268,0.5570019246,0,0.1203223949,False
3711,0,0.05750437335,0.439818181,0,0.0179344787,0.5570019246,0,0.170216849,False
3712,0,0.3634292534,0.439818181,0,0.1649681199,0.5570019246,0,0.7153137594,False
3713,0,0.1514165068,0.439818181,0,0.08078471215,0.5570019246,0,0.3302629054,False
3714,0,0.216039435,0.439818181,0,0.3062719132,0.5570019246,0,0.440990213,False
3715,1,0.4080545415,0.439818181,0,0.7755839457,0.5570019246,1,,False
3716,0,0.2149393999,0.439818181,0,0.04429640153,0.5570019246,0,0.4393590482,False
3717,0,0.1806955062,0.439818181,0,0.06751107428,0.5570019246,0,0.3793897524,False
3718,0,0.230916929,0.439818181,0,0.05787774584,0.5570019246,0,0.466705047,False
3719,0,0.1528110143,0.439818181,0,0.04973366757,0.5570019246,0,0.3321819229,False
3720,0,0.2002464615,0.439818181,0,0.3921872089,0.5570019246,0,0.4143158703,False
3721,0,0.08405201224,0.439818181,0,0.03745696671,0.5570019246,0,0.2194396469,False
3722,0,0.003286729049,0.439818181,0,0.0008734664077,0.5570019246,0,0.01712723086,False
3723,0,0.04341819423,0.439818181,0,0.01994788819,0.5570019246,0,0.1411437344,False
3724,0,0.06937710542,0.439818181,0,0.0514885649,0.5570019246,0,0.1943005181,False
3725,0,0.09164910248,0.439818181,0,0.04251385977,0.5570019246,0,0.23296872,False
3726,0,0.2967003785,0.439818181,0,0.1676570984,0.5570019246,0,0.5911533295,False
3727,0,0.09270749952,0.439818181,0,0.04831058961,0.5570019246,0,0.2349836884,False
3728,0,0.1447532916,0.439818181,0,0.07731068312,0.5570019246,0,0.319228555,False
3729,0,0.1252752925,0.439818181,0,0.03298032469,0.5570019246,0,0.2869890616,False
3730,0,0.4086933992,0.439818181,0,0.1024100076,0.5570019246,0,0.7891959317,False
3731,0,0.0356936338,0.439818181,0,0.0201711994,0.5570019246,0,0.1249280368,False
3732,0,0.4433826104,0.439818181,1,0.1031079115,0.5570019246,0,0.8339090386,False
3733,0,0.4141716691,0.439818181,0,0.1132172994,0.5570019246,0,0.7962962963,False
3734,0,0.1544514338,0.439818181,0,0.01961934636,0.5570019246,0,0.3344847438,False
3735,0,0.1156757774,0.439818181,0,0.02404042164,0.5570019246,0,0.2731721359,False
3736,0,0.04173072514,0.439818181,0,0.03001257283,0.5570019246,0,0.1381692573,False
3737,0,0.1293639798,0.439818181,0,0.02886508102,0.5570019246,0,0.2952408367,False
3738,0,0.1883114206,0.439818181,0,0.04031224739,0.5570019246,0,0.391863366,False
3739,0,0.09145220932,0.439818181,0,0.0647089388,0.5570019246,0,0.2324889656,False
3740,0,0.04924920413,0.439818181,0,0.02408797097,0.5570019246,0,0.1526578392,False
3741,0,0.4173454494,0.439818181,0,0.08103534617,0.5570019246,0,0.8008059873,False
3742,1,0.5760867634,0.439818181,1,0.8801643751,0.5570019246,1,,False
3743,0,0.03807720063,0.439818181,0,0.02201680212,0.5570019246,0,0.1306850892,False
3744,0,0.05177789366,0.439818181,0,0.02265345053,0.5570019246,0,0.1586067933,False
3745,0,0.2839834185,0.439818181,0,0.1191721701,0.5570019246,0,0.5656303972,False
3746,0,0.3367912132,0.439818181,0,0.08631836472,0.5570019246,0,0.6674342737,False
3747,0,0.05722433263,0.439818181,0,0.04489198645,0.5570019246,0,0.169449242,False
3748,0,0.3838301035,0.439818181,0,0.1231265221,0.5570019246,0,0.7513912877,False
3749,0,0.3219912058,0.439818181,0,0.07803563726,0.5570019246,0,0.6407599309,False
3750,0,0.241669361,0.439818181,0,0.4147198522,0.5570019246,0,0.4882939935,False
3751,0,0.6116558635,0.439818181,1,0.1432062315,0.5570019246,0,0.967472654,True
3752,0,0.2478304115,0.439818181,0,0.08645273839,0.5570019246,0,0.4999040491,False
3753,0,0.2797003431,0.439818181,0,0.4640237166,0.5570019246,0,0.5579543274,False
3754,0,0.5708094519,0.439818181,1,0.1017774371,0.5570019246,0,0.9479946268,True
3755,0,0.488243089,0.439818181,1,0.09801860559,0.5570019246,0,0.88351564,False
3756,0,0.01595490233,0.439818181,0,0.01081471149,0.5570019246,0,0.07009211284,False
3757,0,0.3749023756,0.439818181,0,0.1318525564,0.5570019246,0,0.7369986567,False
3758,0,0.3313716249,0.439818181,0,0.1044177529,0.5570019246,0,0.6570715794,False
3759,0,0.288427532,0.439818181,0,0.1286810285,0.5570019246,0,0.5733064671,False
3760,0,0.4390113694,0.439818181,0,0.1849815023,0.5570019246,0,0.8278641336,False
3761,0,0.1353169794,0.439818181,0,0.05889934929,0.5570019246,0,0.3049318749,False
3762,0,0.03831379922,0.439818181,0,0.01168399655,0.5570019246,0,0.1311648436,False
3763,0,0.004280650229,0.439818181,0,0.0009567498014,0.5570019246,0,0.02350796392,False
3764,0,0.04992487114,0.439818181,0,0.01886291992,0.5570019246,0,0.154289004,False
3765,0,0.5181555379,0.439818181,1,0.7454840388,0.5570019246,1,0.9110535406,True
3766,0,0.3667355794,0.439818181,0,0.5037497127,0.5570019246,0,0.7218384187,False
3767,0,0.03096214692,0.439818181,0,0.01632142114,0.5570019246,0,0.1122625216,False
3768,0,0.2070074018,0.439818181,0,0.4814106556,0.5570019246,0,0.4266935329,False
3769,0,0.3565919537,0.439818181,0,0.6870719155,0.5570019246,1,0.7020725389,False
3770,0,0.09936393061,0.439818181,0,0.04114391771,0.5570019246,0,0.2447706774,False
3771,0,0.02950571496,0.439818181,0,0.01290738039,0.5570019246,0,0.1077528306,False
3772,0,0.2143480654,0.439818181,0,0.07229401199,0.5570019246,0,0.4383995394,False
3773,1,0.5842956308,0.439818181,1,0.7801530011,0.5570019246,1,,False
3774,0,0.5249815952,0.439818181,1,0.1139824303,0.5570019246,0,0.9169065438,True
3775,0,0.1557590796,0.439818181,0,0.04783294532,0.5570019246,0,0.3360199578,False
3776,0,0.008561485713,0.439818181,0,0,0.5570019246,0,0.0414507772,False
3777,0,0.1903793856,0.439818181,0,0.05900409904,0.5570019246,0,0.3955094991,False
3778,0,0.1151774218,0.439818181,0,0.05005242637,0.5570019246,0,0.2725964306,False
3779,1,0.6305130754,0.439818181,1,0.8921280074,0.5570019246,1,,False
3780,1,0.5684539319,0.439818181,1,0.6929216506,0.5570019246,1,,False
3781,0,0.3366516783,0.439818181,0,0.05973166735,0.5570019246,0,0.667146421,False
3782,0,0.4233233302,0.439818181,0,0.1285754672,0.5570019246,0,0.8087699098,False
3783,0,0.4307225964,0.439818181,0,0.1112151219,0.5570019246,0,0.8170216849,False
3784,0,0.003068911704,0.439818181,0,0.004472798422,0.5570019246,0,0.01549606601,False
3785,0,0.07774137891,0.439818181,0,0.04086516898,0.5570019246,0,0.2088850509,False
3786,0,0.006134881519,0.439818181,0,0.00189911956,0.5570019246,0,0.03214354251,False
3787,0,0.2145094076,0.439818181,0,0.1254480901,0.5570019246,0,0.4387833429,False
3788,0,0.02606809294,0.439818181,0,0.01367904954,0.5570019246,0,0.1000767607,False
3789,0,0.319462303,0.439818181,0,0.5078682698,0.5570019246,0,0.6352907311,False
3790,0,0.02566241004,0.439818181,0,0.006529955538,0.5570019246,0,0.09873344847,False
3791,0,0.1475449464,0.439818181,0,0.06090675792,0.5570019246,0,0.3236422951,False
3792,0,0.1092386572,0.439818181,0,0.02930913579,0.5570019246,0,0.2621377855,False
3793,0,0.0384794335,0.439818181,0,0.01784037954,0.5570019246,0,0.131644598,False
3794,0,0.06525518576,0.439818181,0,0.02387953967,0.5570019246,0,0.1850892343,False
3795,0,0.0660145365,0.439818181,0,0.04932030211,0.5570019246,0,0.18681635,False
3796,0,0.1992463076,0.439818181,0,0.0444217371,0.5570019246,0,0.411533295,False
3797,0,0.3220360256,0.439818181,0,0.1052603493,0.5570019246,0,0.6408558818,False
3798,1,0.6213922284,0.439818181,1,0.8666452753,0.5570019246,1,,False
3799,0,0.2862602545,0.439818181,0,0.1488062004,0.5570019246,0,0.5696603339,False
3800,1,0.649107871,0.439818181,1,0.9048034765,0.5570019246,1,,False
3801,0,0.2701473064,0.439818181,0,0.07735330933,0.5570019246,0,0.5402993667,False
3802,0,0.3250621272,0.439818181,0,0.4695587728,0.5570019246,0,0.6461331798,False
3803,0,0.1372749902,0.439818181,0,0.05203493289,0.5570019246,0,0.3075225485,False
3804,0,0.2472069381,0.439818181,0,0.07811557706,0.5570019246,0,0.498464786,False
3805,0,0.08300424525,0.439818181,0,0.009583902423,0.5570019246,0,0.2177125312,False
3806,0,0.3401579599,0.439818181,0,0.06157873498,0.5570019246,0,0.6741508348,False
3807,0,0.2122669834,0.439818181,0,0.07595478075,0.5570019246,0,0.4345615045,False
3808,0,0.1617364091,0.439818181,0,0.240961397,0.5570019246,0,0.3468624064,False
3809,0,0.2217795014,0.439818181,0,0.08546024198,0.5570019246,0,0.4508731529,False
3810,0,0.1815510813,0.439818181,0,0.09749282931,0.5570019246,0,0.3810209173,False
3811,0,0.404017379,0.439818181,0,0.1061521328,0.5570019246,0,0.7832469775,False
3812,0,0.4211232911,0.439818181,0,0.607731814,0.5570019246,1,0.8062751871,False
3813,0,0.3310065021,0.439818181,0,0.5248010017,0.5570019246,0,0.6563999232,False
3814,0,0.01128499142,0.439818181,0,0.005278835294,0.5570019246,0,0.0543081942,False
3815,0,0.4248628458,0.439818181,0,0.1118439525,0.5570019246,0,0.8110727308,False
3816,0,0.4253562814,0.439818181,0,0.7639508607,0.5570019246,1,0.8120322395,False
3817,0,0.02075220434,0.439818181,0,0.009059557862,0.5570019246,0,0.0868355402,False
3818,1,0.7366838362,0.439818181,1,0.8679512251,0.5570019246,1,,False
3819,0,0.08352195522,0.439818181,0,0.02276031469,0.5570019246,0,0.2189598925,False
3820,0,0.04687323969,0.439818181,0,0.02051720598,0.5570019246,0,0.1486279025,False
3821,0,0.3847189848,0.439818181,0,0.09056359068,0.5570019246,0,0.7527345999,False
3822,0,0.1410781427,0.439818181,0,0.1219457616,0.5570019246,0,0.3129917482,False
3823,0,0.22968223,0.439818181,0,0.074385068,0.5570019246,0,0.4637305699,False
3824,0,0.5226958312,0.439818181,1,0.1645803443,0.5570019246,0,0.9151794281,True
3825,0,0.1909528261,0.439818181,0,0.06104240093,0.5570019246,0,0.3964690079,False
3826,1,0.6508759666,0.439818181,1,0.8630509427,0.5570019246,1,,False
3827,0,0.1733699996,0.439818181,0,0.07236788453,0.5570019246,0,0.3663404337,False
3828,0,0.1283746017,0.439818181,0,0.04236774012,0.5570019246,0,0.293513721,False
3829,0,0.1872813978,0.439818181,0,0.046143611,0.5570019246,0,0.3900402994,False
3830,0,0.05598971816,0.439818181,0,0.01451318309,0.5570019246,0,0.1664747649,False
3831,0,0.2536568788,0.439818181,0,0.07715286189,0.5570019246,0,0.5096910382,False
3832,0,0.312386682,0.439818181,0,0.06894553141,0.5570019246,0,0.6216657072,False
3833,0,0.3762345846,0.439818181,0,0.09854631327,0.5570019246,0,0.7399731338,False
3834,0,0.05846269316,0.439818181,0,0.03185801311,0.5570019246,0,0.1729034734,False
3835,0,0.4578226462,0.439818181,1,0.1329170685,0.5570019246,0,0.8516599501,False
3836,0,0.4335627203,0.439818181,0,0.08757161203,0.5570019246,0,0.820763769,False
3837,0,0.08035480462,0.439818181,0,0.03540111996,0.5570019246,0,0.2135866436,False
3838,0,0.1544118134,0.439818181,0,0.05439506632,0.5570019246,0,0.3343887929,False
3839,0,0.05697126676,0.439818181,0,0.02092172538,0.5570019246,0,0.1689694876,False
3840,0,0.03323728366,0.439818181,0,0.008948797193,0.5570019246,0,0.1178276722,False
3841,0,0.1937292165,0.439818181,0,0.06778400761,0.5570019246,0,0.4023220111,False
3842,0,0.05088786803,0.439818181,0,0.01927249471,0.5570019246,0,0.1566877759,False
3843,0,0.1089356613,0.439818181,0,0.05241842739,0.5570019246,0,0.2618499328,False
3844,0,0.1160724003,0.439818181,0,0.03009095469,0.5570019246,0,0.2743235463,False
3845,0,0.02518314543,0.439818181,0,0.009296412847,0.5570019246,0,0.0971982345,False
3846,0,0.007623636548,0.439818181,0,0.01136154834,0.5570019246,0,0.03828439839,False
3847,0,0.4512940926,0.439818181,1,0.6865929934,0.5570019246,1,0.8443676837,False
3848,0,0.1142376781,0.439818181,0,0.5607325374,0.5570019246,1,0.2711571675,False
3849,0,0.1876195576,0.439818181,0,0.05452469107,0.5570019246,0,0.3906160046,False
3850,0,0.265931277,0.439818181,0,0.4810132276,0.5570019246,0,0.5337747073,False
3851,0,0.3264079482,0.439818181,0,0.08463738698,0.5570019246,0,0.6489157551,False
3852,0,0.004236902136,0.439818181,0,0.008071434056,0.5570019246,0,0.0232201113,False
3853,0,0.3322093446,0.439818181,0,0.08883673528,0.5570019246,0,0.6587986951,False
3854,0,0.2849456453,0.439818181,0,0.4544227997,0.5570019246,0,0.5676453656,False
3855,0,0.0009421731057,0.439818181,0,0.0006760588157,0.5570019246,0,0.002110919209,False
3856,0,0.5475942402,0.439818181,1,0.108581649,0.5570019246,0,0.9329303397,True
3857,0,0.02912127893,0.439818181,0,0.01231864468,0.5570019246,0,0.1068892727,False
3858,0,0.4153696735,0.439818181,0,0.1177659191,0.5570019246,0,0.7981193629,False
3859,0,0.01133352411,0.439818181,0,0.007429380172,0.5570019246,0,0.0546919977,False
3860,0,0.2094046883,0.439818181,0,0.03925884054,0.5570019246,0,0.4306275187,False
3861,0,0.1943553862,0.439818181,0,0.05098118045,0.5570019246,0,0.4034734216,False
3862,0,0.03640944365,0.439818181,0,0.02472877253,0.5570019246,0,0.1269430052,False
3863,0,0.1253562657,0.439818181,0,0.05232565458,0.5570019246,0,0.2870850125,False
3864,0,0.2975786329,0.439818181,0,0.3200610538,0.5570019246,0,0.5931682978,False
3865,1,0.6879317512,0.439818181,1,0.8503066666,0.5570019246,1,,False
3866,0,0.5614768657,0.439818181,1,0.1000539932,0.5570019246,0,0.9424294761,True
3867,0,0.0953149463,0.439818181,0,0.03515476646,0.5570019246,0,0.2384379198,False
3868,0,0.2525792427,0.439818181,0,0.1102354205,0.5570019246,0,0.507580119,False
3869,0,0.3184315555,0.439818181,0,0.07045741661,0.5570019246,0,0.6336595663,False
3870,1,0.626968687,0.439818181,1,0.8483511447,0.5570019246,1,,False
3871,0,0.006298821645,0.439818181,0,0.006930126417,0.5570019246,0,0.03348685473,False
3872,0,0.1446439261,0.439818181,0,0.0501305864,0.5570019246,0,0.3190366532,False
3873,0,0.277217805,0.439818181,0,0.5446882015,0.5570019246,0,0.5528689311,False
3874,0,0.1491346079,0.439818181,0,0.05036949607,0.5570019246,0,0.3266167722,False
3875,0,0.1282558964,0.439818181,0,0.05030299561,0.5570019246,0,0.2933218192,False
3876,0,0.3755242948,0.439818181,0,0.09911602297,0.5570019246,0,0.7383419689,False
3877,1,0.6432832027,0.439818181,1,0.7375416414,0.5570019246,1,,False
3878,0,0.1994181322,0.439818181,0,0.05856575941,0.5570019246,0,0.4120130493,False
3879,0,0.4987287686,0.439818181,1,0.1210775548,0.5570019246,0,0.8938783343,False
3880,0,0.08081168099,0.439818181,0,0.02096915288,0.5570019246,0,0.2141623489,False
3881,0,0.326024345,0.439818181,0,0.3637090369,0.5570019246,0,0.6477643447,False
3882,0,0.1218034598,0.439818181,0,0.05580323099,0.5570019246,0,0.2819996162,False
3883,0,0.3837676922,0.439818181,0,0.5100940241,0.5570019246,0,0.7511993859,False
3884,0,0.0846665213,0.439818181,0,0.05510110731,0.5570019246,0,0.22087891,False
3885,0,0.3070296373,0.439818181,0,0.385673495,0.5570019246,0,0.6111111111,False
3886,0,0.03405595491,0.439818181,0,0.01221378388,0.5570019246,0,0.1201304932,False
3887,0,0.05923223329,0.439818181,0,0.01764592525,0.5570019246,0,0.1749184418,False
3888,0,0.1885556766,0.439818181,0,0.07853163705,0.5570019246,0,0.3925350221,False
3889,0,0.334767332,0.439818181,0,0.3711260125,0.5570019246,0,0.6639800422,False
3890,0,0.2462410105,0.439818181,0,0.3495979252,0.5570019246,0,0.4963538668,False
3891,0,0.1907761428,0.439818181,0,0.07287916068,0.5570019246,0,0.3959892535,False
3892,0,0.005041769347,0.439818181,0,0.003099096982,0.5570019246,0,0.02633851468,False
3893,0,0.2546024233,0.439818181,0,0.077797459,0.5570019246,0,0.5118019574,False
3894,0,0.04091758797,0.439818181,0,0.01945595715,0.5570019246,0,0.1366340434,False
3895,0,0.1880056199,0.439818181,0,0.0410063182,0.5570019246,0,0.3913836116,False
3896,1,0.7132769092,0.439818181,1,0.909077048,0.5570019246,1,,False
3897,1,0.5930560543,0.439818181,1,0.6267271861,0.5570019246,1,,False
3898,0,0.3001336118,0.439818181,0,0.3223653921,0.5570019246,0,0.5986374976,False
3899,1,0.5547400604,0.439818181,1,0.6594803953,0.5570019246,1,,False
3900,1,0.8562728429,0.439818181,1,0.9662327509,0.5570019246,1,,False
3901,0,0.1454447697,0.439818181,0,0.04489337147,0.5570019246,0,0.3201880637,False
3902,0,0.02296108688,0.439818181,0,0.01636764903,0.5570019246,0,0.09297639609,False
3903,0,0.1643575028,0.439818181,0,0.05080368782,0.5570019246,0,0.3508923431,False
3904,0,0.04540026007,0.439818181,0,0.01807839957,0.5570019246,0,0.1458453272,False
3905,0,0.04161327058,0.439818181,0,0.01327421261,0.5570019246,0,0.1380733065,False
3906,0,0.1702986169,0.439818181,0,0.07455601378,0.5570019246,0,0.3616388409,False
3907,0,0.6104134458,0.439818181,1,0.2044535556,0.5570019246,0,0.9663212435,True
3908,0,0.05583808878,0.439818181,0,0.02353901771,0.5570019246,0,0.1660909614,False
3909,0,0.1507711442,0.439818181,0,0.03405686967,0.5570019246,0,0.3293993475,False
3910,0,0.003356071605,0.439818181,0,0.001897367327,0.5570019246,0,0.01775091153,False
3911,0,0.1842998782,0.439818181,0,0.09100834094,0.5570019246,0,0.3848589522,False
3912,0,0.1655423472,0.439818181,0,0.03882779625,0.5570019246,0,0.3532911149,False
3913,0,0.1655122195,0.439818181,0,0.249521362,0.5570019246,0,0.3531951641,False
3914,0,0.06167562564,0.439818181,0,0.03320834981,0.5570019246,0,0.1791402802,False
3915,0,0.2102186407,0.439818181,0,0.08777444061,0.5570019246,0,0.4321627327,False
3916,0,0.2139585419,0.439818181,0,0.05418767315,0.5570019246,0,0.4376319325,False
3917,0,0.3986678687,0.439818181,0,0.1233974028,0.5570019246,0,0.774611399,False
3918,1,0.5707779765,0.439818181,1,0.6287566038,0.5570019246,1,,False
3919,0,0.1693298403,0.439818181,0,0.04488725156,0.5570019246,0,0.3596238726,False
3920,0,0.4405609131,0.439818181,1,0.1266084155,0.5570019246,0,0.8303588563,False
3921,1,0.6343836804,0.439818181,1,0.8771387633,0.5570019246,1,,False
3922,0,0.03837154986,0.439818181,0,0.01766509687,0.5570019246,0,0.1315486471,False
3923,0,0.3697325016,0.439818181,0,0.1184573852,0.5570019246,0,0.7263481098,False
3924,0,0.4669427188,0.439818181,1,0.6329625834,0.5570019246,1,0.8606793322,False
3925,0,0.2463510229,0.439818181,0,0.4913415518,0.5570019246,0,0.4965457686,False
3926,0,0.05918059981,0.439818181,0,0.0373947143,0.5570019246,0,0.17472654,False
3927,0,0.1225970596,0.439818181,0,0.04438553657,0.5570019246,0,0.2832469775,False
3928,0,0.06859753829,0.439818181,0,0.03236119081,0.5570019246,0,0.1919976972,False
3929,0,0.1069363409,0.439818181,0,0.02235355715,0.5570019246,0,0.257915947,False
3930,0,0.2068277584,0.439818181,0,0.4083794292,0.5570019246,0,0.4262137785,False
3931,0,0.343652055,0.439818181,0,0.1361541749,0.5570019246,0,0.6800997889,False
3932,0,0.04454463504,0.439818181,0,0.04125108734,0.5570019246,0,0.143734408,False
3933,0,0.006252469984,0.439818181,0,0.002412758214,0.5570019246,0,0.03339090386,False
3934,0,0.03588555895,0.439818181,0,0.01432411694,0.5570019246,0,0.1253118403,False
3935,1,0.6911605318,0.439818181,1,0.865201845,0.5570019246,1,,False
3936,0,0.2553028607,0.439818181,0,0.0981871391,0.5570019246,0,0.5132412205,False
3937,0,0.3904550993,0.439818181,0,0.1344212814,0.5570019246,0,0.7619458837,False
3938,0,0.364710184,0.439818181,0,0.1216170819,0.5570019246,0,0.7184801382,False
3939,0,0.4505294199,0.439818181,1,0.07629020299,0.5570019246,0,0.843408175,False
3940,0,0.3454463553,0.439818181,0,0.07868108245,0.5570019246,0,0.6842256765,False
3941,0,0.01658460428,0.439818181,0,0.01001775615,0.5570019246,0,0.0729226636,False
3942,0,0.03335675729,0.439818181,0,0.01387931244,0.5570019246,0,0.1183074266,False
3943,0,0.1036038862,0.439818181,0,0.04613439468,0.5570019246,0,0.2521588946,False
3944,0,0.031936258,0.439818181,0,0.01027172572,0.5570019246,0,0.1141815391,False
3945,1,0.5922494951,0.439818181,1,0.8801443514,0.5570019246,1,,False
3946,0,0.05317975857,0.439818181,0,0.02592928035,0.5570019246,0,0.1610055652,False
3947,0,0.4324373989,0.439818181,0,0.176487607,0.5570019246,0,0.819228555,False
3948,1,0.6358483977,0.439818181,1,0.8785428545,0.5570019246,1,,False
3949,0,0.01477447967,0.439818181,0,0.00439830662,0.5570019246,0,0.06582229898,False
3950,0,0.06562226182,0.439818181,0,0.02000544096,0.5570019246,0,0.1859527922,False
3951,0,0.009953871691,0.439818181,0,0.007640824436,0.5570019246,0,0.04816733832,False
3952,1,0.8212154757,0.439818181,1,0.9418892101,0.5570019246,1,,False
3953,0,0.2885657853,0.439818181,0,0.09165986088,0.5570019246,0,0.5734983688,False
3954,0,0.3759454607,0.439818181,0,0.1029415305,0.5570019246,0,0.7394933794,False
3955,0,0.007475851175,0.439818181,0,0.001908811725,0.5570019246,0,0.03809249664,False
3956,0,0.3060203483,0.439818181,0,0.6693034679,0.5570019246,1,0.6092880445,False
3957,0,0.002079061097,0.439818181,0,8.832593804e-05,0.5570019246,0,0.01050662061,False
3958,0,0.1334164442,0.439818181,0,0.04592161193,0.5570019246,0,0.3019573978,False
3959,1,0.8014788912,0.439818181,1,0.9408728732,0.5570019246,1,,False
3960,0,0.01950721806,0.439818181,0,0.007588481219,0.5570019246,0,0.0829015544,False
3961,0,0.1840688243,0.439818181,0,0.04414325428,0.5570019246,0,0.3845710996,False
3962,0,0.2973548124,0.439818181,0,0.09609199371,0.5570019246,0,0.5928804452,False
3963,0,0.2024092191,0.439818181,0,0.04091544771,0.5570019246,0,0.4187296104,False
3964,0,0.08807714058,0.439818181,0,0.0444559494,0.5570019246,0,0.2256764537,False
3965,0,0.2377238062,0.439818181,0,0.08131979015,0.5570019246,0,0.4797543658,False
3966,0,0.1133865475,0.439818181,0,0.03534511683,0.5570019246,0,0.2699098062,False
3967,1,0.5675187821,0.439818181,1,0.6739977131,0.5570019246,1,,False
3968,1,0.605287001,0.439818181,1,0.7250258088,0.5570019246,1,,False
3969,0,0.05535373389,0.439818181,0,0.02139758602,0.5570019246,0,0.1649395509,False
3970,1,0.743993873,0.439818181,1,0.870659978,0.5570019246,1,,False
3971,0,0.06832812147,0.439818181,0,0.02550634656,0.5570019246,0,0.1915179428,False
3972,0,0.1257249992,0.439818181,0,0.06168226416,0.5570019246,0,0.2877566686,False
3973,0,0.1325969952,0.439818181,0,0.06895157092,0.5570019246,0,0.3005181347,False
3974,0,0.03884420182,0.439818181,0,0.01297931536,0.5570019246,0,0.1327000576,False
3975,0,0.06230535142,0.439818181,0,0.03949789607,0.5570019246,0,0.1803876415,False
3976,0,0.1063149142,0.439818181,0,0.03366627767,0.5570019246,0,0.2568604874,False
3977,0,0.4163272004,0.439818181,0,0.05679404252,0.5570019246,0,0.799558626,False
3978,0,0.3609448282,0.439818181,0,0.08477535346,0.5570019246,0,0.7106121666,False
3979,1,0.503499901,0.439818181,1,0.8065647821,0.5570019246,1,,False
3980,0,0.1012840708,0.439818181,0,0.02426747166,0.5570019246,0,0.2480330071,False
3981,0,0.1891930709,0.439818181,0,0.06398289674,0.5570019246,0,0.3933026291,False
3982,0,0.4117976898,0.439818181,0,0.0748256923,0.5570019246,0,0.7941853771,False
3983,0,0.01118391119,0.439818181,0,0.006858813112,0.5570019246,0,0.05373248897,False
3984,0,0.1239125946,0.439818181,0,0.0266890927,0.5570019246,0,0.2847821915,False
3985,0,0.002386454716,0.439818181,0,0.001860935601,0.5570019246,0,0.01266551526,False
3986,0,0.005888355798,0.439818181,0,0.003207588751,0.5570019246,0,0.03089618116,False
3987,0,0.0766910336,0.439818181,0,0.03432342141,0.5570019246,0,0.2068700825,False
3988,0,0.1441916645,0.439818181,0,0.05861152896,0.5570019246,0,0.3180771445,False
3989,0,0.3255092772,0.439818181,0,0.158061398,0.5570019246,0,0.6467088851,False
3990,0,0.0494973659,0.439818181,0,0.01953131544,0.5570019246,0,0.1532335444,False
3991,0,0.3564901827,0.439818181,0,0.063395307,0.5570019246,0,0.7017846862,False
3992,0,0.5342045723,0.439818181,1,0.08811586631,0.5570019246,0,0.9227595471,True
3993,0,0.04757160586,0.439818181,0,0.05426186263,0.5570019246,0,0.1500671656,False
3994,0,0.317634196,0.439818181,0,0.07646454588,0.5570019246,0,0.6328919593,False
3995,0,0.1039948379,0.439818181,0,0.0367652175,0.5570019246,0,0.2524467473,False
3996,0,0.4847883121,0.439818181,1,0.1201329749,0.5570019246,0,0.8805411629,False
3997,0,0.02249249328,0.439818181,0,0.0143825521,0.5570019246,0,0.09153713299,False
3998,0,0.4150734351,0.439818181,0,0.1475361428,0.5570019246,0,0.7974477068,False
3999,0,0.4617233611,0.439818181,1,0.1096706667,0.5570019246,0,0.8554020342,False
4000,0,0.1679306487,0.439818181,0,0.1010840279,0.5570019246,0,0.3580886586,False
4001,0,0.328813664,0.439818181,0,0.07943252116,0.5570019246,0,0.6524659374,False
4002,0,0.01088208032,0.439818181,0,0.01499411531,0.5570019246,0,0.05229322587,False
4003,1,0.8357478266,0.439818181,1,0.9503950145,0.5570019246,1,,False
4004,0,0.01710950845,0.439818181,0,0.007093347948,0.5570019246,0,0.07560928804,False
4005,0,0.3868332738,0.439818181,0,0.1036026647,0.5570019246,0,0.75494147,False
4006,1,0.5620225367,0.439818181,1,0.8887664946,0.5570019246,1,,False
4007,1,0.8249192672,0.439818181,1,0.9634532491,0.5570019246,1,,False
4008,0,0.3443391651,0.439818181,0,0.6093551376,0.5570019246,1,0.6819228555,False
4009,0,0.01943352094,0.439818181,0,0.01645543304,0.5570019246,0,0.08261370178,False
4010,0,0.3061451399,0.439818181,0,0.07946652658,0.5570019246,0,0.6095758971,False
4011,0,0.04197597792,0.439818181,0,0.01612020102,0.5570019246,0,0.1385530608,False
4012,0,0.06871235661,0.439818181,0,0.5084873113,0.5570019246,0,0.1922855498,False
4013,1,0.614583165,0.439818181,1,0.8855887819,0.5570019246,1,,False
4014,0,0.2470983512,0.439818181,0,0.08420827975,0.5570019246,0,0.4981769334,False
4015,0,0.2183539338,0.439818181,0,0.064207867,0.5570019246,0,0.4459796584,False
4016,0,0.06245236609,0.439818181,0,0.02875880569,0.5570019246,0,0.1805795433,False
4017,0,0.3592850324,0.439818181,0,0.08114823419,0.5570019246,0,0.7073498369,False
4018,0,0.3102950179,0.439818181,0,0.2635718688,0.5570019246,0,0.617251967,False
4019,0,0.09831578017,0.439818181,0,0.03970276223,0.5570019246,0,0.2434273652,False
4020,0,0.05011400213,0.439818181,0,0.03270302293,0.5570019246,0,0.1548647093,False
4021,0,0.4529577645,0.439818181,1,0.08477183297,0.5570019246,0,0.8463826521,False
4022,0,0.4237162259,0.439818181,0,0.6664374724,0.5570019246,1,0.8095375168,False
4023,0,0.00475619439,0.439818181,0,0.002695368957,0.5570019246,0,0.02446747265,False
4024,0,0.4436431322,0.439818181,1,0.6230998689,0.5570019246,1,0.8344847438,False
4025,0,0.01433517691,0.439818181,0,0.009681536316,0.5570019246,0,0.06457493763,False
4026,0,0.09327958903,0.439818181,0,0.0379793613,0.5570019246,0,0.2357512953,False
4027,0,0.1361186872,0.439818181,0,0.07769843056,0.5570019246,0,0.3057954327,False
4028,0,0.4292913584,0.439818181,0,0.5369479096,0.5570019246,0,0.8154864709,False
4029,0,0.1081938522,0.439818181,0,0.02455502294,0.5570019246,0,0.260218768,False
4030,0,0.3786068816,0.439818181,0,0.09316793878,0.5570019246,0,0.7438111687,False
4031,0,0.3260241181,0.439818181,0,0.3280042859,0.5570019246,0,0.6476683938,False
4032,1,0.5418037369,0.439818181,1,0.7190614701,0.5570019246,1,,False
4033,0,0.3614621487,0.439818181,0,0.09098397748,0.5570019246,0,0.7120514297,False
4034,0,0.04949755478,0.439818181,0,0.02121698971,0.5570019246,0,0.1533294953,False
4035,0,0.1886578151,0.439818181,0,0.08418355319,0.5570019246,0,0.3928228747,False
4036,0,0.3314315164,0.439818181,0,0.08494144764,0.5570019246,0,0.6571675302,False
4037,0,0.07237059481,0.439818181,0,0.01799616107,0.5570019246,0,0.1983304548,False
4038,0,0.3973441846,0.439818181,0,0.08870581974,0.5570019246,0,0.7722126271,False
4039,0,0.1352345066,0.439818181,0,0.0442314631,0.5570019246,0,0.3046440223,False
4040,0,0.001112410534,0.439818181,0,0.0008643057828,0.5570019246,0,0.002494722702,False
4041,0,0.2507523081,0.439818181,0,0.05817615426,0.5570019246,0,0.5042218384,False
4042,0,0.09182715918,0.439818181,0,0.03635880284,0.5570019246,0,0.2334484744,False
4043,0,0.4020092923,0.439818181,0,0.1188098254,0.5570019246,0,0.7803684514,False
4044,1,0.4155327408,0.439818181,0,0.6873369753,0.5570019246,1,,False
4045,0,0.1277056141,0.439818181,0,0.04980235346,0.5570019246,0,0.2923623105,False
4046,0,0.09166328775,0.439818181,0,0.02951522685,0.5570019246,0,0.2330646709,False
4047,0,0.3150497288,0.439818181,0,0.1087188144,0.5570019246,0,0.6272308578,False
4048,0,0.06448457186,0.439818181,0,0.01741922088,0.5570019246,0,0.1836499712,False
4049,1,0.6793798292,0.439818181,1,0.910423933,0.5570019246,1,,False
4050,1,0.6851407746,0.439818181,1,0.7890326997,0.5570019246,1,,False
4051,1,0.5740540822,0.439818181,1,0.8754777221,0.5570019246,1,,False
4052,0,0.03366340241,0.439818181,0,0.01757611257,0.5570019246,0,0.1190750336,False
4053,0,0.3637393221,0.439818181,0,0.09335657054,0.5570019246,0,0.716369219,False
4054,0,0.001249184475,0.439818181,0,0.002523239839,0.5570019246,0,0.005565150643,False
4055,0,0.009498281488,0.439818181,0,0.006367669422,0.5570019246,0,0.04519286126,False
4056,0,0.1707078096,0.439818181,0,0.04495760191,0.5570019246,0,0.3621185953,False
4057,0,0.2730123576,0.439818181,0,0.2960408435,0.5570019246,0,0.544617156,False
4058,0,0.1999230477,0.439818181,0,0.04030875739,0.5570019246,0,0.4132604107,False
4059,0,0.05873523404,0.439818181,0,0.01829486999,0.5570019246,0,0.1737670313,False
4060,0,0.2569567066,0.439818181,0,0.08234199902,0.5570019246,0,0.5170792554,False
4061,0,0.3497689163,0.439818181,0,0.09001786552,0.5570019246,0,0.6910381884,False
4062,0,0.2400904999,0.439818181,0,0.0925490597,0.5570019246,0,0.4851276147,False
4063,0,0.4891151522,0.439818181,1,0.5010413671,0.5570019246,0,0.884283247,False
4064,0,0.01402013224,0.439818181,0,0.01409936052,0.5570019246,0,0.06284782192,False
4065,0,0.254518407,0.439818181,0,0.07370881751,0.5570019246,0,0.5115141048,False
4066,0,0.514740736,0.439818181,1,0.54804202,0.5570019246,0,0.9080790635,True
4067,0,0.02846983793,0.439818181,0,0.0130804785,0.5570019246,0,0.1053540587,False
4068,0,0.5256466218,0.439818181,1,0.1030455503,0.5570019246,0,0.9175782,True
4069,1,0.7122553178,0.439818181,1,0.7844183166,0.5570019246,1,,False
4070,1,0.8427714299,0.439818181,1,0.9518734973,0.5570019246,1,,False
4071,1,0.5853318806,0.439818181,1,0.7786332999,0.5570019246,1,,False
4072,0,0.01723017573,0.439818181,0,0.01366390578,0.5570019246,0,0.07628094416,False
4073,1,0.5558062958,0.439818181,1,0.6424649039,0.5570019246,1,,False
4074,0,0.01291335964,0.439818181,0,0.006575942307,0.5570019246,0,0.05977739397,False
4075,0,0.225203414,0.439818181,0,0.124890146,0.5570019246,0,0.4563423527,False
4076,0,0.3758833684,0.439818181,0,0.574813807,0.5570019246,1,0.7392055268,False
4077,0,0.2897555843,0.439818181,0,0.07029921216,0.5570019246,0,0.5765687968,False
4078,0,0.3233449539,0.439818181,0,0.08090386539,0.5570019246,0,0.6427748993,False
4079,0,0.0308981597,0.439818181,0,0.01074647419,0.5570019246,0,0.111974669,False
4080,0,0.009629104738,0.439818181,0,0.005838053325,0.5570019246,0,0.04605641911,False
4081,0,0.4018805085,0.439818181,0,0.06990440788,0.5570019246,0,0.779888697,False
4082,0,0.5169695438,0.439818181,1,0.1135987652,0.5570019246,0,0.9099021301,True
4083,0,0.414020848,0.439818181,0,0.1483870776,0.5570019246,0,0.7958165419,False
4084,0,0.4273291196,0.439818181,0,0.06483404246,0.5570019246,0,0.8138553061,False
4085,0,0.1476309954,0.439818181,0,0.07248819208,0.5570019246,0,0.3238341969,False
4086,0,0.06293065902,0.439818181,0,0.03849427631,0.5570019246,0,0.1812511994,False
4087,0,0.1130952188,0.439818181,0,0.03746620188,0.5570019246,0,0.2690462483,False
4088,0,0.06518898903,0.439818181,0,0.0245166724,0.5570019246,0,0.1849932834,False
4089,0,0.006534584125,0.439818181,0,0.008968168207,0.5570019246,0,0.03473421608,False
4090,0,0.4517869284,0.439818181,1,0.1058174401,0.5570019246,0,0.844943389,False
4091,0,0.1144494794,0.439818181,0,0.05804452722,0.5570019246,0,0.271540971,False
4092,0,0.007494963649,0.439818181,0,0.006165554815,0.5570019246,0,0.03818844751,False
4093,0,0.03728430988,0.439818181,0,0.01887958534,0.5570019246,0,0.1290539244,False
4094,0,0.2282473967,0.439818181,0,0.08276321735,0.5570019246,0,0.4607560929,False
4095,0,0.03203872982,0.439818181,0,0.04452867507,0.5570019246,0,0.1142774899,False
4096,0,0.1092418111,0.439818181,0,0.03147951566,0.5570019246,0,0.2622337363,False
4097,1,0.841554525,0.439818181,1,0.940848393,0.5570019246,1,,False
4098,0,0.07196474243,0.439818181,0,0.4253164504,0.5570019246,0,0.1978507004,False
4099,0,0.4144716168,0.439818181,0,0.07264753665,0.5570019246,0,0.7965841489,False
4100,0,0.3847154487,0.439818181,0,0.1100071688,0.5570019246,0,0.752638649,False
4101,0,0.3099455842,0.439818181,0,0.1125903909,0.5570019246,0,0.6167722126,False
4102,0,0.3381753308,0.439818181,0,0.08666816264,0.5570019246,0,0.6699289964,False
4103,0,0.181044753,0.439818181,0,0.07116502112,0.5570019246,0,0.3797735559,False
4104,0,0.09714141651,0.439818181,0,0.02976704133,0.5570019246,0,0.2411245442,False
4105,0,0.233518703,0.439818181,0,0.08230868715,0.5570019246,0,0.4717904433,False
4106,0,0.4229337947,0.439818181,0,0.1631322516,0.5570019246,0,0.8081942046,False
4107,0,0.2181116409,0.439818181,0,0.02113759187,0.5570019246,0,0.4452120514,False
4108,0,0.2606660899,0.439818181,0,0.0688240218,0.5570019246,0,0.5231241604,False
4109,0,0.2888140039,0.439818181,0,0.1343977033,0.5570019246,0,0.5739781232,False
4110,0,0.195464312,0.439818181,0,0.1910531834,0.5570019246,0,0.4057762426,False
4111,0,0.1112530224,0.439818181,0,0.03286023376,0.5570019246,0,0.2651122625,False
4112,0,0.4333287573,0.439818181,0,0.1292585821,0.5570019246,0,0.8203799655,False
4113,1,0.6755034623,0.439818181,1,0.8185009438,0.5570019246,1,,False
4114,0,0.05244456227,0.439818181,0,0.01008525814,0.5570019246,0,0.1597582038,False
4115,0,0.3414640982,0.439818181,0,0.1587418894,0.5570019246,0,0.6756860487,False
4116,0,0.3108701329,0.439818181,0,0.3584229357,0.5570019246,0,0.6179236231,False
4117,0,0.1628531669,0.439818181,0,0.09948805109,0.5570019246,0,0.3488773748,False
4118,0,0.0636048971,0.439818181,0,0.03902372394,0.5570019246,0,0.1821147572,False
4119,0,0.2380879975,0.439818181,0,0.5619397704,0.5570019246,1,0.4809057762,False
4120,0,0.3946530811,0.439818181,0,0.1149166926,0.5570019246,0,0.7689502974,False
4121,0,0.3597826557,0.439818181,0,0.1012634345,0.5570019246,0,0.7082133947,False
4122,0,0.06046354512,0.439818181,0,0.02356544416,0.5570019246,0,0.1773172136,False
4123,1,0.4745160767,0.439818181,1,0.8172083665,0.5570019246,1,,False
4124,0,0.01538574994,0.439818181,0,0.01334585576,0.5570019246,0,0.06831702168,False
4125,1,0.5173795926,0.439818181,1,0.8952206136,0.5570019246,1,,False
4126,0,0.06778581171,0.439818181,0,0.0163193547,0.5570019246,0,0.1903665323,False
4127,0,0.03293988451,0.439818181,0,0.008711377008,0.5570019246,0,0.1170600652,False
4128,1,0.6394206166,0.439818181,1,0.9228586555,0.5570019246,1,,False
4129,0,0.01083114524,0.439818181,0,0.003327605702,0.5570019246,0,0.05190942238,False
4130,0,0.3330807188,0.439818181,0,0.09260440588,0.5570019246,0,0.6605258108,False
4131,1,0.5811650905,0.439818181,1,0.6663156711,0.5570019246,1,,False
4132,0,0.2277659793,0.439818181,0,0.06925989233,0.5570019246,0,0.4603722894,False
4133,0,0.2588309496,0.439818181,0,0.1273812301,0.5570019246,0,0.5205334869,False
4134,0,0.2923722154,0.439818181,0,0.08598170035,0.5570019246,0,0.5818460948,False
4135,1,0.6240813909,0.439818181,1,0.8270029267,0.5570019246,1,,False
4136,0,0.04745450506,0.439818181,0,0.02233581727,0.5570019246,0,0.149779313,False
4137,0,0.002908946361,0.439818181,0,0.0007280197775,0.5570019246,0,0.01477643447,False
4138,0,0.1320373435,0.439818181,0,0.04905421622,0.5570019246,0,0.299558626,False
4139,0,0.02640376549,0.439818181,0,0.01458458972,0.5570019246,0,0.1007484168,False
4140,0,0.06891973498,0.439818181,0,0.01910150443,0.5570019246,0,0.1927653042,False
4141,0,0.1147973727,0.439818181,0,0.06208259658,0.5570019246,0,0.2718288236,False
4142,0,0.185258884,0.439818181,0,0.06160571324,0.5570019246,0,0.3861063136,False
4143,0,0.01123118687,0.439818181,0,0.01399606731,0.5570019246,0,0.05411629246,False
4144,0,0.1496362214,0.439818181,0,0.06568923069,0.5570019246,0,0.3276722318,False
4145,0,0.02029681667,0.439818181,0,0.009014691372,0.5570019246,0,0.08530032623,False
4146,0,0.03441990881,0.439818181,0,0.03019316628,0.5570019246,0,0.1216657072,False
4147,0,0.2424786703,0.439818181,0,0.115357184,0.5570019246,0,0.4901170601,False
4148,1,0.6272420585,0.439818181,1,0.9287677692,0.5570019246,1,,False
4149,0,0.1220695814,0.439818181,0,0.03807388204,0.5570019246,0,0.2823834197,False
4150,0,0.2324220275,0.439818181,0,0.1955634026,0.5570019246,0,0.4700633276,False
4151,0,0.2334466266,0.439818181,0,0.125396214,0.5570019246,0,0.4715025907,False
4152,0,0.1008195517,0.439818181,0,0.02638270718,0.5570019246,0,0.2471694492,False
4153,0,0.007997263025,0.439818181,0,0.002258839877,0.5570019246,0,0.03943580887,False
4154,0,0.4171505612,0.439818181,0,0.6730986915,0.5570019246,1,0.8005181347,False
4155,0,0.5743646734,0.439818181,1,0.1298683225,0.5570019246,0,0.9504893495,True
4156,0,0.2767620136,0.439818181,0,0.1019425581,0.5570019246,0,0.5516215698,False
4157,0,0.046251696,0.439818181,0,0.01672567483,0.5570019246,0,0.1473805412,False
4158,0,0.3720217202,0.439818181,0,0.1311883583,0.5570019246,0,0.7317213587,False
4159,0,0.08970480229,0.439818181,0,0.03213181223,0.5570019246,0,0.2288428325,False
4160,0,0.08308515789,0.439818181,0,0.02282286929,0.5570019246,0,0.2178084821,False
4161,1,0.6620652818,0.439818181,1,0.8852937658,0.5570019246,1,,False
4162,0,0.07799960464,0.439818181,0,0.03058822136,0.5570019246,0,0.2093648052,False
4163,0,0.3305703251,0.439818181,0,0.4065171877,0.5570019246,0,0.6556323163,False
4164,0,0.003286729049,0.439818181,0,0.0008734664077,0.5570019246,0,0.01712723086,False
4165,0,0.182354325,0.439818181,0,0.03236204328,0.5570019246,0,0.3823642295,False
4166,0,0.3149720326,0.439818181,0,0.07147017319,0.5570019246,0,0.6269430052,False
4167,0,0.05575000378,0.439818181,0,0.01485878788,0.5570019246,0,0.1657071579,False
4168,0,0.05646886429,0.439818181,0,0.03243384301,0.5570019246,0,0.1678180771,False
4169,0,0.1694453956,0.439818181,0,0.0765762084,0.5570019246,0,0.3599117252,False
4170,0,0.5489057628,0.439818181,1,0.1970331194,0.5570019246,0,0.9336979467,True
4171,0,0.01779610509,0.439818181,0,0.004478948318,0.5570019246,0,0.07762425638,False
4172,0,0.02126839534,0.439818181,0,0.006106156797,0.5570019246,0,0.0882748033,False
4173,0,0.1962524187,0.439818181,0,0.06230607268,0.5570019246,0,0.4070236039,False
4174,0,0.3134532188,0.439818181,0,0.3897101838,0.5570019246,0,0.6243523316,False
4175,0,0.2359418249,0.439818181,0,0.1034525111,0.5570019246,0,0.4763960852,False
4176,0,0.01974718306,0.439818181,0,0.0102609809,0.5570019246,0,0.0832853579,False
4177,0,0.01186617479,0.439818181,0,0.005349774013,0.5570019246,0,0.05622721167,False
4178,0,0.1027138082,0.439818181,0,0.0724600582,0.5570019246,0,0.2504317789,False
4179,0,0.002846975766,0.439818181,0,0.003327780028,0.5570019246,0,0.0142966801,False
4180,0,0.3223145946,0.439818181,0,0.1619818329,0.5570019246,0,0.6413356362,False
4181,0,0.3636397084,0.439818181,0,0.4863133773,0.5570019246,0,0.7159854155,False
4182,0,0.3164985111,0.439818181,0,0.0957089185,0.5570019246,0,0.6302053349,False
4183,0,0.0006572658655,0.439818181,0,0.0008824432897,0.5570019246,0,0.0005757052389,False
4184,1,0.677712024,0.439818181,1,0.9144760772,0.5570019246,1,,False
4185,1,0.6586746734,0.439818181,1,0.8466952146,0.5570019246,1,,False
4186,1,0.6493655006,0.439818181,1,0.8870449188,0.5570019246,1,,False
4187,0,0.007639155485,0.439818181,0,0.002686667072,0.5570019246,0,0.03838034926,False
4188,0,0.2079218414,0.439818181,0,0.08233972328,0.5570019246,0,0.4283246978,False
4189,0,0.008490688028,0.439818181,0,0.004070938092,0.5570019246,0,0.04106697371,False
4190,0,0.3956763546,0.439818181,0,0.6145225352,0.5570019246,1,0.7704855114,False
4191,0,0.2987902003,0.439818181,0,0.06132756517,0.5570019246,0,0.5958549223,False
4192,0,0.2785124909,0.439818181,0,0.4537592993,0.5570019246,0,0.5554596047,False
4193,0,0.04212281898,0.439818181,0,0.01664166598,0.5570019246,0,0.1391287661,False
4194,0,0.229843716,0.439818181,0,0.2636240905,0.5570019246,0,0.4643062752,False
4195,0,0.4577977931,0.439818181,1,0.7710707256,0.5570019246,1,0.8515639992,False
4196,0,0.2298510797,0.439818181,0,0.07161693655,0.5570019246,0,0.4644022261,False
4197,0,0.08531305277,0.439818181,0,0.02003490735,0.5570019246,0,0.2218384187,False
4198,0,0.3727957361,0.439818181,0,0.1440689451,0.5570019246,0,0.7334484744,False
4199,0,0.4669220525,0.439818181,1,0.1791401904,0.5570019246,0,0.8605833813,False
4200,0,0.2969696665,0.439818181,0,0.1108024502,0.5570019246,0,0.5918249856,False
4201,0,0.1168883458,0.439818181,0,0.04363973977,0.5570019246,0,0.2757628094,False
4202,0,0.08348463444,0.439818181,0,0.04198561472,0.5570019246,0,0.2186720399,False
4203,0,0.3199494927,0.439818181,0,0.1134884808,0.5570019246,0,0.6365380925,False
4204,0,0.02951440647,0.439818181,0,0.00755984213,0.5570019246,0,0.1078487814,False
4205,0,0.1781555251,0.439818181,0,0.05592217525,0.5570019246,0,0.3745922088,False
4206,0,0.0760337737,0.439818181,0,0.0172958733,0.5570019246,0,0.2055267703,False
4207,0,0.2876900786,0.439818181,0,0.1033593942,0.5570019246,0,0.5717712531,False
4208,0,0.4062218912,0.439818181,0,0.5738467151,0.5570019246,1,0.785933602,False
4209,0,0.04647865502,0.439818181,0,0.0191261095,0.5570019246,0,0.1477643447,False
4210,0,0.1914781569,0.439818181,0,0.03462620989,0.5570019246,0,0.3973325657,False
4211,0,0.1514415842,0.439818181,0,0.1207910906,0.5570019246,0,0.3303588563,False
4212,0,0.1329086551,0.439818181,0,0.03351136217,0.5570019246,0,0.3013816926,False
4213,0,0.2386370494,0.439818181,0,0.08927317008,0.5570019246,0,0.4821531376,False
4214,0,0.08244490606,0.439818181,0,0.07729314603,0.5570019246,0,0.2169449242,False
4215,0,0.1053773227,0.439818181,0,0.03621195506,0.5570019246,0,0.2548455191,False
4216,0,0.2160739879,0.439818181,0,0.05841792929,0.5570019246,0,0.4410861639,False
4217,0,0.2048603986,0.439818181,0,0.7476920964,0.5570019246,1,0.4226635962,False
4218,0,0.2785327053,0.439818181,0,0.04838505278,0.5570019246,0,0.5555555556,False
4219,0,0.1897907768,0.439818181,0,0.08639309179,0.5570019246,0,0.3945499904,False
4220,0,0.1726969931,0.439818181,0,0.07425569991,0.5570019246,0,0.3649011706,False
4221,0,0.4310055505,0.439818181,0,0.605455442,0.5570019246,1,0.8174054884,False
4222,0,0.02112446368,0.439818181,0,0.009879702717,0.5570019246,0,0.08741124544,False
4223,1,0.6771056476,0.439818181,1,0.8933397132,0.5570019246,1,,False
4224,0,0.3202710509,0.439818181,0,0.1163827764,0.5570019246,0,0.6370178469,False
4225,0,0.005187276669,0.439818181,0,0.004622441623,0.5570019246,0,0.02758587603,False
4226,0,0.168214162,0.439818181,0,0.06324463844,0.5570019246,0,0.3582805604,False
4227,0,0.2616658083,0.439818181,0,0.3358560027,0.5570019246,0,0.5255229323,False
4228,0,0.1260805305,0.439818181,0,0.04067827592,0.5570019246,0,0.2890040299,False
4229,0,0.131324144,0.439818181,0,0.053216841,0.5570019246,0,0.2985991173,False
4230,1,0.4758811591,0.439818181,1,0.6262344207,0.5570019246,1,,False
4231,0,0.3277629772,0.439818181,0,0.09469204589,0.5570019246,0,0.6507388217,False
4232,0,0.004113270277,0.439818181,0,0.00259088932,0.5570019246,0,0.02230857801,False
4233,1,0.5207402932,0.439818181,1,0.7913528225,0.5570019246,1,,False
4234,0,0.03406743915,0.439818181,0,0.01227551537,0.5570019246,0,0.1202264441,False
4235,0,0.4062377026,0.439818181,0,0.4530545817,0.5570019246,0,0.7860295529,False
4236,0,0.1569272064,0.439818181,0,0.05030976342,0.5570019246,0,0.3385146805,False
4237,0,0.08234231767,0.439818181,0,0.01853927188,0.5570019246,0,0.2166570716,False
4238,0,0.1051383409,0.439818181,0,0.03546316958,0.5570019246,0,0.2546536173,False
4239,0,0.1272269088,0.439818181,0,0.03233223688,0.5570019246,0,0.2912109,False
4240,0,0.2315741309,0.439818181,0,0.08833372447,0.5570019246,0,0.4683362119,False
4241,0,0.01161950599,0.439818181,0,0.009621015232,0.5570019246,0,0.05545960468,False
4242,0,0.2163712136,0.439818181,0,0.08583878804,0.5570019246,0,0.4418537709,False
4243,0,0.09291691369,0.439818181,0,0.02832927807,0.5570019246,0,0.2353674918,False
4244,0,0.01859616636,0.439818181,0,0.007945955912,0.5570019246,0,0.0793513721,False
4245,0,0.3322309432,0.439818181,0,0.09566030352,0.5570019246,0,0.6589905968,False
4246,0,0.4396207897,0.439818181,0,0.5946388552,0.5570019246,1,0.8285357897,False
4247,0,0.1933061058,0.439818181,0,0.06671956885,0.5570019246,0,0.4013625024,False
4248,1,0.5700213122,0.439818181,1,0.7800845116,0.5570019246,1,,False
4249,0,0.3940800733,0.439818181,0,0.1259760753,0.5570019246,0,0.7678948378,False
4250,1,0.8100485046,0.439818181,1,0.9488942279,0.5570019246,1,,False
4251,0,0.1336637817,0.439818181,0,0.05987637496,0.5570019246,0,0.3022452504,False
4252,0,0.5594178778,0.439818181,1,0.149198758,0.5570019246,0,0.9413740165,True
4253,0,0.05137407518,0.439818181,0,0.04629759711,0.5570019246,0,0.1577432355,False
4254,0,0.360739859,0.439818181,0,0.1370748712,0.5570019246,0,0.7100364613,False
4255,0,0.03858128553,0.439818181,0,0.02016972809,0.5570019246,0,0.1319324506,False
4256,0,0.03858676886,0.439818181,0,0.01562800209,0.5570019246,0,0.1320284015,False
4257,0,0.01376864029,0.439818181,0,0.005503973987,0.5570019246,0,0.06227211668,False
4258,0,0.2257866655,0.439818181,0,0.0910425182,0.5570019246,0,0.4573978123,False
4259,0,0.1848246391,0.439818181,0,0.09293886055,0.5570019246,0,0.3854346575,False
4260,1,0.6233441291,0.439818181,1,0.7568191391,0.5570019246,1,,False
4261,0,0.3766152988,0.439818181,0,0.5164096693,0.5570019246,0,0.7409326425,False
4262,0,0.1968680681,0.439818181,0,0.05029243596,0.5570019246,0,0.4079831126,False
4263,0,0.4047184539,0.439818181,0,0.1045792321,0.5570019246,0,0.7841105354,False
4264,0,0.3113814893,0.439818181,0,0.5101619111,0.5570019246,0,0.6192669353,False
4265,0,0.0337241203,0.439818181,0,0.01357075935,0.5570019246,0,0.1193628862,False
4266,0,0.04361948102,0.439818181,0,0.2950317124,0.5570019246,0,0.1416234888,False
4267,0,0.2007296094,0.439818181,0,0.08122212158,0.5570019246,0,0.4151794281,False
4268,0,0.08167895185,0.439818181,0,0.04120669118,0.5570019246,0,0.2156975628,False
4269,0,0.1897652582,0.439818181,0,0.3170005476,0.5570019246,0,0.3944540395,False
4270,0,0.4743982122,0.439818181,1,0.122974693,0.5570019246,0,0.8701784686,False
4271,0,0.02380215948,0.439818181,0,0.01060365395,0.5570019246,0,0.09489541355,False
4272,1,0.6754066727,0.439818181,1,0.895626644,0.5570019246,1,,False
4273,0,0.2666106761,0.439818181,0,0.08956174478,0.5570019246,0,0.5352139704,False
4274,0,0.5104844222,0.439818181,1,0.09774781371,0.5570019246,0,0.9044329303,True
4275,0,0.1006365365,0.439818181,0,0.03022713719,0.5570019246,0,0.2468815966,False
4276,0,0.2559815525,0.439818181,0,0.3247549247,0.5570019246,0,0.5146804836,False
4277,0,0.3375998714,0.439818181,0,0.0590733467,0.5570019246,0,0.6688735367,False
4278,1,0.772288383,0.439818181,1,0.9150476856,0.5570019246,1,,False
4279,0,0.4416817077,0.439818181,1,0.4214301679,0.5570019246,0,0.832085972,False
4280,0,0.2779085606,0.439818181,0,0.4723163181,0.5570019246,0,0.553732489,False
4281,0,0.4751724592,0.439818181,1,0.1404313904,0.5570019246,0,0.8709460756,False
4282,0,0.13061672,0.439818181,0,0.03780197879,0.5570019246,0,0.2974477068,False
4283,1,0.5336875369,0.439818181,1,0.8283496108,0.5570019246,1,,False
4284,0,0.7251781875,0.439818181,1,0.2930696468,0.5570019246,0,0.9962579159,True
4285,0,0.2684383674,0.439818181,0,0.09615596583,0.5570019246,0,0.5374208405,False
4286,0,0.5302585484,0.439818181,1,0.5502076833,0.5570019246,0,0.9203607753,True
4287,0,0.4212853538,0.439818181,0,0.1311145753,0.5570019246,0,0.806371138,False
4288,0,0.07046677789,0.439818181,0,0.04237584929,0.5570019246,0,0.1958357321,False
4289,0,0.02748602372,0.439818181,0,0.01327524651,0.5570019246,0,0.1035309921,False
4290,0,0.05900015461,0.439818181,0,0.01151209511,0.5570019246,0,0.1743427365,False
4291,0,0.2407463425,0.439818181,0,0.08690797916,0.5570019246,0,0.4864709269,False
4292,0,0.0118594781,0.439818181,0,0.006019700088,0.5570019246,0,0.05613126079,False
4293,0,0.005773888469,0.439818181,0,0.001782128609,0.5570019246,0,0.02993667242,False
4294,1,0.8064305021,0.439818181,1,0.9611565896,0.5570019246,1,,False
4295,0,0.06033103421,0.439818181,0,0.02065263829,0.5570019246,0,0.1767415083,False
4296,0,0.2722555392,0.439818181,0,0.08334453841,0.5570019246,0,0.5431778929,False
4297,0,0.03415067279,0.439818181,0,0.0129391153,0.5570019246,0,0.1204183458,False
4298,0,0.2286295452,0.439818181,0,0.08496359445,0.5570019246,0,0.4616196507,False
4299,0,0.01873606362,0.439818181,0,0.006378859927,0.5570019246,0,0.08021492996,False
4300,0,0.3537551427,0.439818181,0,0.418924912,0.5570019246,0,0.6963154865,False
4301,0,0.5563495322,0.439818181,1,0.207375404,0.5570019246,0,0.939454999,True
4302,0,0.4876568611,0.439818181,1,0.1413362724,0.5570019246,0,0.882748033,False
4303,0,0.2668022549,0.439818181,0,0.5913268609,0.5570019246,1,0.5354058722,False
4304,1,0.6699307703,0.439818181,1,0.8822821667,0.5570019246,1,,False
4305,0,0.1711047704,0.439818181,0,0.04178438197,0.5570019246,0,0.3624064479,False
4306,0,0.1551098562,0.439818181,0,0.04660038502,0.5570019246,0,0.3354442525,False
4307,0,0.1264084817,0.439818181,0,0.06780040974,0.5570019246,0,0.2899635387,False
4308,1,0.6692646424,0.439818181,1,0.9020492452,0.5570019246,1,,False
4309,1,0.5560966867,0.439818181,1,0.8958298212,0.5570019246,1,,False
4310,0,0.1170283827,0.439818181,0,0.0494360409,0.5570019246,0,0.2760506621,False
4311,0,0.06010470115,0.439818181,0,0.02103413792,0.5570019246,0,0.1764536557,False
4312,0,0.004942506347,0.439818181,0,0.002692768214,0.5570019246,0,0.02581078488,False
4313,0,0.3563753294,0.439818181,0,0.08400645688,0.5570019246,0,0.7013049319,False
4314,1,0.377594383,0.439818181,0,0.717478568,0.5570019246,1,,False
4315,0,0.08909234024,0.439818181,0,0.02214284444,0.5570019246,0,0.2275954711,False
4316,0,0.1677715668,0.439818181,0,0.0663175039,0.5570019246,0,0.3575129534,False
4317,1,0.5699551188,0.439818181,1,0.5811108876,0.5570019246,1,,False
4318,0,0.1048742088,0.439818181,0,0.3730490929,0.5570019246,0,0.2540779121,False
4319,1,0.3899995589,0.439818181,0,0.7016464631,0.5570019246,1,,False
4320,0,0.08979681464,0.439818181,0,0.04615656869,0.5570019246,0,0.2291306851,False
4321,0,0.1638065073,0.439818181,0,0.06496223442,0.5570019246,0,0.3499328344,False
4322,0,0.3689807224,0.439818181,0,0.1292412391,0.5570019246,0,0.7256764537,False
4323,0,0.3040833887,0.439818181,0,0.1339584393,0.5570019246,0,0.6045864517,False
4324,0,0.2181996267,0.439818181,0,0.08352227409,0.5570019246,0,0.4454039532,False
4325,0,0.3621998728,0.439818181,0,0.0620759977,0.5570019246,0,0.713298791,False
4326,0,0.4124999573,0.439818181,0,0.09874055067,0.5570019246,0,0.7944732297,False
4327,1,0.5595790584,0.439818181,1,0.6529722184,0.5570019246,1,,False
4328,0,0.3011590476,0.439818181,0,0.06034497453,0.5570019246,0,0.599884859,False
4329,0,0.003638979367,0.439818181,0,0.005478991444,0.5570019246,0,0.01947802725,False
4330,0,0.3188472332,0.439818181,0,0.5784602342,0.5570019246,1,0.6341393207,False
4331,0,0.02111337361,0.439818181,0,0.03014803118,0.5570019246,0,0.08731529457,False
4332,0,0.1986622802,0.439818181,0,0.08912579637,0.5570019246,0,0.4104778353,False
4333,0,0.5508530263,0.439818181,1,0.8311161725,0.5570019246,1,0.9348493571,True
4334,0,0.2529925218,0.439818181,0,0.05728636995,0.5570019246,0,0.5084436768,False
4335,0,0.01692559636,0.439818181,0,0.003048293876,0.5570019246,0,0.07484168106,False
4336,0,0.01105849547,0.439818181,0,0.006763512197,0.5570019246,0,0.05315678373,False
4337,0,0.173006789,0.439818181,0,0.08070278503,0.5570019246,0,0.365380925,False
4338,0,0.08109479743,0.439818181,0,0.02513614454,0.5570019246,0,0.2151218576,False
4339,0,0.03337582958,0.439818181,0,0.01621495749,0.5570019246,0,0.1184033775,False
4340,1,0.8532367501,0.439818181,1,0.96221897,0.5570019246,1,,False
4341,0,0.08815710555,0.439818181,0,0.02253412791,0.5570019246,0,0.2257724045,False
4342,1,0.6366427308,0.439818181,1,0.7403030896,0.5570019246,1,,False
4343,0,0.0245522563,0.439818181,0,0.008727381882,0.5570019246,0,0.09623872577,False
4344,0,0.003068911704,0.439818181,0,0.004472798422,0.5570019246,0,0.01549606601,False
4345,0,0.1239440305,0.439818181,0,0.03424103087,0.5570019246,0,0.2849740933,False
4346,0,0.3012440054,0.439818181,0,0.04382437402,0.5570019246,0,0.6001727116,False
4347,0,0.4079352283,0.439818181,0,0.5070710601,0.5570019246,0,0.7879485703,False
4348,0,0.1779569261,0.439818181,0,0.04464057133,0.5570019246,0,0.3740165036,False
4349,0,0.1231367091,0.439818181,0,0.08530652413,0.5570019246,0,0.2840145845,False
4350,0,0.009957092387,0.439818181,0,0.002511619548,0.5570019246,0,0.04835924007,False
4351,0,0.2840716914,0.439818181,0,0.1044157983,0.5570019246,0,0.5660142007,False
4352,0,0.06228314253,0.439818181,0,0.03743366076,0.5570019246,0,0.1801957398,False
4353,0,0.570907652,0.439818181,1,0.6327386421,0.5570019246,1,0.9480905776,True
4354,0,0.408781004,0.439818181,0,0.4785978424,0.5570019246,0,0.7894837843,False
4355,0,0.452169124,0.439818181,1,0.09487429248,0.5570019246,0,0.8452312416,False
4356,0,0.4635776996,0.439818181,1,0.08920398551,0.5570019246,0,0.8575129534,False
4357,0,0.02733423946,0.439818181,0,0.01830422648,0.5570019246,0,0.1031471886,False
4358,0,0.1867728666,0.439818181,0,0.1132104857,0.5570019246,0,0.3888888889,False
4359,1,0.5577959161,0.439818181,1,0.7108891253,0.5570019246,1,,False
4360,0,0.3767448148,0.439818181,0,0.5553767948,0.5570019246,0,0.7411245442,False
4361,1,0.8241773408,0.439818181,1,0.9435045173,0.5570019246,1,,False
4362,0,0.2085651347,0.439818181,0,0.0561586462,0.5570019246,0,0.4291882556,False
4363,0,0.527429939,0.439818181,1,0.1359243648,0.5570019246,0,0.9183458069,True
4364,0,0.01135999593,0.439818181,0,0.01244478579,0.5570019246,0,0.05478794857,False
4365,0,0.0213340524,0.439818181,0,0.003799450842,0.5570019246,0,0.08851468048,False
4366,0,0.01090946521,0.439818181,0,0.007300266654,0.5570019246,0,0.05248512761,False
4367,0,0.03439678753,0.439818181,0,0.01865963725,0.5570019246,0,0.1215697563,False
4368,0,0.1831449979,0.439818181,0,0.04660968338,0.5570019246,0,0.38351564,False
4369,0,0.1445240916,0.439818181,0,0.0920164033,0.5570019246,0,0.3187488006,False
4370,0,0.02249881397,0.439818181,0,0.01915937504,0.5570019246,0,0.09163308386,False
4371,1,0.5788338377,0.439818181,1,0.7177641726,0.5570019246,1,,False
4372,0,0.2173836825,0.439818181,0,0.0717762507,0.5570019246,0,0.4438687392,False
4373,1,0.5807658625,0.439818181,1,0.6287213876,0.5570019246,1,,False
4374,0,0.4411829758,0.439818181,1,0.1071819926,0.5570019246,0,0.8311264633,False
4375,0,0.002200923691,0.439818181,0,0.001325975693,0.5570019246,0,0.01151410478,False
4376,0,0.2834688739,0.439818181,0,0.5746820868,0.5570019246,1,0.5647668394,False
4377,0,0.003388909749,0.439818181,0,0.001569279895,0.5570019246,0,0.0182306659,False
4378,0,0.05151770381,0.439818181,0,0.03523661839,0.5570019246,0,0.158127039,False
4379,0,0.3440883582,0.439818181,0,0.1523223485,0.5570019246,0,0.6812511994,False
4380,0,0.5008088997,0.439818181,1,0.1326153796,0.5570019246,0,0.8961811552,False
4381,0,0.5110909034,0.439818181,1,0.09383703499,0.5570019246,0,0.9053924391,True
4382,0,0.2545624063,0.439818181,0,0.2998563287,0.5570019246,0,0.5117060065,False
4383,0,0.1166675731,0.439818181,0,0.03283188669,0.5570019246,0,0.2751871042,False
4384,0,0.3390068955,0.439818181,0,0.06525617566,0.5570019246,0,0.6714642103,False
4385,0,0.4435549364,0.439818181,1,0.1412752178,0.5570019246,0,0.8341968912,False
4386,0,0.04387062553,0.439818181,0,0.02237388045,0.5570019246,0,0.1422951449,False
4387,0,0.1173105889,0.439818181,0,0.03251565508,0.5570019246,0,0.2765304164,False
4388,0,0.08048862349,0.439818181,0,0.03416365715,0.5570019246,0,0.2136825945,False
4389,0,0.3010516943,0.439818181,0,0.08317712483,0.5570019246,0,0.5996929572,False
4390,0,0.2988413472,0.439818181,0,0.05493002168,0.5570019246,0,0.5959508732,False
4391,0,0.01073394457,0.439818181,0,0.005819979516,0.5570019246,0,0.05133371714,False
4392,0,0.2555606037,0.439818181,0,0.05402902087,0.5570019246,0,0.5140088275,False
4393,0,0.2849450011,0.439818181,0,0.7369317386,0.5570019246,1,0.5675494147,False
4394,0,0.4408816744,0.439818181,1,0.1411678388,0.5570019246,0,0.8307426598,False
4395,0,0.04891324647,0.439818181,0,0.0424543347,0.5570019246,0,0.1521780848,False
4396,0,0.1291660507,0.439818181,0,0.03088706819,0.5570019246,0,0.2948570332,False
4397,1,0.5016810647,0.439818181,1,0.7487385048,0.5570019246,1,,False
4398,0,0.1835560285,0.439818181,0,0.09318970762,0.5570019246,0,0.3840913452,False
4399,0,0.3803422117,0.439818181,0,0.1362559994,0.5570019246,0,0.7472654001,False
4400,0,0.003304506523,0.439818181,0,0.002078011378,0.5570019246,0,0.01736710804,False
4401,0,0.4770524504,0.439818181,1,0.7090758859,0.5570019246,1,0.8727691422,False
4402,0,0.3075166973,0.439818181,0,0.1052537138,0.5570019246,0,0.6124544233,False
4403,0,0.1388621842,0.439818181,0,0.04128073697,0.5570019246,0,0.3100172712,False
4404,0,0.002200923691,0.439818181,0,0.001325975693,0.5570019246,0,0.01151410478,False
4405,0,0.5350359303,0.439818181,1,0.1313717597,0.5570019246,0,0.9239109576,True
4406,0,0.008156998707,0.439818181,0,0.005059691002,0.5570019246,0,0.04020341585,False
4407,0,0.1422107467,0.439818181,0,0.07350921434,0.5570019246,0,0.3147188639,False
4408,1,0.2705950484,0.439818181,0,0.5769115979,0.5570019246,1,,False
4409,0,0.4739865726,0.439818181,1,0.1688219906,0.5570019246,0,0.8694108616,False
4410,0,0.02781295354,0.439818181,0,0.01319771456,0.5570019246,0,0.1039147956,False
4411,0,0.05864566121,0.439818181,0,0.02831914623,0.5570019246,0,0.1735751295,False
4412,0,0.2005228173,0.439818181,0,0.06337332326,0.5570019246,0,0.4149875264,False
4413,0,0.2661986143,0.439818181,0,0.09195852626,0.5570019246,0,0.5343504126,False
4414,0,0.3069668013,0.439818181,0,0.1378744861,0.5570019246,0,0.6109192094,False
4415,0,0.1597114778,0.439818181,0,0.06541654225,0.5570019246,0,0.3436000768,False
4416,0,0.02734747545,0.439818181,0,0.02087602192,0.5570019246,0,0.1032431395,False
4417,0,0.122424341,0.439818181,0,0.04160316875,0.5570019246,0,0.2830550758,False
4418,0,0.1526462134,0.439818181,0,0.1073351346,0.5570019246,0,0.3319900211,False
4419,0,0.2177507284,0.439818181,0,0.07437843475,0.5570019246,0,0.4445403953,False
4420,0,0.2706841918,0.439818181,0,0.4703428578,0.5570019246,0,0.5406831702,False
4421,0,0.02718520572,0.439818181,0,0.01262207744,0.5570019246,0,0.1025714834,False
4422,0,0.1519575842,0.439818181,0,0.0870042379,0.5570019246,0,0.3308386106,False
4423,0,0.1155781536,0.439818181,0,0.03312312531,0.5570019246,0,0.2728842832,False
4424,0,0.2819221656,0.439818181,0,0.1046135471,0.5570019246,0,0.5618883132,False
4425,0,0.2486869469,0.439818181,0,0.0661006093,0.5570019246,0,0.501535214,False
4426,0,0.0676783109,0.439818181,0,0.02447163049,0.5570019246,0,0.1902705815,False
4427,0,0.002200923691,0.439818181,0,0.001325975693,0.5570019246,0,0.01151410478,False
4428,0,0.06915696299,0.439818181,0,0.02618904502,0.5570019246,0,0.1931491077,False
4429,0,0.3579782197,0.439818181,0,0.08123371079,0.5570019246,0,0.7051429668,False
4430,0,0.03939475609,0.439818181,0,0.01575775032,0.5570019246,0,0.1335636154,False
4431,0,0.502364378,0.439818181,1,0.1585863619,0.5570019246,0,0.8978123201,False
4432,1,0.6141839579,0.439818181,1,0.795603617,0.5570019246,1,,False
4433,0,0.09168881296,0.439818181,0,0.08865990248,0.5570019246,0,0.2331606218,False
4434,0,0.4783404275,0.439818181,1,0.6446080408,0.5570019246,1,0.8745922088,False
4435,0,0.3631788305,0.439818181,0,0.5399242741,0.5570019246,0,0.7147380541,False
4436,1,0.6238683734,0.439818181,1,0.7989438436,0.5570019246,1,,False
4437,1,0.3752075833,0.439818181,0,0.7577387195,0.5570019246,1,,False
4438,0,0.44381358,0.439818181,1,0.5739558783,0.5570019246,1,0.8346766456,False
4439,0,0.2165746953,0.439818181,0,0.1062560172,0.5570019246,0,0.4423335252,False
4440,0,0.2296732745,0.439818181,0,0.5632613651,0.5570019246,1,0.4636346191,False
4441,0,0.0128927692,0.439818181,0,0.002487621781,0.5570019246,0,0.05958549223,False
4442,0,0.3206903112,0.439818181,0,0.05868893567,0.5570019246,0,0.6375935521,False
4443,1,0.7012001888,0.439818181,1,0.8863939935,0.5570019246,1,,False
4444,0,0.3742267374,0.439818181,0,0.3796177343,0.5570019246,0,0.7359431971,False
4445,1,0.5885843031,0.439818181,1,0.766253733,0.5570019246,1,,False
4446,0,0.06784642974,0.439818181,0,0.0202346048,0.5570019246,0,0.190654385,False
4447,0,0.3350086793,0.439818181,0,0.5899696537,0.5570019246,1,0.6643638457,False
4448,1,0.5907849207,0.439818181,1,0.8898781192,0.5570019246,1,,False
4449,0,0.07670153743,0.439818181,0,0.02731353697,0.5570019246,0,0.2069660334,False
4450,1,0.5594845617,0.439818181,1,0.680374078,0.5570019246,1,,False
4451,0,0.1291246962,0.439818181,0,0.4108662266,0.5570019246,0,0.2946651315,False
4452,0,0.1465413468,0.439818181,0,0.0624846407,0.5570019246,0,0.3216273268,False
4453,0,0.04633624522,0.439818181,0,0.01393934473,0.5570019246,0,0.1476683938,False
4454,0,0.5415686885,0.439818181,1,0.1392664087,0.5570019246,0,0.9287085012,True
4455,0,0.1385790222,0.439818181,0,0.05089851668,0.5570019246,0,0.3092496642,False
4456,0,0.0991707692,0.439818181,0,0.05479644455,0.5570019246,0,0.2445787757,False
4457,0,0.3921724433,0.439818181,0,0.1017643964,0.5570019246,0,0.7643446555,False
4458,0,0.01163615032,0.439818181,0,0.009032784439,0.5570019246,0,0.05555555556,False
4459,1,0.4963477654,0.439818181,1,0.8083938523,0.5570019246,1,,False
4460,0,0.06078178467,0.439818181,0,0.03471134944,0.5570019246,0,0.1777010171,False
4461,0,0.2128332901,0.439818181,0,0.0455845562,0.5570019246,0,0.435712915,False
4462,0,0.06620574441,0.439818181,0,0.06861301813,0.5570019246,0,0.1873920553,False
4463,0,0.1427889009,0.439818181,0,0.04856932144,0.5570019246,0,0.3157743235,False
4464,0,0.0006572658655,0.439818181,0,0.0008824432897,0.5570019246,0,0.0005757052389,False
4465,0,0.09398591127,0.439818181,0,0.02372521539,0.5570019246,0,0.2366148532,False
4466,1,0.629481662,0.439818181,1,0.8775492863,0.5570019246,1,,False
4467,0,0.3535909124,0.439818181,0,0.478446656,0.5570019246,0,0.6960276339,False
4468,0,0.2417511164,0.439818181,0,0.07559681904,0.5570019246,0,0.488677797,False
4469,0,0.07857045139,0.439818181,0,0.07737010682,0.5570019246,0,0.2101324122,False
4470,0,0.2753608072,0.439818181,0,0.06967607716,0.5570019246,0,0.5487430436,False
4471,0,0.09723930495,0.439818181,0,0.03393660511,0.5570019246,0,0.2414123969,False
4472,0,0.1955377225,0.439818181,0,0.05535261969,0.5570019246,0,0.4058721934,False
4473,0,0.141224414,0.439818181,0,0.07590327808,0.5570019246,0,0.3133755517,False
4474,0,0.2144915374,0.439818181,0,0.08912693964,0.5570019246,0,0.4384954903,False
4475,0,0.234780391,0.439818181,0,0.09962463305,0.5570019246,0,0.4745730186,False
4476,1,0.447602886,0.439818181,1,0.73166707,0.5570019246,1,,False
4477,0,0.1926736341,0.439818181,0,0.0692645791,0.5570019246,0,0.3997313376,False
4478,0,0.07267175789,0.439818181,0,0.02366399357,0.5570019246,0,0.1990021109,False
4479,0,0.08760697151,0.439818181,0,0.02601141797,0.5570019246,0,0.2246209941,False
4480,0,0.09903109482,0.439818181,0,0.3525150551,0.5570019246,0,0.2441949722,False
4481,0,0.0264365689,0.439818181,0,0.01514865177,0.5570019246,0,0.1008443677,False
4482,0,0.362613988,0.439818181,0,0.07972772275,0.5570019246,0,0.7142582998,False
4483,0,0.09401418411,0.439818181,0,0.01306604991,0.5570019246,0,0.2368067549,False
4484,0,0.2687923447,0.439818181,0,0.06975831643,0.5570019246,0,0.5379965458,False
4485,0,0.1215551114,0.439818181,0,0.09535262232,0.5570019246,0,0.2817117636,False
4486,1,0.6020984213,0.439818181,1,0.6636676623,0.5570019246,1,,False
4487,0,0.02079735673,0.439818181,0,0.007615896688,0.5570019246,0,0.08693149108,False
4488,0,0.1461120914,0.439818181,0,0.04164586408,0.5570019246,0,0.3210516216,False
4489,1,0.6470760134,0.439818181,1,0.8568089474,0.5570019246,1,,False
4490,0,0.005187276669,0.439818181,0,0.004622441623,0.5570019246,0,0.02758587603,False
4491,0,0.4248857838,0.439818181,0,0.1282231114,0.5570019246,0,0.8111686816,False
4492,0,0.2234072118,0.439818181,0,0.06842512881,0.5570019246,0,0.4537516791,False
4493,0,0.04838855286,0.439818181,0,0.02828595936,0.5570019246,0,0.1515064287,False
4494,1,0.6475411838,0.439818181,1,0.7723508644,0.5570019246,1,,False
4495,0,0.01528411325,0.439818181,0,0.002795495902,0.5570019246,0,0.06822107081,False
4496,0,0.4984660639,0.439818181,1,0.07408367094,0.5570019246,0,0.8935904817,False
4497,0,0.5029531477,0.439818181,1,0.772901396,0.5570019246,1,0.8982920745,False
4498,0,0.01083209626,0.439818181,0,0.007090683209,0.5570019246,0,0.05200537325,False
4499,0,0.1019502302,0.439818181,0,0.03927392817,0.5570019246,0,0.2493763193,False
4500,0,0.01222111038,0.439818181,0,0.002843772065,0.5570019246,0,0.05785837651,False
4501,0,0.3164037406,0.439818181,0,0.1159813147,0.5570019246,0,0.6300134331,False
4502,0,0.405261582,0.439818181,0,0.07957585994,0.5570019246,0,0.7845902898,False
4503,0,0.3997873048,0.439818181,0,0.06664954427,0.5570019246,0,0.7772020725,False
4504,0,0.0610959944,0.439818181,0,0.02503697043,0.5570019246,0,0.1780848206,False
4505,1,0.4626546855,0.439818181,1,0.682606649,0.5570019246,1,,False
4506,0,0.4062081078,0.439818181,0,0.09691305787,0.5570019246,0,0.7858376511,False
4507,0,0.2349589372,0.439818181,0,0.07081536741,0.5570019246,0,0.475052773,False
4508,0,0.02671587881,0.439818181,0,0.01898352026,0.5570019246,0,0.1014200729,False
4509,0,0.2742741437,0.439818181,0,0.08265675004,0.5570019246,0,0.5473037805,False
4510,0,0.2250977685,0.439818181,0,0.3446678536,0.5570019246,0,0.456150451,False
4511,1,0.6282851887,0.439818181,1,0.8915600741,0.5570019246,1,,False
4512,0,0.2734792174,0.439818181,0,0.09750899707,0.5570019246,0,0.5450969104,False
4513,0,0.03017231675,0.439818181,0,0.01220681617,0.5570019246,0,0.109671848,False
4514,0,0.2739100047,0.439818181,0,0.07594640572,0.5570019246,0,0.5465361735,False
4515,0,0.4679513111,0.439818181,1,0.08382340045,0.5570019246,0,0.8624064479,False
4516,1,0.5574181049,0.439818181,1,0.628125246,0.5570019246,1,,False
4517,0,0.1970284688,0.439818181,0,0.2311099878,0.5570019246,0,0.408462867,False
4518,0,0.07522367372,0.439818181,0,0.01460368652,0.5570019246,0,0.2042794089,False
4519,0,0.220675219,0.439818181,0,0.07565198445,0.5570019246,0,0.4489541355,False
4520,1,0.4416357388,0.439818181,1,0.8381789397,0.5570019246,1,,False
4521,0,0.179981877,0.439818181,0,0.2739836726,0.5570019246,0,0.3781423911,False
4522,0,0.4893210544,0.439818181,1,0.4233028787,0.5570019246,0,0.8844751487,False
4523,0,0.01229840865,0.439818181,0,0.00733306539,0.5570019246,0,0.05805027826,False
4524,1,0.8798555937,0.439818181,1,0.9727196891,0.5570019246,1,,False
4525,0,0.06644934749,0.439818181,0,0.04722630137,0.5570019246,0,0.1880637114,False
4526,0,0.002636168216,0.439818181,0,0.005809357526,0.5570019246,0,0.01381692573,False
4527,0,0.1309112409,0.439818181,0,0.04335281797,0.5570019246,0,0.298023412,False
4528,0,0.1602644486,0.439818181,0,0.05352896106,0.5570019246,0,0.3448474381,False
4529,0,0.473217319,0.439818181,1,0.07570948713,0.5570019246,0,0.8686432547,False
4530,1,0.7829721686,0.439818181,1,0.9230169999,0.5570019246,1,,False
4531,0,0.1364452184,0.439818181,0,0.07048879739,0.5570019246,0,0.3062751871,False
4532,0,0.1465110658,0.439818181,0,0.07917309738,0.5570019246,0,0.3215313759,False
4533,0,0.4577775237,0.439818181,1,0.6392845226,0.5570019246,1,0.8513720975,False
4534,0,0.02232860979,0.439818181,0,0.004389859845,0.5570019246,0,0.0911533295,False
4535,0,0.08797214359,0.439818181,0,0.02443097105,0.5570019246,0,0.2254845519,False
4536,0,0.04355269631,0.439818181,0,0.01789296674,0.5570019246,0,0.1415275379,False
4537,0,0.4985412339,0.439818181,1,0.7443041709,0.5570019246,1,0.8936864325,False
4538,0,0.007925618751,0.439818181,0,0.002867275329,0.5570019246,0,0.03914795625,False
4539,0,0.0738199493,0.439818181,0,0.02634090994,0.5570019246,0,0.2014008827,False
4540,0,0.4683076819,0.439818181,1,0.128608107,0.5570019246,0,0.8634619075,False
4541,0,0.3611074935,0.439818181,0,0.4225399492,0.5570019246,0,0.7109000192,False
4542,0,0.3078567864,0.439818181,0,0.09479488378,0.5570019246,0,0.6131260794,False
4543,0,0.4356178985,0.439818181,0,0.1280000356,0.5570019246,0,0.8241220495,False
4544,0,0.200934133,0.439818181,0,0.1877942283,0.5570019246,0,0.416042986,False
4545,0,0.3366253674,0.439818181,0,0.08646158407,0.5570019246,0,0.6670504702,False
4546,0,0.1652163463,0.439818181,0,0.05570098051,0.5570019246,0,0.352523508,False
4547,1,0.6347878808,0.439818181,1,0.808204793,0.5570019246,1,,False
4548,0,0.160139078,0.439818181,0,0.1175537507,0.5570019246,0,0.3443676837,False
4549,1,0.6341441293,0.439818181,1,0.9061099724,0.5570019246,1,,False
4550,0,0.3347638403,0.439818181,0,0.09165350856,0.5570019246,0,0.6638840913,False
4551,0,0.1315220966,0.439818181,0,0.05691562575,0.5570019246,0,0.2988869699,False
4552,0,0.220362258,0.439818181,0,0.04431187757,0.5570019246,0,0.4480905776,False
4553,0,0.001993448927,0.439818181,0,0.001529250595,0.5570019246,0,0.009978890808,False
4554,0,0.05112360023,0.439818181,0,0.01711843062,0.5570019246,0,0.1572634811,False
4555,0,0.2371272973,0.439818181,0,0.08519660235,0.5570019246,0,0.4786989062,False
4556,0,0.4051934232,0.439818181,0,0.4934713565,0.5570019246,0,0.7844943389,False
4557,0,0.4856587686,0.439818181,1,0.1484388452,0.5570019246,0,0.881212819,False
4558,0,0.04180486812,0.439818181,0,0.04251490143,0.5570019246,0,0.1382652082,False
4559,1,0.6364168615,0.439818181,1,0.8480264277,0.5570019246,1,,False
4560,0,0.1095243231,0.439818181,0,0.04293549031,0.5570019246,0,0.2628094416,False
4561,1,0.6622107741,0.439818181,1,0.7970689455,0.5570019246,1,,False
4562,0,0.1067998992,0.439818181,0,0.06789457595,0.5570019246,0,0.2576280944,False
4563,0,0.04574783551,0.439818181,0,0.01930824946,0.5570019246,0,0.1465169833,False
4564,0,0.1854045517,0.439818181,0,0.09202146055,0.5570019246,0,0.3863941662,False
4565,1,0.3715436856,0.439818181,0,0.7896363937,0.5570019246,1,,False
4566,0,0.2828322685,0.439818181,0,0.08813074616,0.5570019246,0,0.5636154289,False
4567,0,0.4779755917,0.439818181,1,0.07417765596,0.5570019246,0,0.8740165036,False
4568,0,0.1528328634,0.439818181,0,0.09233105737,0.5570019246,0,0.3322778737,False
4569,0,0.2932244919,0.439818181,0,0.1145518249,0.5570019246,0,0.5836691614,False
4570,0,0.03093507546,0.439818181,0,0.0225982779,0.5570019246,0,0.1121665707,False
4571,0,0.4941778815,0.439818181,1,0.09952640354,0.5570019246,0,0.8885050854,False
4572,0,0.124826095,0.439818181,0,0.06668939722,0.5570019246,0,0.2861255037,False
4573,0,0.03249236346,0.439818181,0,0.01555261116,0.5570019246,0,0.1155248513,False
4574,0,0.4038813064,0.439818181,0,0.6959638311,0.5570019246,1,0.7829591249,False
4575,0,0.3472065458,0.439818181,0,0.09789283871,0.5570019246,0,0.6870082518,False
4576,0,0.03073783148,0.439818181,0,0.009738137932,0.5570019246,0,0.1114949146,False
4577,0,0.3544334534,0.439818181,0,0.4265165339,0.5570019246,0,0.6979466513,False
4578,0,0.1306854594,0.439818181,0,0.05115606015,0.5570019246,0,0.2978315103,False
4579,0,0.1036239141,0.439818181,0,0.06547361386,0.5570019246,0,0.2522548455,False
4580,0,0.3942069262,0.439818181,0,0.1124277221,0.5570019246,0,0.7680867396,False
4581,0,0.2533516476,0.439818181,0,0.09579726735,0.5570019246,0,0.5089234312,False
4582,0,0.1062571948,0.439818181,0,0.06390793136,0.5570019246,0,0.2566685857,False
4583,0,0.1299992419,0.439818181,0,0.038304483,0.5570019246,0,0.2960084437,False
4584,0,0.08436082001,0.439818181,0,0.02068117699,0.5570019246,0,0.2202072539,False
4585,0,0.2738770821,0.439818181,0,0.09007544191,0.5570019246,0,0.5462483209,False
4586,0,0.3839829305,0.439818181,0,0.1499230551,0.5570019246,0,0.7515831894,False
4587,0,0.1385555102,0.439818181,0,0.04110101252,0.5570019246,0,0.3091537133,False
4588,0,0.1413137454,0.439818181,0,0.08541480392,0.5570019246,0,0.3135674535,False
4589,0,0.2182664313,0.439818181,0,0.07095865735,0.5570019246,0,0.4455958549,False
4590,0,0.1072699584,0.439818181,0,0.02881098676,0.5570019246,0,0.2583957014,False
4591,0,0.1038766442,0.439818181,0,0.03161254583,0.5570019246,0,0.2523507964,False
4592,1,0.5727643262,0.439818181,1,0.7377598571,0.5570019246,1,,False
4593,0,0.7827492106,0.439818181,1,0.2149871204,0.5570019246,0,0.9999040491,True
4594,0,0.5472982331,0.439818181,1,0.1154816161,0.5570019246,0,0.9325465362,True
4595,0,0.2763602175,0.439818181,0,0.07620189261,0.5570019246,0,0.5508539628,False
4596,0,0.3162976639,0.439818181,0,0.1140659971,0.5570019246,0,0.6296296296,False
4597,0,0.03290195191,0.439818181,0,0.01401010601,0.5570019246,0,0.1169641144,False
4598,0,0.3388579231,0.439818181,0,0.08514481375,0.5570019246,0,0.6710804068,False
4599,1,0.687598138,0.439818181,1,0.8615053657,0.5570019246,1,,False
4600,0,0.465125021,0.439818181,1,0.1839348633,0.5570019246,0,0.8590481673,False
4601,0,0.2550273112,0.439818181,0,0.05680473502,0.5570019246,0,0.5124736135,False
4602,0,0.2969320949,0.439818181,0,0.3043981293,0.5570019246,0,0.5917290347,False
4603,0,0.2927767012,0.439818181,0,0.1216076218,0.5570019246,0,0.5828056035,False
4604,0,0.3611574204,0.439818181,0,0.1429947453,0.5570019246,0,0.7111878718,False
4605,0,0.2564124305,0.439818181,0,0.07277966055,0.5570019246,0,0.5156399923,False
4606,0,0.291522311,0.439818181,0,0.0793263586,0.5570019246,0,0.5798311265,False
4607,0,0.2608333286,0.439818181,0,0.5339997019,0.5570019246,0,0.5232201113,False
4608,0,0.001750337327,0.439818181,0,0.000273562822,0.5570019246,0,0.007867971599,False
4609,0,0.4018935556,0.439818181,0,0.0780925299,0.5570019246,0,0.7799846479,False
4610,0,0.1027465191,0.439818181,0,0.04078693251,0.5570019246,0,0.2506236807,False
4611,0,0.04756105587,0.439818181,0,0.01269245236,0.5570019246,0,0.1499712147,False
4612,0,0.2435824079,0.439818181,0,0.1065579367,0.5570019246,0,0.4918441758,False
4613,0,0.1598430223,0.439818181,0,0.04166157696,0.5570019246,0,0.3438879294,False
4614,0,0.2714249907,0.439818181,0,0.06075606248,0.5570019246,0,0.5419305316,False
4615,0,0.06900435809,0.439818181,0,0.02572719725,0.5570019246,0,0.192861255,False
4616,0,0.218200696,0.439818181,0,0.0894231435,0.5570019246,0,0.445499904,False
4617,0,0.2567314934,0.439818181,0,0.3152030088,0.5570019246,0,0.5165035502,False
4618,0,0.1945263026,0.439818181,0,0.7177954639,0.5570019246,1,0.4038572251,False
4619,0,0.2433665368,0.439818181,0,0.08170347571,0.5570019246,0,0.4917482249,False
4620,0,0.001206972161,0.439818181,0,0.0006760588157,0.5570019246,0,0.005085396277,False
4621,0,0.06746668172,0.439818181,0,0.01916320483,0.5570019246,0,0.1900786797,False
4622,0,0.4581603206,0.439818181,1,0.6653862131,0.5570019246,1,0.8523316062,False
4623,0,0.1845075895,0.439818181,0,0.4825248075,0.5570019246,0,0.385050854,False
4624,1,0.4867063086,0.439818181,1,0.7820477599,0.5570019246,1,,False
4625,0,0.1289648709,0.439818181,0,0.03578083243,0.5570019246,0,0.294281328,False
4626,0,0.009299269416,0.439818181,0,0.0009960954962,0.5570019246,0,0.04423335252,False
4627,0,0.03833142401,0.439818181,0,0.01341527268,0.5570019246,0,0.1313567453,False
4628,0,0.08095906068,0.439818181,0,0.02331702961,0.5570019246,0,0.2147380541,False
4629,0,0.1569830217,0.439818181,0,0.04521454315,0.5570019246,0,0.3388025331,False
4630,0,0.337595642,0.439818181,0,0.5462893449,0.5570019246,0,0.6687775859,False
4631,0,0.4952831988,0.439818181,1,0.5911376194,0.5570019246,1,0.8897524467,False
4632,0,0.01404275543,0.439818181,0,0.01722524495,0.5570019246,0,0.06303972366,False
4633,1,0.5912368776,0.439818181,1,0.714028106,0.5570019246,1,,False
4634,0,0.4690366317,0.439818181,1,0.094691782,0.5570019246,0,0.8640376127,False
4635,0,0.1327949275,0.439818181,0,0.04918928829,0.5570019246,0,0.30109384,False
4636,0,0.04850298114,0.439818181,0,0.01681316628,0.5570019246,0,0.1517942813,False
4637,0,0.0007207081547,0.439818181,0,0.001028447257,0.5570019246,0,0.001055459605,False
4638,0,0.1839272942,0.439818181,0,0.3209143839,0.5570019246,0,0.3843791979,False
4639,0,0.01326943908,0.439818181,0,0.00654891585,0.5570019246,0,0.06092880445,False
4640,0,0.1239363079,0.439818181,0,0.02727551579,0.5570019246,0,0.2848781424,False
4641,0,0.009306596214,0.439818181,0,0.002972474103,0.5570019246,0,0.0443293034,False
4642,0,0.4074236747,0.439818181,0,0.7220999426,0.5570019246,1,0.7872769142,False
4643,0,0.4586505959,0.439818181,1,0.600956433,0.5570019246,1,0.8527154097,False
4644,0,0.3716528142,0.439818181,0,0.1002745694,0.5570019246,0,0.7310497026,False
4645,0,0.04417040339,0.439818181,0,0.02167258936,0.5570019246,0,0.1430627519,False
4646,0,0.5963388903,0.439818181,1,0.2256003208,0.5570019246,0,0.9604682403,True
4647,0,0.3248974593,0.439818181,0,0.06570910815,0.5570019246,0,0.6453655728,False
4648,0,0.4095099898,0.439818181,0,0.1271430359,0.5570019246,0,0.7907311457,False
4649,0,0.1657543919,0.439818181,0,0.03753019529,0.5570019246,0,0.3537708693,False
4650,0,0.1751672404,0.439818181,0,0.08578279046,0.5570019246,0,0.3690270581,False
4651,0,0.05486424722,0.439818181,0,0.02494965387,0.5570019246,0,0.1635002879,False
4652,0,0.2768510665,0.439818181,0,0.4981457007,0.5570019246,0,0.5521013241,False
4653,0,0.1182043069,0.439818181,0,0.03050298315,0.5570019246,0,0.2777777778,False
4654,0,0.1770828968,0.439818181,0,0.04688649322,0.5570019246,0,0.372193437,False
4655,0,0.05048270399,0.439818181,0,0.3255080507,0.5570019246,0,0.1557282671,False
4656,0,0.3287389411,0.439818181,0,0.4173695091,0.5570019246,0,0.6521780848,False
4657,1,0.5920789074,0.439818181,1,0.7601404826,0.5570019246,1,,False
4658,1,0.7637343491,0.439818181,1,0.8889475798,0.5570019246,1,,False
4659,0,0.2847880004,0.439818181,0,0.3707506704,0.5570019246,0,0.5670696603,False
4660,1,0.8343722909,0.439818181,1,0.9509705416,0.5570019246,1,,False
4661,0,0.0381331297,0.439818181,0,0.01263675338,0.5570019246,0,0.130876991,False
4662,0,0.02114749329,0.439818181,0,0.00644430385,0.5570019246,0,0.08750719632,False
4663,0,0.09176667923,0.439818181,0,0.04417034344,0.5570019246,0,0.2333525235,False
4664,0,0.1540961936,0.439818181,0,0.08576976376,0.5570019246,0,0.3341009403,False
4665,0,0.177910565,0.439818181,0,0.2612508023,0.5570019246,0,0.3738246018,False
4666,0,0.1303406983,0.439818181,0,0.06995753738,0.5570019246,0,0.2969679524,False
4667,0,0.0565564039,0.439818181,0,0.01697092612,0.5570019246,0,0.1682018806,False
4668,0,0.09098704178,0.439818181,0,0.02514238455,0.5570019246,0,0.2318173095,False
4669,0,0.498938979,0.439818181,1,0.07647662863,0.5570019246,0,0.8942621378,False
4670,0,0.02043534639,0.439818181,0,0.003777397737,0.5570019246,0,0.08568412973,False
4671,0,0.370309002,0.439818181,0,0.5279371219,0.5570019246,0,0.7277873729,False
4672,0,0.2211184782,0.439818181,0,0.04717979461,0.5570019246,0,0.4497217425,False
4673,0,0.08956220614,0.439818181,0,0.0516035964,0.5570019246,0,0.2281711764,False
4674,0,0.05004445773,0.439818181,0,0.02048875446,0.5570019246,0,0.1544809058,False
4675,0,0.2680512274,0.439818181,0,0.2989962113,0.5570019246,0,0.5371329879,False
4676,0,0.199660776,0.439818181,0,0.04607683607,0.5570019246,0,0.4124928037,False
4677,0,0.2905216611,0.439818181,0,0.06257289925,0.5570019246,0,0.5776242564,False
4678,0,0.3771758071,0.439818181,0,0.05297811342,0.5570019246,0,0.7418921512,False
4679,0,0.2468467123,0.439818181,0,0.08673789157,0.5570019246,0,0.4977931299,False
4680,1,0.5489063673,0.439818181,1,0.7936094727,0.5570019246,1,,False
4681,0,0.2621738594,0.439818181,0,0.0911216364,0.5570019246,0,0.5266743427,False
4682,0,0.3572187676,0.439818181,0,0.28315845,0.5570019246,0,0.7037996546,False
4683,0,0.2954666745,0.439818181,0,0.08606615747,0.5570019246,0,0.5880829016,False
4684,0,0.2313955948,0.439818181,0,0.08224900789,0.5570019246,0,0.467472654,False
4685,0,0.2293461941,0.439818181,0,0.06593748525,0.5570019246,0,0.4631548647,False
4686,0,0.03013470604,0.439818181,0,0.01298048408,0.5570019246,0,0.1094799463,False
4687,0,0.2522957444,0.439818181,0,0.04838916418,0.5570019246,0,0.5071003646,False
4688,0,0.4538461084,0.439818181,1,0.06953962337,0.5570019246,0,0.8473421608,False
4689,0,0.2966503299,0.439818181,0,0.09801115856,0.5570019246,0,0.5908654769,False
4690,0,0.2999073229,0.439818181,0,0.1080105672,0.5570019246,0,0.5984455959,False
4691,0,0.005490168477,0.439818181,0,0.004313778493,0.5570019246,0,0.02840145845,False
4692,0,0.08105090087,0.439818181,0,0.01422365767,0.5570019246,0,0.2150259067,False
4693,0,0.003437631686,0.439818181,0,0.002109492694,0.5570019246,0,0.01861446939,False
4694,0,0.2824753815,0.439818181,0,0.08105390446,0.5570019246,0,0.5628478219,False
4695,0,0.5130164255,0.439818181,1,0.7915734773,0.5570019246,1,0.9064478987,True
4696,0,0.0800840781,0.439818181,0,0.02842251114,0.5570019246,0,0.2128190367,False
4697,0,0.3226140043,0.439818181,0,0.08030957908,0.5570019246,0,0.6415275379,False
4698,0,0.2593823982,0.439818181,0,0.4713886808,0.5570019246,0,0.5215889465,False
4699,0,0.3875657997,0.439818181,0,0.1013582468,0.5570019246,0,0.7560928804,False
4700,0,0.1456569908,0.439818181,0,0.05740856282,0.5570019246,0,0.3205718672,False
4701,1,0.5716921779,0.439818181,1,0.6847976682,0.5570019246,1,,False
4702,0,0.5609261603,0.439818181,1,0.08183327894,0.5570019246,0,0.9422375744,True
4703,1,0.6016455697,0.439818181,1,0.7277965581,0.5570019246,1,,False
4704,0,0.09155277772,0.439818181,0,0.03048061627,0.5570019246,0,0.2327768183,False
4705,0,0.2976579615,0.439818181,0,0.06443472767,0.5570019246,0,0.5933601996,False
4706,0,0.1624573731,0.439818181,0,0.04372711998,0.5570019246,0,0.3484935713,False
4707,1,0.4667176619,0.439818181,1,0.8111264239,0.5570019246,1,,False
4708,0,0.4511643057,0.439818181,1,0.6690158428,0.5570019246,1,0.844175782,False
4709,0,0.1284668526,0.439818181,0,0.06720866964,0.5570019246,0,0.2936096718,False
4710,0,0.1771645947,0.439818181,0,0.03528184268,0.5570019246,0,0.3722893878,False
4711,0,0.3828042834,0.439818181,0,0.1543947572,0.5570019246,0,0.7504317789,False
4712,0,0.1077343343,0.439818181,0,0.0308822239,0.5570019246,0,0.2593552101,False
4713,0,0.06972849615,0.439818181,0,0.0502197178,0.5570019246,0,0.1945883708,False
4714,0,0.2446431628,0.439818181,0,0.07669512181,0.5570019246,0,0.4941469967,False
4715,0,0.293683777,0.439818181,0,0.1149849384,0.5570019246,0,0.5843408175,False
4716,0,0.08650970507,0.439818181,0,0.02215490257,0.5570019246,0,0.2236614853,False
4717,0,0.3542098506,0.439818181,0,0.1072070769,0.5570019246,0,0.6971790443,False
4718,0,0.07335701383,0.439818181,0,0.03534302646,0.5570019246,0,0.2003454231,False
4719,0,0.06547899801,0.439818181,0,0.02060439452,0.5570019246,0,0.1855689887,False
4720,0,0.2967252177,0.439818181,0,0.1184276813,0.5570019246,0,0.5912492804,False
4721,0,0.06628032232,0.439818181,0,0.03501359409,0.5570019246,0,0.1877758588,False
4722,0,0.1178630186,0.439818181,0,0.04463442672,0.5570019246,0,0.2774899252,False
4723,0,0.125635478,0.439818181,0,0.05027964738,0.5570019246,0,0.2875647668,False
4724,0,0.01619546991,0.439818181,0,0.01350098136,0.5570019246,0,0.07119554788,False
4725,0,0.1595898383,0.439818181,0,0.08448382575,0.5570019246,0,0.3431203224,False
4726,0,0.261445096,0.439818181,0,0.06597635539,0.5570019246,0,0.5248512761,False
4727,0,0.03007073749,0.439818181,0,0.0171363213,0.5570019246,0,0.1091920936,False
4728,0,0.4606781132,0.439818181,1,0.09943268583,0.5570019246,0,0.8543465746,False
4729,0,0.2052184749,0.439818181,0,0.07133108219,0.5570019246,0,0.4231433506,False
4730,0,0.07436623901,0.439818181,0,0.02800057284,0.5570019246,0,0.2028401458,False
4731,0,0.05346786512,0.439818181,0,0.01935397855,0.5570019246,0,0.1612934178,False
4732,0,0.309152509,0.439818181,0,0.08796866089,0.5570019246,0,0.6152369987,False
4733,0,0.4664918023,0.439818181,1,0.1325739582,0.5570019246,0,0.8600076761,False
4734,0,0.1069477829,0.439818181,0,0.03265333199,0.5570019246,0,0.2581078488,False
4735,0,0.09297915156,0.439818181,0,0.08661125508,0.5570019246,0,0.2354634427,False
4736,0,0.01320352865,0.439818181,0,0.01450118621,0.5570019246,0,0.06064095183,False
4737,0,0.01698493271,0.439818181,0,0.01114073953,0.5570019246,0,0.07512953368,False
4738,0,0.008948479743,0.439818181,0,0.006824908375,0.5570019246,0,0.04317789292,False
4739,0,0.07791091483,0.439818181,0,0.0313407824,0.5570019246,0,0.2091729035,False
4740,0,0.09095739277,0.439818181,0,0.03784372134,0.5570019246,0,0.231433506,False
4741,0,0.5362085244,0.439818181,1,0.1779245314,0.5570019246,0,0.9248704663,True
4742,0,0.01612780311,0.439818181,0,0.009873939094,0.5570019246,0,0.07071579351,False
4743,0,0.1422898177,0.439818181,0,0.2217843929,0.5570019246,0,0.3151026674,False
4744,0,0.0256405535,0.439818181,0,0.00815825442,0.5570019246,0,0.09844559585,False
4745,0,0.2259231265,0.439818181,0,0.04333103664,0.5570019246,0,0.4574937632,False
4746,0,0.08987667051,0.439818181,0,0.01830534692,0.5570019246,0,0.2293225868,False
4747,0,0.5908563875,0.439818181,1,0.83026565,0.5570019246,1,0.9579735176,True
4748,0,0.4645994255,0.439818181,1,0.105244273,0.5570019246,0,0.8581846095,False
4749,0,0.2374848631,0.439818181,0,0.07371180571,0.5570019246,0,0.4789867588,False
4750,0,0.361149719,0.439818181,0,0.1278857271,0.5570019246,0,0.7110919209,False
4751,1,0.6174328485,0.439818181,1,0.8006375979,0.5570019246,1,,False
4752,0,0.2722668198,0.439818181,0,0.3859190868,0.5570019246,0,0.5433697947,False
4753,0,0.1818476195,0.439818181,0,0.06381399808,0.5570019246,0,0.3815006717,False
4754,0,0.3446110045,0.439818181,0,0.1016142079,0.5570019246,0,0.6826904625,False
4755,0,0.2564221809,0.439818181,0,0.1019979514,0.5570019246,0,0.5157359432,False
4756,0,0.2438957946,0.439818181,0,0.08265583692,0.5570019246,0,0.4922279793,False
4757,0,0.01659242532,0.439818181,0,0.006919909242,0.5570019246,0,0.07311456534,False
4758,0,0.001933539803,0.439818181,0,0.003040919657,0.5570019246,0,0.009403185569,False
4759,0,0.2612732067,0.439818181,0,0.4884534271,0.5570019246,0,0.5244674727,False
4760,0,0.2634618488,0.439818181,0,0.05511325406,0.5570019246,0,0.5293609672,False
4761,0,0.2888666655,0.439818181,0,0.1231583191,0.5570019246,0,0.5740740741,False
4762,1,0.6702154464,0.439818181,1,0.8821089667,0.5570019246,1,,False
4763,0,0.3210806799,0.439818181,0,0.1035919697,0.5570019246,0,0.6387449626,False
4764,0,0.4827127831,0.439818181,1,0.6658760539,0.5570019246,1,0.8785261946,False
4765,1,0.4265173105,0.439818181,0,0.6983675843,0.5570019246,1,,False
4766,0,0.08004079117,0.439818181,0,0.03166056969,0.5570019246,0,0.2126271349,False
4767,0,0.1259494241,0.439818181,0,0.04842369463,0.5570019246,0,0.2885242756,False
4768,0,0.09438355098,0.439818181,0,0.06779422946,0.5570019246,0,0.2372865093,False
4769,0,0.3528142814,0.439818181,0,0.08336222132,0.5570019246,0,0.6953559777,False
4770,0,0.3380850045,0.439818181,0,0.4289531745,0.5570019246,0,0.6697370946,False
4771,0,0.5054509232,0.439818181,1,0.1123937966,0.5570019246,0,0.9004029937,True
4772,0,0.160242987,0.439818181,0,0.05293472292,0.5570019246,0,0.3447514872,False
4773,0,0.005509095077,0.439818181,0,0.005577266093,0.5570019246,0,0.02878526195,False
4774,0,0.1167807625,0.439818181,0,0.0340832823,0.5570019246,0,0.2754749568,False
4775,0,0.5450953734,0.439818181,1,0.6929980047,0.5570019246,1,0.9309153713,True
4776,0,0.5082443272,0.439818181,1,0.1099382862,0.5570019246,0,0.9026098637,True
4777,1,0.7790951117,0.439818181,1,0.9145990601,0.5570019246,1,,False
4778,0,0.06596650973,0.439818181,0,0.02481399035,0.5570019246,0,0.1867203992,False
4779,0,0.3459484737,0.439818181,0,0.1477979025,0.5570019246,0,0.6846094799,False
4780,0,0.01384572356,0.439818181,0,0.006103793743,0.5570019246,0,0.0625599693,False
4781,0,0.2170804249,0.439818181,0,0.4383854141,0.5570019246,0,0.4430051813,False
4782,0,0.3623585235,0.439818181,0,0.0775644227,0.5570019246,0,0.7135866436,False
4783,0,0.03548136311,0.439818181,0,0.02213281497,0.5570019246,0,0.124064479,False
4784,0,0.1397695827,0.439818181,0,0.04800213082,0.5570019246,0,0.311648436,False
4785,0,0.3811086385,0.439818181,0,0.5761993449,0.5570019246,1,0.7488006141,False
4786,0,0.04695694959,0.439818181,0,0.03512005571,0.5570019246,0,0.1489157551,False
4787,0,0.3782655589,0.439818181,0,0.3781234,0.5570019246,0,0.7434273652,False
4788,0,0.3613879393,0.439818181,0,0.08371656646,0.5570019246,0,0.7116676262,False
4789,0,0.1585977416,0.439818181,0,0.1088859534,0.5570019246,0,0.3412972558,False
4790,0,0.3424416309,0.439818181,0,0.175712887,0.5570019246,0,0.6771253118,False
4791,1,0.7720276769,0.439818181,1,0.9448872752,0.5570019246,1,,False
4792,0,0.4209131696,0.439818181,0,0.6962412865,0.5570019246,1,0.8058913836,False
4793,0,0.07340705586,0.439818181,0,0.01189692377,0.5570019246,0,0.200441374,False
4794,1,0.6429923943,0.439818181,1,0.7959650558,0.5570019246,1,,False
4795,0,0.1792005769,0.439818181,0,0.06042952512,0.5570019246,0,0.3769909806,False
4796,0,0.3899785009,0.439818181,0,0.07576976524,0.5570019246,0,0.760986375,False
4797,0,0.1783178769,0.439818181,0,0.06236591935,0.5570019246,0,0.3748800614,False
4798,0,0.07957624158,0.439818181,0,0.06296077451,0.5570019246,0,0.211763577,False
4799,0,0.3585220573,0.439818181,0,0.07155029553,0.5570019246,0,0.7062943773,False
4800,0,0.01492496544,0.439818181,0,0.01232609101,0.5570019246,0,0.06697370946,False
4801,1,0.5727173439,0.439818181,1,0.8815326155,0.5570019246,1,,False
4802,0,0.07661638184,0.439818181,0,0.0169813571,0.5570019246,0,0.2066781808,False
4803,0,0.2965061474,0.439818181,0,0.07865015857,0.5570019246,0,0.5904816734,False
4804,0,0.1016183299,0.439818181,0,0.02531324192,0.5570019246,0,0.2488006141,False
4805,0,0.06463768989,0.439818181,0,0.02343955343,0.5570019246,0,0.1840337747,False
4806,0,0.2596435512,0.439818181,0,0.1154047976,0.5570019246,0,0.5218767991,False
4807,0,0.03022364404,0.439818181,0,0.01277227412,0.5570019246,0,0.1098637498,False
4808,0,0.3662250406,0.439818181,0,0.1062762972,0.5570019246,0,0.7203991556,False
4809,1,0.6942655681,0.439818181,1,0.8846271059,0.5570019246,1,,False
4810,0,0.3878806089,0.439818181,0,0.07692545911,0.5570019246,0,0.7567645366,False
4811,0,0.2247494653,0.439818181,0,0.07482975014,0.5570019246,0,0.4557666475,False
4812,0,0.04214815274,0.439818181,0,0.02623504692,0.5570019246,0,0.1392247169,False
4813,0,0.05823146225,0.439818181,0,0.02799092041,0.5570019246,0,0.1719439647,False
4814,0,0.3297446717,0.439818181,0,0.1195702773,0.5570019246,0,0.654289004,False
4815,0,0.06845268473,0.439818181,0,0.02124991837,0.5570019246,0,0.1918057954,False
4816,0,0.1884555083,0.439818181,0,0.06360654737,0.5570019246,0,0.3922471694,False
4817,0,0.4453583825,0.439818181,1,0.6295766289,0.5570019246,1,0.8368835156,False
4818,0,0.002200923691,0.439818181,0,0.001325975693,0.5570019246,0,0.01151410478,False
4819,0,0.06490044344,0.439818181,0,0.02079725623,0.5570019246,0,0.1845135291,False
4820,0,0.03307595785,0.439818181,0,0.008091249377,0.5570019246,0,0.117251967,False
4821,0,0.3092951851,0.439818181,0,0.4831979836,0.5570019246,0,0.6156208021,False
4822,0,0.3181616525,0.439818181,0,0.5161609758,0.5570019246,0,0.6329879102,False
4823,0,0.2784759909,0.439818181,0,0.0838525457,0.5570019246,0,0.5551717521,False
4824,0,0.2215940197,0.439818181,0,0.03646273642,0.5570019246,0,0.4503933986,False
4825,0,0.1484317856,0.439818181,0,0.08370005847,0.5570019246,0,0.3250815582,False
4826,0,0.03556805206,0.439818181,0,0.01039086572,0.5570019246,0,0.1244482825,False
4827,0,0.3555899941,0.439818181,0,0.1396781048,0.5570019246,0,0.6999616197,False
4828,0,0.5910884703,0.439818181,1,0.2253550067,0.5570019246,0,0.9584532719,True
4829,0,0.2408475473,0.439818181,0,0.07833215467,0.5570019246,0,0.4866628286,False
4830,0,0.01392816874,0.439818181,0,0.003398012431,0.5570019246,0,0.06275187104,False
4831,0,0.1607541183,0.439818181,0,0.03340216398,0.5570019246,0,0.3456150451,False
4832,0,0.2905926481,0.439818181,0,0.05737642246,0.5570019246,0,0.577912109,False
4833,0,0.226366353,0.439818181,0,0.07552663957,0.5570019246,0,0.4579735176,False
4834,0,0.510577462,0.439818181,1,0.07357341323,0.5570019246,0,0.9046248321,True
4835,0,0.0271017304,0.439818181,0,0.0198685268,0.5570019246,0,0.1023795817,False
4836,0,0.08170210511,0.439818181,0,0.02521004561,0.5570019246,0,0.2157935137,False
4837,0,0.2854887283,0.439818181,0,0.07904429557,0.5570019246,0,0.5687967761,False
4838,0,0.5428529299,0.439818181,1,0.2413531643,0.5570019246,0,0.9295720591,True
4839,0,0.01092783306,0.439818181,0,0.009325448522,0.5570019246,0,0.05267702936,False
4840,0,0.4090654389,0.439818181,0,0.08496069972,0.5570019246,0,0.7901554404,False
4841,0,0.2007844209,0.439818181,0,0.0973806263,0.5570019246,0,0.415275379,False
4842,1,0.567098471,0.439818181,1,0.7357899044,0.5570019246,1,,False
4843,0,0.02229375352,0.439818181,0,0.008644657667,0.5570019246,0,0.090769526,False
4844,0,0.06014992797,0.439818181,0,0.01164213413,0.5570019246,0,0.1765496066,False
4845,0,0.3599092314,0.439818181,0,0.1024638258,0.5570019246,0,0.7087891,False
4846,0,0.3278074029,0.439818181,0,0.5211742029,0.5570019246,0,0.6509307235,False
4847,0,0.3732943155,0.439818181,0,0.05386755675,0.5570019246,0,0.7345998849,False
4848,0,0.002848323458,0.439818181,0,0.0006760588157,0.5570019246,0,0.01439263097,False
4849,0,0.2079391955,0.439818181,0,0.06858977708,0.5570019246,0,0.4285165995,False
4850,0,0.06415659096,0.439818181,0,0.02172355729,0.5570019246,0,0.1831702168,False
4851,0,0.3533273026,0.439818181,0,0.1359501981,0.5570019246,0,0.695931683,False
4852,0,0.1170773106,0.439818181,0,0.0286649466,0.5570019246,0,0.2763385147,False
4853,0,0.5667513056,0.439818181,1,0.1688618267,0.5570019246,0,0.9460756093,True
4854,0,0.2227288365,0.439818181,0,0.04222643591,0.5570019246,0,0.452312416,False
4855,0,0.4151485376,0.439818181,0,0.1450917255,0.5570019246,0,0.7976396085,False
4856,0,0.01267795961,0.439818181,0,0.009975124146,0.5570019246,0,0.05891383612,False
4857,0,0.6170007761,0.439818181,1,0.1649562535,0.5570019246,0,0.969007868,True
4858,0,0.4170315546,0.439818181,0,0.119123129,0.5570019246,0,0.8000383803,False
4859,0,0.2108145572,0.439818181,0,0.03969974114,0.5570019246,0,0.4328343888,False
4860,0,0.4041591373,0.439818181,0,0.08452957798,0.5570019246,0,0.7834388793,False
4861,0,0.0633019862,0.439818181,0,0.02708223195,0.5570019246,0,0.181539052,False
4862,0,0.009511956434,0.439818181,0,0.008082004486,0.5570019246,0,0.04528881213,False
4863,0,0.009659272941,0.439818181,0,0.008203666946,0.5570019246,0,0.04624832086,False
4864,0,0.02590727729,0.439818181,0,0.00819978721,0.5570019246,0,0.09959700633,False
4865,0,0.005252343946,0.439818181,0,0.003505759021,0.5570019246,0,0.02801765496,False
4866,1,0.6568232641,0.439818181,1,0.8835260935,0.5570019246,1,,False
4867,0,0.1712513957,0.439818181,0,0.1454960488,0.5570019246,0,0.3628862023,False
4868,0,0.493858374,0.439818181,1,0.1109141619,0.5570019246,0,0.8878334293,False
4869,0,0.02976581036,0.439818181,0,0.01141537021,0.5570019246,0,0.1084244867,False
4870,0,0.1384859823,0.439818181,0,0.3331489302,0.5570019246,0,0.3090577624,False
4871,0,0.2638557088,0.439818181,0,0.1106076267,0.5570019246,0,0.530224525,False
4872,0,0.1829266762,0.439818181,0,0.08926891924,0.5570019246,0,0.3832277874,False
4873,0,0.4680842974,0.439818181,1,0.07653310435,0.5570019246,0,0.8628862023,False
4874,0,0.04378212837,0.439818181,0,0.007605105004,0.5570019246,0,0.1421032431,False
4875,1,0.6296187906,0.439818181,1,0.7653946705,0.5570019246,1,,False
4876,0,0.1166664108,0.439818181,0,0.02974342395,0.5570019246,0,0.2750911533,False
4877,0,0.0199761088,0.439818181,0,0.01432617603,0.5570019246,0,0.08424486663,False
4878,0,0.04434094388,0.439818181,0,0.03826314191,0.5570019246,0,0.1433506045,False
4879,1,0.4633496594,0.439818181,1,0.8133555736,0.5570019246,1,,False
4880,0,0.09760134243,0.439818181,0,0.041692434,0.5570019246,0,0.242084053,False
4881,0,0.3167529201,0.439818181,0,0.08164766174,0.5570019246,0,0.6309729419,False
4882,0,0.05115623478,0.439818181,0,0.01119795835,0.5570019246,0,0.157359432,False
4883,0,0.1040517945,0.439818181,0,0.05139623344,0.5570019246,0,0.2525426981,False
4884,0,0.002200923691,0.439818181,0,0.001325975693,0.5570019246,0,0.01151410478,False
4885,0,0.1753657577,0.439818181,0,0.07015826183,0.5570019246,0,0.3695068125,False
4886,0,0.03308274703,0.439818181,0,0.01699673633,0.5570019246,0,0.1173479179,False
4887,0,0.1141686089,0.439818181,0,0.02932912785,0.5570019246,0,0.2709652658,False
4888,0,0.02126431529,0.439818181,0,0.01904332789,0.5570019246,0,0.08817885243,False
4889,0,0.4509892956,0.439818181,1,0.1317579322,0.5570019246,0,0.8438879294,False
4890,1,0.6280129647,0.439818181,1,0.712825352,0.5570019246,1,,False
4891,0,0.02771800319,0.439818181,0,0.009121810926,0.5570019246,0,0.1037228939,False
4892,0,0.08775922537,0.439818181,0,0.06558034826,0.5570019246,0,0.2249088467,False
4893,0,0.4026346321,0.439818181,0,0.09134211271,0.5570019246,0,0.781423911,False
4894,0,0.2467792492,0.439818181,0,0.05920246794,0.5570019246,0,0.4976012282,False
4895,0,0.5905815818,0.439818181,1,0.1076877495,0.5570019246,0,0.9578775667,True
4896,0,0.2634448637,0.439818181,0,0.06241900101,0.5570019246,0,0.5292650163,False
4897,0,0.01962257113,0.439818181,0,0.009853548141,0.5570019246,0,0.08299750528,False
4898,0,0.4793211952,0.439818181,1,0.1602010295,0.5570019246,0,0.875935521,False
4899,0,0.4720678795,0.439818181,1,0.1166510565,0.5570019246,0,0.867587795,False
4900,0,0.2448196782,0.439818181,0,0.1041909997,0.5570019246,0,0.4946267511,False
4901,0,0.2688966168,0.439818181,0,0.1058803121,0.5570019246,0,0.5383803493,False
4902,1,0.4539949225,0.439818181,1,0.5710735618,0.5570019246,1,,False
4903,1,0.6156560202,0.439818181,1,0.7033103511,0.5570019246,1,,False
4904,0,0.3113255279,0.439818181,0,0.5310034365,0.5570019246,0,0.6189790827,False
4905,0,0.3359366103,0.439818181,0,0.1125071516,0.5570019246,0,0.6659950106,False
4906,0,0.008803354932,0.439818181,0,0.00191614909,0.5570019246,0,0.04269813855,False
4907,0,0.1321444608,0.439818181,0,0.04503975368,0.5570019246,0,0.2997505277,False
4908,0,0.2872830601,0.439818181,0,0.07185826548,0.5570019246,0,0.5712914988,False
4909,0,0.02121804667,0.439818181,0,0.006809988596,0.5570019246,0,0.08798695068,False
4910,0,0.009859582945,0.439818181,0,0.0031509913,0.5570019246,0,0.04711187872,False
4911,0,0.0462649569,0.439818181,0,0.01735502577,0.5570019246,0,0.147476492,False
4912,0,0.2940023133,0.439818181,0,0.0650412764,0.5570019246,0,0.5849165227,False
4913,0,0.08292674995,0.439818181,0,0.02794496541,0.5570019246,0,0.2176165803,False
4914,0,0.001573201074,0.439818181,0,0.0007997922763,0.5570019246,0,0.007244290923,False
4915,0,0.5579291459,0.439818181,1,0.1274451414,0.5570019246,0,0.9405104586,True
4916,0,0.002838545122,0.439818181,0,0.002594962185,0.5570019246,0,0.01420072923,False
4917,0,0.04242344611,0.439818181,0,0.01855795123,0.5570019246,0,0.1394166187,False
4918,0,0.2827743735,0.439818181,0,0.09470090607,0.5570019246,0,0.5634235272,False
4919,0,0.2624344676,0.439818181,0,0.5415339871,0.5570019246,0,0.5275379006,False
4920,0,0.02986258437,0.439818181,0,0.006715142033,0.5570019246,0,0.1086163884,False
4921,1,0.6583865192,0.439818181,1,0.7628661558,0.5570019246,1,,False
4922,0,0.1517289903,0.439818181,0,0.07791777672,0.5570019246,0,0.3307426598,False
4923,1,0.6697066032,0.439818181,1,0.8087963557,0.5570019246,1,,False
4924,0,0.4409149274,0.439818181,1,0.7220068217,0.5570019246,1,0.8309345615,False
4925,0,0.005570967648,0.439818181,0,0.001569279895,0.5570019246,0,0.02926501631,False
4926,0,0.07549565217,0.439818181,0,0.0245081643,0.5570019246,0,0.2048551142,False
4927,0,0.006688865461,0.439818181,0,0.001925600778,0.5570019246,0,0.03492611783,False
4928,0,0.2162746258,0.439818181,0,0.05444542895,0.5570019246,0,0.4415659182,False
4929,1,0.6675857725,0.439818181,1,0.8184018881,0.5570019246,1,,False
4930,0,0.01550293917,0.439818181,0,0.008941188203,0.5570019246,0,0.0686048743,False
4931,0,0.2644647197,0.439818181,0,0.04893299002,0.5570019246,0,0.5313759355,False
4932,0,0.08416441135,0.439818181,0,0.01375574558,0.5570019246,0,0.2197274995,False
4933,1,0.5690824867,0.439818181,1,0.8173306994,0.5570019246,1,,False
4934,0,0.1722161895,0.439818181,0,0.1123525345,0.5570019246,0,0.3640376127,False
4935,0,0.05847537236,0.439818181,0,0.02181476421,0.5570019246,0,0.1729994243,False
4936,0,0.02238419968,0.439818181,0,0.01204766098,0.5570019246,0,0.09144118211,False
4937,0,0.3379479997,0.439818181,0,0.4635696333,0.5570019246,0,0.6695451929,False
4938,0,0.2145086876,0.439818181,0,0.2841443353,0.5570019246,0,0.4386873921,False
4939,0,0.03360819755,0.439818181,0,0.02128885284,0.5570019246,0,0.118787181,False
4940,0,0.6396795021,0.439818181,1,0.1563361276,0.5570019246,0,0.9755325273,True
4941,0,0.08431236524,0.439818181,0,0.05109454787,0.5570019246,0,0.220111303,False
4942,1,0.7010748387,0.439818181,1,0.9145546692,0.5570019246,1,,False
4943,0,0.2985822112,0.439818181,0,0.08100762516,0.5570019246,0,0.5954711188,False
4944,0,0.1170315067,0.439818181,0,0.02463641851,0.5570019246,0,0.2761466129,False
4945,1,0.4526625306,0.439818181,1,0.6878833266,0.5570019246,1,,False
4946,1,0.7412913489,0.439818181,1,0.9276098333,0.5570019246,1,,False
4947,0,0.2537797038,0.439818181,0,0.1296764813,0.5570019246,0,0.5101707926,False
4948,0,0.3468334916,0.439818181,0,0.09122300989,0.5570019246,0,0.6862406448,False
4949,0,0.3049397333,0.439818181,0,0.6487380895,0.5570019246,1,0.6069852236,False
4950,0,0.3353210455,0.439818181,0,0.124163365,0.5570019246,0,0.6646516983,False
4951,0,0.4196252566,0.439818181,0,0.4045924115,0.5570019246,0,0.8042602188,False
4952,0,0.07435623657,0.439818181,0,0.01929407902,0.5570019246,0,0.2026482441,False
4953,0,0.1471662733,0.439818181,0,0.09485754427,0.5570019246,0,0.322970639,False
4954,1,0.5794039813,0.439818181,1,0.7153070426,0.5570019246,1,,False
4955,0,0.009738253245,0.439818181,0,0.009510976985,0.5570019246,0,0.04653617348,False
4956,0,0.2525949009,0.439818181,0,0.3850704279,0.5570019246,0,0.5076760699,False
4957,0,0.01424757689,0.439818181,0,0.01022830791,0.5570019246,0,0.06428708501,False
4958,0,0.1015141404,0.439818181,0,0.02963480688,0.5570019246,0,0.2485127615,False
4959,0,0.2348557375,0.439818181,0,0.04434558494,0.5570019246,0,0.4749568221,False
4960,0,0.01924471867,0.439818181,0,0.01700461131,0.5570019246,0,0.08203799655,False
4961,1,0.6684093008,0.439818181,1,0.7543527896,0.5570019246,1,,False
4962,0,0.2176836859,0.439818181,0,0.04166138505,0.5570019246,0,0.4443484936,False
4963,0,0.1400634684,0.439818181,0,0.08379117209,0.5570019246,0,0.3120322395,False
4964,0,0.1000996175,0.439818181,0,0.2181721914,0.5570019246,0,0.2460180388,False
4965,0,0.1730203333,0.439818181,0,0.1357043977,0.5570019246,0,0.3655728267,False
4966,0,0.7333088456,0.439818181,1,0.1944602265,0.5570019246,0,0.9969295721,True
4967,0,0.4005872801,0.439818181,0,0.6910003403,0.5570019246,1,0.7784494339,False
4968,0,0.0958216125,0.439818181,0,0.07595190967,0.5570019246,0,0.2391095759,False
4969,0,0.6062668474,0.439818181,1,0.120666427,0.5570019246,0,0.9649779313,True
4970,0,0.0505566734,0.439818181,0,0.01656111282,0.5570019246,0,0.1560161197,False
4971,0,0.09105309431,0.439818181,0,0.06548249785,0.5570019246,0,0.2319132604,False
4972,0,0.2720918426,0.439818181,0,0.06589303886,0.5570019246,0,0.543081942,False
4973,0,0.001182073174,0.439818181,0,0.001212816768,0.5570019246,0,0.004797543658,False
4974,0,0.009483827742,0.439818181,0,0.006152580174,0.5570019246,0,0.04509691038,False
4975,0,0.2382360521,0.439818181,0,0.114086366,0.5570019246,0,0.4812895797,False
4976,1,0.5304100865,0.439818181,1,0.7700600696,0.5570019246,1,,False
4977,0,0.1820802255,0.439818181,0,0.05584857754,0.5570019246,0,0.3815966225,False
4978,0,0.4391772454,0.439818181,0,0.1040927747,0.5570019246,0,0.8281519862,False
4979,0,0.005336113141,0.439818181,0,0.002174049881,0.5570019246,0,0.02820955671,False
4980,0,0.1666716489,0.439818181,0,0.0486895956,0.5570019246,0,0.3557858377,False
4981,0,0.0368364428,0.439818181,0,0.01187925764,0.5570019246,0,0.1279984648,False
4982,0,0.4232097741,0.439818181,0,0.07034877515,0.5570019246,0,0.8085780081,False
4983,0,0.04985911749,0.439818181,0,0.01988625834,0.5570019246,0,0.1541930532,False
4984,0,0.1329857286,0.439818181,0,0.03814900867,0.5570019246,0,0.3015735943,False
4985,0,0.02987576051,0.439818181,0,0.01948862206,0.5570019246,0,0.1087123393,False
4986,0,0.3978349934,0.439818181,0,0.6245149477,0.5570019246,1,0.7729802341,False
4987,1,0.6229478243,0.439818181,1,0.802196353,0.5570019246,1,,False
4988,0,0.3011320263,0.439818181,0,0.5486892041,0.5570019246,0,0.5997889081,False
4989,0,0.04450009575,0.439818181,0,0.0158486459,0.5570019246,0,0.1435425062,False
4990,0,0.006706060951,0.439818181,0,0.005324912519,0.5570019246,0,0.03511801957,False
4991,0,0.395128995,0.439818181,0,0.4601911005,0.5570019246,0,0.7696219536,False
4992,0,0.005080631554,0.439818181,0,0.004499372331,0.5570019246,0,0.02686624448,False
4993,0,0.2682291748,0.439818181,0,0.4488842598,0.5570019246,0,0.5372289388,False
4994,0,0.2388380925,0.439818181,0,0.1127054519,0.5570019246,0,0.4824409902,False
4995,0,0.2379712617,0.439818181,0,0.08728162033,0.5570019246,0,0.4802341201,False
4996,0,0.2504914654,0.439818181,0,0.0732930801,0.5570019246,0,0.5039339858,False
4997,1,0.8107352301,0.439818181,1,0.9446324751,0.5570019246,1,,False
4998,0,0.3610976361,0.439818181,0,0.07654381741,0.5570019246,0,0.7108040683,False
4999,1,0.7153245848,0.439818181,1,0.8655051707,0.5570019246,1,,False
5000,0,0.1130882426,0.439818181,0,0.05163037935,0.5570019246,0,0.2689502974,False
5001,0,0.1009586119,0.439818181,0,0.03289594351,0.5570019246,0,0.2477451545,False
5002,0,0.2200932309,0.439818181,0,0.06788911229,0.5570019246,0,0.4477067741,False
5003,0,0.1186367561,0.439818181,0,0.03596185243,0.5570019246,0,0.2782575321,False
5004,0,0.415573378,0.439818181,0,0.1009693627,0.5570019246,0,0.7984072155,False
5005,0,0.4025951037,0.439818181,0,0.08297310238,0.5570019246,0,0.7813279601,False
5006,1,0.665074482,0.439818181,1,0.8669380638,0.5570019246,1,,False
5007,0,0.2038108982,0.439818181,0,0.06913163442,0.5570019246,0,0.4212243331,False
5008,0,0.01492556023,0.439818181,0,0.009723423093,0.5570019246,0,0.06706966033,False
5009,0,0.3291740956,0.439818181,0,0.06834246723,0.5570019246,0,0.6534254462,False
5010,0,0.3044246952,0.439818181,0,0.3609241225,0.5570019246,0,0.6060257148,False
5011,0,0.2264841479,0.439818181,0,0.06306770845,0.5570019246,0,0.4582613702,False
5012,0,0.2061238141,0.439818181,0,0.0357456567,0.5570019246,0,0.4250623681,False
5013,0,0.07134865002,0.439818181,0,0.01794217219,0.5570019246,0,0.1969871426,False
5014,0,0.2615058828,0.439818181,0,0.1071133147,0.5570019246,0,0.5250431779,False
5015,0,0.1223176103,0.439818181,0,0.04587252593,0.5570019246,0,0.2827672232,False
5016,0,0.004250559823,0.439818181,0,0.0008643057828,0.5570019246,0,0.02331606218,False
5017,0,0.5330067628,0.439818181,1,0.1030319823,0.5570019246,0,0.9221838419,True
5018,0,0.3803956327,0.439818181,0,0.05391173735,0.5570019246,0,0.7474573019,False
5019,1,0.6169978182,0.439818181,1,0.8192250374,0.5570019246,1,,False
5020,0,0.3128436162,0.439818181,0,0.115161218,0.5570019246,0,0.6228171176,False
5021,0,0.3672139993,0.439818181,0,0.08760688203,0.5570019246,0,0.7227979275,False
5022,0,0.4381312681,0.439818181,0,0.1565977089,0.5570019246,0,0.8270965266,False
5023,1,0.5907084105,0.439818181,1,0.7477854344,0.5570019246,1,,False
5024,1,0.472317751,0.439818181,1,0.8351340979,0.5570019246,1,,False
5025,0,0.531161563,0.439818181,1,0.1214298547,0.5570019246,0,0.9211283823,True
5026,0,0.4010277577,0.439818181,0,0.06868296929,0.5570019246,0,0.77912109,False
5027,0,0.01117511389,0.439818181,0,0.01293775707,0.5570019246,0,0.05363653809,False
5028,0,0.2940333187,0.439818181,0,0.2989860257,0.5570019246,0,0.5851084245,False
5029,0,0.3384681236,0.439818181,0,0.4430468474,0.5570019246,0,0.6704087507,False
5030,1,0.8050615427,0.439818181,1,0.9551364983,0.5570019246,1,,False
5031,0,0.3138236277,0.439818181,0,0.5623125208,0.5570019246,1,0.624832086,False
5032,0,0.1464850421,0.439818181,0,0.1827689614,0.5570019246,0,0.3214354251,False
5033,1,0.5769645357,0.439818181,1,0.8804908556,0.5570019246,1,,False
5034,0,0.1151262008,0.439818181,0,0.03254822535,0.5570019246,0,0.2724045289,False
5035,1,0.7417769995,0.439818181,1,0.9459187104,0.5570019246,1,,False
5036,0,0.3144987549,0.439818181,0,0.09812691016,0.5570019246,0,0.6255037421,False
5037,0,0.1041328626,0.439818181,0,0.02750442124,0.5570019246,0,0.252638649,False
5038,0,0.4455016744,0.439818181,1,0.1150851424,0.5570019246,0,0.8371713683,False
5039,0,0.006750171615,0.439818181,0,0.005922535581,0.5570019246,0,0.03545384763,False
5040,0,0.297220866,0.439818181,0,0.4673890894,0.5570019246,0,0.5924966417,False
5041,0,0.4337429849,0.439818181,0,0.1411206877,0.5570019246,0,0.8211475724,False
5042,0,0.1469519751,0.439818181,0,0.06250790682,0.5570019246,0,0.3223949338,False
5043,0,0.1089168668,0.439818181,0,0.0761714817,0.5570019246,0,0.2616580311,False
5044,0,0.002200923691,0.439818181,0,0.001325975693,0.5570019246,0,0.01151410478,False
5045,0,0.4864500678,0.439818181,1,0.06974678345,0.5570019246,0,0.881980426,False
5046,0,0.3044155686,0.439818181,0,0.3737484653,0.5570019246,0,0.6058338131,False
5047,0,0.122763686,0.439818181,0,0.04436247295,0.5570019246,0,0.283630781,False
5048,0,0.1618890364,0.439818181,0,0.07853978342,0.5570019246,0,0.3471502591,False
5049,0,0.1281342193,0.439818181,0,0.0555830624,0.5570019246,0,0.2928420649,False
5050,0,0.01665987236,0.439818181,0,0.007475276974,0.5570019246,0,0.07369027058,False
5051,0,0.3915205818,0.439818181,0,0.09808422896,0.5570019246,0,0.7636729994,False
5052,0,0.2130895588,0.439818181,0,0.09790601663,0.5570019246,0,0.4361926694,False
5053,0,0.3999125981,0.439818181,0,0.1299505399,0.5570019246,0,0.7774899252,False
5054,0,0.1323150838,0.439818181,0,0.04419665608,0.5570019246,0,0.3000383803,False
5055,0,0.08735501695,0.439818181,0,0.02174049966,0.5570019246,0,0.2241412397,False
5056,0,0.2346485759,0.439818181,0,0.08571503915,0.5570019246,0,0.4741892151,False
5057,0,0.002079061097,0.439818181,0,8.832593804e-05,0.5570019246,0,0.01050662061,False
5058,1,0.443211079,0.439818181,1,0.8068692515,0.5570019246,1,,False
5059,0,0.1422061439,0.439818181,0,0.5001145103,0.5570019246,0,0.3146229131,False
5060,0,0.2518516256,0.439818181,0,0.2796082984,0.5570019246,0,0.5062368068,False
5061,0,0.5374604328,0.439818181,1,0.07043092817,0.5570019246,0,0.9258299751,True
5062,0,0.03364816073,0.439818181,0,0.02182058031,0.5570019246,0,0.1188831318,False
5063,0,0.2054019858,0.439818181,0,0.05147989917,0.5570019246,0,0.4234312032,False
5064,0,0.04073284088,0.439818181,0,0.01081060047,0.5570019246,0,0.136154289,False
5065,0,0.1717775829,0.439818181,0,0.03919318586,0.5570019246,0,0.3634619075,False
5066,0,0.03140280031,0.439818181,0,0.01287478442,0.5570019246,0,0.1128382268,False
5067,0,0.439517166,0.439818181,0,0.1504937948,0.5570019246,0,0.8284398388,False
5068,0,0.1960531673,0.439818181,0,0.0981319055,0.5570019246,0,0.4066398004,False
5069,1,0.7405827258,0.439818181,1,0.9057580283,0.5570019246,1,,False
5070,0,0.01588170602,0.439818181,0,0.00804344886,0.5570019246,0,0.06975628478,False
5071,0,0.08081209971,0.439818181,0,0.02775877411,0.5570019246,0,0.2142582998,False
5072,0,0.1644235505,0.439818181,0,0.09452241266,0.5570019246,0,0.350988294,False
5073,0,0.2404124382,0.439818181,0,0.5108803104,0.5570019246,0,0.4857992708,False
5074,0,0.1884404617,0.439818181,0,0.06399137064,0.5570019246,0,0.3921512186,False
5075,0,0.008419760313,0.439818181,0,0.007959920062,0.5570019246,0,0.04068317022,False
5076,0,0.4019950874,0.439818181,0,0.6004524558,0.5570019246,1,0.7801765496,False
5077,0,0.2763237278,0.439818181,0,0.08368583023,0.5570019246,0,0.550662061,False
5078,0,0.04476328583,0.439818181,0,0.007841158147,0.5570019246,0,0.144502015,False
5079,0,0.1081650269,0.439818181,0,0.03122994719,0.5570019246,0,0.2601228171,False
5080,0,0.5163962889,0.439818181,1,0.09328476924,0.5570019246,0,0.9094223757,True
5081,0,0.1263387061,0.439818181,0,0.4155197756,0.5570019246,0,0.289675686,False
5082,0,0.1823271092,0.439818181,0,0.07039691451,0.5570019246,0,0.3822682786,False
5083,1,0.6240574727,0.439818181,1,0.8125317934,0.5570019246,1,,False
5084,0,0.4601240654,0.439818181,1,0.09509805998,0.5570019246,0,0.8537708693,False
5085,0,0.05989721995,0.439818181,0,0.02147335272,0.5570019246,0,0.1759739014,False
5086,0,0.330083054,0.439818181,0,0.07505526951,0.5570019246,0,0.6546728075,False
5087,0,0.2883816558,0.439818181,0,0.04988040325,0.5570019246,0,0.5731145653,False
5088,0,0.192092684,0.439818181,0,0.0797598359,0.5570019246,0,0.3985799271,False
5089,0,0.4396439523,0.439818181,0,0.142917944,0.5570019246,0,0.8286317405,False
5090,0,0.4539794317,0.439818181,1,0.7123189961,0.5570019246,1,0.8476300134,False
5091,0,0.2086696468,0.439818181,0,0.06986332584,0.5570019246,0,0.4292842065,False
5092,0,0.1659174673,0.439818181,0,0.08004181646,0.5570019246,0,0.3540587219,False
5093,0,0.04275494936,0.439818181,0,0.0185491777,0.5570019246,0,0.1403761274,False
5094,0,0.09883927604,0.439818181,0,0.020696312,0.5570019246,0,0.2440030704,False
5095,0,0.3261224774,0.439818181,0,0.5242625206,0.5570019246,0,0.6479562464,False
5096,0,0.06415200108,0.439818181,0,0.06601187767,0.5570019246,0,0.183074266,False
5097,0,0.01314981156,0.439818181,0,0.0128447347,0.5570019246,0,0.06054500096,False
5098,0,0.01172412616,0.439818181,0,0.007857010799,0.5570019246,0,0.0557474573,False
5099,0,0.07743360688,0.439818181,0,0.03021241915,0.5570019246,0,0.2083093456,False
5100,0,0.4403636954,0.439818181,1,0.09865971241,0.5570019246,0,0.8299750528,False
5101,1,0.7101668267,0.439818181,1,0.882485271,0.5570019246,1,,False
5102,0,0.02426018585,0.439818181,0,0.01761073665,0.5570019246,0,0.09575897141,False
5103,0,0.3571384794,0.439818181,0,0.08044684654,0.5570019246,0,0.7037037037,False
5104,0,0.06256685831,0.439818181,0,0.02855254864,0.5570019246,0,0.1809633468,False
5105,0,0.1156782863,0.439818181,0,0.02066571041,0.5570019246,0,0.2733640376,False
5106,0,0.2989591903,0.439818181,0,0.06223540708,0.5570019246,0,0.5963346766,False
5107,0,0.03173390809,0.439818181,0,0.01017734483,0.5570019246,0,0.1137017847,False
5108,0,0.01149669122,0.439818181,0,0.01515243797,0.5570019246,0,0.05507580119,False
5109,0,0.2481030304,0.439818181,0,0.06033436992,0.5570019246,0,0.5003838035,False
5110,0,0.0153880338,0.439818181,0,0.01461065649,0.5570019246,0,0.06841297256,False
5111,0,0.07692043631,0.439818181,0,0.4197799949,0.5570019246,0,0.207253886,False
5112,0,0.4128738953,0.439818181,0,0.1984472052,0.5570019246,0,0.7947610823,False
5113,0,0.1653056896,0.439818181,0,0.07966364218,0.5570019246,0,0.3527154097,False
5114,0,0.1533162355,0.439818181,0,0.109256565,0.5570019246,0,0.332853579,False
5115,0,0.05466902738,0.439818181,0,0.0423587018,0.5570019246,0,0.1630205335,False
5116,0,0.1663384098,0.439818181,0,0.0393893118,0.5570019246,0,0.3552101324,False
5117,0,0.3291170126,0.439818181,0,0.07158126165,0.5570019246,0,0.6533294953,False
5118,0,0.02409200591,0.439818181,0,0.01482656072,0.5570019246,0,0.09556706966,False
5119,0,0.004841009064,0.439818181,0,0.00248853074,0.5570019246,0,0.0251871042,False
5120,0,0.03415640926,0.439818181,0,0.02137964101,0.5570019246,0,0.1205142967,False
5121,0,0.05898635704,0.439818181,0,0.05075993006,0.5570019246,0,0.1742467856,False
5122,0,0.1396494349,0.439818181,0,0.05374515159,0.5570019246,0,0.3113605834,False
5123,0,0.08183254823,0.439818181,0,0.02763417269,0.5570019246,0,0.2158894646,False
5124,1,0.640689705,0.439818181,1,0.854453681,0.5570019246,1,,False
5125,0,0.2337072722,0.439818181,0,0.2142926671,0.5570019246,0,0.4725580503,False
5126,0,0.3559760917,0.439818181,0,0.08165046871,0.5570019246,0,0.7005373249,False
5127,0,0.47009799,0.439818181,1,0.09987557087,0.5570019246,0,0.8652849741,False
5128,0,0.4960346023,0.439818181,1,0.0507971553,0.5570019246,0,0.8907119555,False
5129,0,0.1961967304,0.439818181,0,0.064567708,0.5570019246,0,0.406927653,False
5130,0,0.02564914657,0.439818181,0,0.01099229613,0.5570019246,0,0.09854154673,False
5131,0,0.3762153076,0.439818181,0,0.5899520171,0.5570019246,1,0.7398771829,False
5132,0,0.3805523129,0.439818181,0,0.08045859846,0.5570019246,0,0.7479370562,False
5133,0,0.1991207081,0.439818181,0,0.1213470284,0.5570019246,0,0.4112454423,False
5134,0,0.003882618357,0.439818181,0,0.003937236012,0.5570019246,0,0.02091729035,False
5135,0,0.01872077391,0.439818181,0,0.01363954015,0.5570019246,0,0.08011897908,False
5136,0,0.3042878216,0.439818181,0,0.1143304405,0.5570019246,0,0.6052581078,False
5137,0,0.09382097612,0.439818181,0,0.03279333774,0.5570019246,0,0.2365189023,False
5138,0,0.001732284735,0.439818181,0,0.0008643057828,0.5570019246,0,0.007772020725,False
5139,0,0.003953796378,0.439818181,0,0.004518376806,0.5570019246,0,0.0216369219,False
5140,0,0.5093691686,0.439818181,1,0.1354784109,0.5570019246,0,0.9037612742,True
5141,0,0.4977490318,0.439818181,1,0.4609551427,0.5570019246,0,0.8929188256,False
5142,1,0.628080693,0.439818181,1,0.7423905811,0.5570019246,1,,False
5143,1,0.4852544653,0.439818181,1,0.7967770252,0.5570019246,1,,False
5144,0,0.4422215959,0.439818181,1,0.06649558703,0.5570019246,0,0.832853579,False
5145,0,0.3515805112,0.439818181,0,0.1044682618,0.5570019246,0,0.6937248129,False
5146,1,0.4159700292,0.439818181,0,0.5852030209,0.5570019246,1,,False
5147,0,0.4625259873,0.439818181,1,0.1523879851,0.5570019246,0,0.8563615429,False
5148,0,0.00915238688,0.439818181,0,0.01077801755,0.5570019246,0,0.0439454999,False
5149,0,0.2223543076,0.439818181,0,0.08197301235,0.5570019246,0,0.4519286126,False
5150,0,0.426009749,0.439818181,0,0.1189489704,0.5570019246,0,0.8126079447,False
5151,0,0.2555885311,0.439818181,0,0.4201402188,0.5570019246,0,0.5142007292,False
5152,0,0.1434280861,0.439818181,0,0.1273241701,0.5570019246,0,0.3170216849,False
5153,0,0.2727231631,0.439818181,0,0.2489160872,0.5570019246,0,0.5443293034,False
5154,0,0.3322645837,0.439818181,0,0.1388839551,0.5570019246,0,0.6590865477,False
5155,0,0.04793165016,0.439818181,0,0.01963678503,0.5570019246,0,0.1510266743,False
5156,0,0.005048138928,0.439818181,0,0.002002350763,0.5570019246,0,0.02648244099,False
5157,0,0.03007430235,0.439818181,0,0.01463890013,0.5570019246,0,0.1092880445,False
5158,0,0.03757267752,0.439818181,0,0.01829899449,0.5570019246,0,0.1298215314,False
5159,0,0.1075909157,0.439818181,0,0.08031553545,0.5570019246,0,0.2588754558,False
5160,0,0.3713791741,0.439818181,0,0.5375677193,0.5570019246,0,0.7301861447,False
5161,0,0.05270647686,0.439818181,0,0.01338579071,0.5570019246,0,0.1602379582,False
5162,0,0.156261698,0.439818181,0,0.07743824693,0.5570019246,0,0.3369794665,False
5163,0,0.1016714563,0.439818181,0,0.08109385525,0.5570019246,0,0.248896565,False
5164,0,0.001127442818,0.439818181,0,8.736589297e-05,0.5570019246,0,0.004125887546,False
5165,0,0.00419372289,0.439818181,0,0.004805292887,0.5570019246,0,0.02283630781,False
5166,0,0.03154152765,0.439818181,0,0.02033314394,0.5570019246,0,0.1132220303,False
5167,1,0.6056913518,0.439818181,1,0.7685892912,0.5570019246,1,,False
5168,0,0.1165625163,0.439818181,0,0.02912221751,0.5570019246,0,0.2747073498,False
5169,0,0.1534828521,0.439818181,0,0.04499000702,0.5570019246,0,0.3333333333,False
5170,0,0.06439363286,0.439818181,0,0.02483721273,0.5570019246,0,0.1835540203,False
5171,0,0.0009640044695,0.439818181,0,0.001530842142,0.5570019246,0,0.002254845519,False
5172,0,0.7333372111,0.439818181,1,0.2154723296,0.5570019246,0,0.9970255229,True
5173,0,0.4603923192,0.439818181,1,0.06606498429,0.5570019246,0,0.8539627711,False
5174,0,0.3075688467,0.439818181,0,0.1194218051,0.5570019246,0,0.612742276,False
5175,1,0.5973626226,0.439818181,1,0.7184239355,0.5570019246,1,,False
5176,0,0.002605669752,0.439818181,0,0.0007997922763,0.5570019246,0,0.0132412205,False
5177,0,0.03640214989,0.439818181,0,0.01243546388,0.5570019246,0,0.1268470543,False
5178,0,0.0174967317,0.439818181,0,0.00246122183,0.5570019246,0,0.07704855114,False
5179,0,0.1328324991,0.439818181,0,0.08133347708,0.5570019246,0,0.3011897908,False
5180,0,0.1612179264,0.439818181,0,0.07534844411,0.5570019246,0,0.3463826521,False
5181,0,0.1192199725,0.439818181,0,0.04490723321,0.5570019246,0,0.2792170409,False
5182,0,0.3464312332,0.439818181,0,0.08332393651,0.5570019246,0,0.6856649396,False
5183,0,0.3850719235,0.439818181,0,0.09790767469,0.5570019246,0,0.7532143543,False
5184,0,0.4842747492,0.439818181,1,0.1229405275,0.5570019246,0,0.8796776051,False
5185,0,0.2584436458,0.439818181,0,0.0721676124,0.5570019246,0,0.5194780273,False
5186,0,0.1605457109,0.439818181,0,0.05459062065,0.5570019246,0,0.3450393399,False
5187,0,0.4545447709,0.439818181,1,0.1152870065,0.5570019246,0,0.8484935713,False
5188,0,0.2480093729,0.439818181,0,0.07911208388,0.5570019246,0,0.5001919017,False
5189,1,0.635429123,0.439818181,1,0.8463901407,0.5570019246,1,,False
5190,0,0.3194634683,0.439818181,0,0.1010841394,0.5570019246,0,0.635386682,False
5191,1,0.6379664674,0.439818181,1,0.8377428031,0.5570019246,1,,False
5192,1,0.5726292227,0.439818181,1,0.8757598336,0.5570019246,1,,False
5193,0,0.09818670441,0.439818181,0,0.04138551233,0.5570019246,0,0.2430435617,False
5194,0,0.3976371544,0.439818181,0,0.169590414,0.5570019246,0,0.7726923815,False
5195,0,0.4408265391,0.439818181,1,0.1213895498,0.5570019246,0,0.830550758,False
5196,0,0.3798894194,0.439818181,0,0.1011164416,0.5570019246,0,0.746593744,False
5197,0,0.1561074907,0.439818181,0,0.03235211847,0.5570019246,0,0.336595663,False
5198,0,0.2459976568,0.439818181,0,0.08662137967,0.5570019246,0,0.4959700633,False
5199,0,0.003056020293,0.439818181,0,0.001199251447,0.5570019246,0,0.01530416427,False
5200,0,0.001993448927,0.439818181,0,0.001529250595,0.5570019246,0,0.009978890808,False
5201,0,0.3303759785,0.439818181,0,0.06711803505,0.5570019246,0,0.6551525619,False
5202,0,0.03054966227,0.439818181,0,0.01115737246,0.5570019246,0,0.1106313567,False
5203,0,0.2227176362,0.439818181,0,0.05867802651,0.5570019246,0,0.4522164652,False
5204,0,0.2662171268,0.439818181,0,0.5084672758,0.5570019246,0,0.5344463635,False
5205,0,0.1090984912,0.439818181,0,0.03451883711,0.5570019246,0,0.2619458837,False
5206,1,0.6367131403,0.439818181,1,0.8045358757,0.5570019246,1,,False
5207,1,0.5393979453,0.439818181,1,0.7772791831,0.5570019246,1,,False
5208,0,0.2959642258,0.439818181,0,0.09739676882,0.5570019246,0,0.589234312,False
5209,1,0.6306870191,0.439818181,1,0.7859729459,0.5570019246,1,,False
5210,0,0.001786547449,0.439818181,0,0.002247120868,0.5570019246,0,0.008923431203,False
5211,0,0.05767889924,0.439818181,0,0.0244515596,0.5570019246,0,0.1705047016,False
5212,0,0.06139248522,0.439818181,0,0.5384378056,0.5570019246,0,0.1789483784,False
5213,0,0.01650348165,0.439818181,0,0.01565435114,0.5570019246,0,0.07263481098,False
5214,0,0.4524342385,0.439818181,1,0.6543206925,0.5570019246,1,0.8458069468,False
5215,0,0.3416136545,0.439818181,0,0.06381019865,0.5570019246,0,0.6757819996,False
5216,1,0.6542498507,0.439818181,1,0.8140232294,0.5570019246,1,,False
5217,0,0.2871845577,0.439818181,0,0.08559241793,0.5570019246,0,0.571099597,False
5218,0,0.3638606601,0.439818181,0,0.3295220706,0.5570019246,0,0.7165611207,False
5219,0,0.1721654532,0.439818181,0,0.0659628065,0.5570019246,0,0.363845711,False
5220,0,0.6161620287,0.439818181,1,0.1728412754,0.5570019246,0,0.9688159662,True
5221,0,0.4218223329,0.439818181,0,0.6327444895,0.5570019246,1,0.8069468432,False
5222,0,0.5137759468,0.439818181,1,0.2256970078,0.5570019246,0,0.9075033583,True
5223,0,0.387924875,0.439818181,0,0.1213023446,0.5570019246,0,0.7569564383,False
5224,0,0.1228502885,0.439818181,0,0.04738570062,0.5570019246,0,0.2838226828,False
5225,0,0.1391494417,0.439818181,0,0.04396507793,0.5570019246,0,0.3103051238,False
5226,0,0.1186681371,0.439818181,0,0.05647561206,0.5570019246,0,0.278353483,False
5227,0,0.1975168965,0.439818181,0,0.5988228088,0.5570019246,1,0.4088466705,False
5228,0,0.0691795683,0.439818181,0,0.02795900547,0.5570019246,0,0.1932450585,False
5229,0,0.023891652,0.439818181,0,0.01103820861,0.5570019246,0,0.09518326617,False
5230,0,0.01205091339,0.439818181,0,0.005067181462,0.5570019246,0,0.0571867204,False
5231,0,0.06293176335,0.439818181,0,0.02738701612,0.5570019246,0,0.1813471503,False
5232,0,0.1595923047,0.439818181,0,0.04883547682,0.5570019246,0,0.3432162733,False
5233,0,0.03163687927,0.439818181,0,0.01391300157,0.5570019246,0,0.1135098829,False
5234,1,0.5600467419,0.439818181,1,0.8544899011,0.5570019246,1,,False
5235,0,0.0006572658655,0.439818181,0,0.0008824432897,0.5570019246,0,0.0005757052389,False
5236,0,0.3801851883,0.439818181,0,0.1110573517,0.5570019246,0,0.7470734984,False
5237,0,0.2011048665,0.439818181,0,0.06179201589,0.5570019246,0,0.4166186912,False
5238,0,0.1310672068,0.439818181,0,0.1563769973,0.5570019246,0,0.2981193629,False
5239,0,0.3894105207,0.439818181,0,0.100960759,0.5570019246,0,0.7601228171,False
5240,0,0.2616386469,0.439818181,0,0.0867426976,0.5570019246,0,0.5253310305,False
5241,0,0.1255513478,0.439818181,0,0.04559373542,0.5570019246,0,0.2873728651,False
5242,0,0.2180918463,0.439818181,0,0.0659617647,0.5570019246,0,0.4450201497,False
5243,1,0.6787985337,0.439818181,1,0.848150142,0.5570019246,1,,False
5244,0,0.357071717,0.439818181,0,0.1118110696,0.5570019246,0,0.7033199002,False
5245,0,0.2891587572,0.439818181,0,0.7056229069,0.5570019246,1,0.5746497793,False
5246,0,0.5367014736,0.439818181,1,0.1182017511,0.5570019246,0,0.9250623681,True
5247,0,0.4007344753,0.439818181,0,0.1000026612,0.5570019246,0,0.7786413356,False
5248,0,0.2880616684,0.439818181,0,0.07359835436,0.5570019246,0,0.572634811,False
5249,1,0.6994614331,0.439818181,1,0.8405656958,0.5570019246,1,,False
5250,0,0.599905925,0.439818181,1,0.1670434845,0.5570019246,0,0.9620034542,True
5251,0,0.2321966638,0.439818181,0,0.08838649145,0.5570019246,0,0.4696795241,False
5252,0,0.3659474888,0.439818181,0,0.1132328709,0.5570019246,0,0.7197274995,False
5253,0,0.2163591015,0.439818181,0,0.06058955394,0.5570019246,0,0.44175782,False
5254,0,0.3005826487,0.439818181,0,0.1104042128,0.5570019246,0,0.599117252,False
5255,0,0.002605669752,0.439818181,0,0.0007997922763,0.5570019246,0,0.0132412205,False
5256,0,0.09915493076,0.439818181,0,0.02502837339,0.5570019246,0,0.2444828248,False
5257,0,0.005880798223,0.439818181,0,0.002226394184,0.5570019246,0,0.03080023028,False
5258,0,0.03058453869,0.439818181,0,0.01049624538,0.5570019246,0,0.1109192094,False
5259,0,0.09513527177,0.439818181,0,0.0431354006,0.5570019246,0,0.2381500672,False
5260,0,0.1937291027,0.439818181,0,0.07406308079,0.5570019246,0,0.4022260603,False
5261,1,0.6615080778,0.439818181,1,0.8947589451,0.5570019246,1,,False
5262,0,0.3089416404,0.439818181,0,0.4770702054,0.5570019246,0,0.6150450969,False
5263,0,0.5536280066,0.439818181,1,0.1090842917,0.5570019246,0,0.9374400307,True
5264,0,0.4253157157,0.439818181,0,0.1623883087,0.5570019246,0,0.8119362886,False
5265,0,0.003360619489,0.439818181,0,0.002837230944,0.5570019246,0,0.01784686241,False
5266,0,0.1306670332,0.439818181,0,0.05030270179,0.5570019246,0,0.2976396085,False
5267,0,0.3486445151,0.439818181,0,0.6529976828,0.5570019246,1,0.6893110727,False
5268,0,0.4937563227,0.439818181,1,0.1415320994,0.5570019246,0,0.8877374784,False
5269,0,0.0362888596,0.439818181,0,0.01711977753,0.5570019246,0,0.1263672999,False
5270,0,0.1456291899,0.439818181,0,0.04480273638,0.5570019246,0,0.3204759163,False
5271,0,0.018719437,0.439818181,0,0.01816492221,0.5570019246,0,0.08002302821,False
5272,0,0.001434479878,0.439818181,0,0.0004154298915,0.5570019246,0,0.006428708501,False
5273,0,0.3140981778,0.439818181,0,0.1029859829,0.5570019246,0,0.6250239877,False
5274,0,0.006690749248,0.439818181,0,0.002292408746,0.5570019246,0,0.0350220687,False
5275,0,0.1602081892,0.439818181,0,0.07856864907,0.5570019246,0,0.3444636346,False
5276,0,0.1316250226,0.439818181,0,0.1908822869,0.5570019246,0,0.2989829207,False
5277,0,0.003953796378,0.439818181,0,0.004518376806,0.5570019246,0,0.0216369219,False
5278,1,0.7259345691,0.439818181,1,0.8857924284,0.5570019246,1,,False
5279,0,0.02631127703,0.439818181,0,0.01568399299,0.5570019246,0,0.1003646133,False
5280,0,0.001864488755,0.439818181,0,0.002389332847,0.5570019246,0,0.00911533295,False
5281,1,0.7238526514,0.439818181,1,0.9071313349,0.5570019246,1,,False
5282,0,0.2141966623,0.439818181,0,0.07575163352,0.5570019246,0,0.4382076377,False
5283,0,0.01413023608,0.439818181,0,0.009070382005,0.5570019246,0,0.06342352715,False
5284,0,0.1317242735,0.439818181,0,0.03303177391,0.5570019246,0,0.2991748225,False
5285,0,0.08077338216,0.439818181,0,0.03499032183,0.5570019246,0,0.2139704471,False
5286,0,0.1287167966,0.439818181,0,0.04467749155,0.5570019246,0,0.2937056227,False
5287,0,0.003210388803,0.439818181,0,0.001029110786,0.5570019246,0,0.01664747649,False
5288,1,0.504384482,0.439818181,1,0.7949412606,0.5570019246,1,,False
5289,0,0.1063843596,0.439818181,0,0.05118673441,0.5570019246,0,0.25714834,False
5290,1,0.6952613034,0.439818181,1,0.9050859356,0.5570019246,1,,False
5291,0,0.01436503005,0.439818181,0,0.008826288585,0.5570019246,0,0.06467088851,False
5292,0,0.0011753209,0.439818181,0,0.0008455883733,0.5570019246,0,0.004653617348,False
5293,0,0.01377134426,0.439818181,0,0.008364279703,0.5570019246,0,0.06236806755,False
5294,0,0.4811297275,0.439818181,1,0.1621741288,0.5570019246,0,0.8773747841,False
5295,0,0.3922824771,0.439818181,0,0.1160960638,0.5570019246,0,0.764728459,False
5296,1,0.5862977525,0.439818181,1,0.8004906987,0.5570019246,1,,False
5297,0,0.05170439299,0.439818181,0,0.02321673403,0.5570019246,0,0.1583189407,False
5298,0,0.1506064893,0.439818181,0,0.04359781831,0.5570019246,0,0.3291114949,False
5299,0,0.02159620009,0.439818181,0,0.01287140815,0.5570019246,0,0.08933026291,False
5300,0,0.3104589468,0.439818181,0,0.3717051952,0.5570019246,0,0.6175398196,False
5301,0,0.434218475,0.439818181,0,0.09979363067,0.5570019246,0,0.8221070812,False
5302,0,0.1997948041,0.439818181,0,0.0587233969,0.5570019246,0,0.4129725581,False
5303,0,0.03972895301,0.439818181,0,0.01982323543,0.5570019246,0,0.1342352715,False
5304,0,0.04369337657,0.439818181,0,0.01464958587,0.5570019246,0,0.1419113414,False
5305,0,0.2923210899,0.439818181,0,0.1451593826,0.5570019246,0,0.5817501439,False
5306,0,0.04648022521,0.439818181,0,0.01423003383,0.5570019246,0,0.1478602955,False
5307,0,0.02145668086,0.439818181,0,0.01118308611,0.5570019246,0,0.08894645941,False
5308,0,0.05850405166,0.439818181,0,0.01895555223,0.5570019246,0,0.173191326,False
5309,0,0.1562648107,0.439818181,0,0.08419618756,0.5570019246,0,0.3370754174,False
5310,0,0.1537777164,0.439818181,0,0.04684246727,0.5570019246,0,0.3338130877,False
5311,0,0.01195464832,0.439818181,0,0.00893881147,0.5570019246,0,0.05670696603,False
5312,0,0.03707102172,0.439818181,0,0.01647591911,0.5570019246,0,0.1284782192,False
5313,0,0.2892194225,0.439818181,0,0.07831741411,0.5570019246,0,0.5748416811,False
5314,0,0.1470078949,0.439818181,0,0.04376825447,0.5570019246,0,0.3224908847,False
5315,0,0.0728292235,0.439818181,0,0.03100507256,0.5570019246,0,0.1992899635,False
5316,0,0.03149031178,0.439818181,0,0.008283507969,0.5570019246,0,0.1131260794,False
5317,0,0.1160484203,0.439818181,0,0.06661521941,0.5570019246,0,0.2742275955,False
5318,0,0.1790547174,0.439818181,0,0.05720363655,0.5570019246,0,0.3766071771,False
5319,1,0.5552141088,0.439818181,1,0.6765687451,0.5570019246,1,,False
5320,0,0.3563229367,0.439818181,0,0.08468662088,0.5570019246,0,0.7010170793,False
5321,0,0.04613237154,0.439818181,0,0.01498034479,0.5570019246,0,0.1471886394,False
5322,0,0.2760590083,0.439818181,0,0.06637678924,0.5570019246,0,0.5500863558,False
5323,0,0.431622574,0.439818181,0,0.07922810881,0.5570019246,0,0.8185568989,False
5324,0,0.003386256861,0.439818181,0,0.002382975783,0.5570019246,0,0.01813471503,False
5325,0,0.1551906689,0.439818181,0,0.0563388007,0.5570019246,0,0.3355402034,False
5326,0,0.0290934634,0.439818181,0,0.009307479085,0.5570019246,0,0.1067933218,False
5327,0,0.01161778296,0.439818181,0,0.009017453162,0.5570019246,0,0.05536365381,False
5328,0,0.442095632,0.439818181,1,0.079260032,0.5570019246,0,0.8327576281,False
5329,0,0.05411849115,0.439818181,0,0.03872142661,0.5570019246,0,0.1620610248,False
5330,0,0.4132604174,0.439818181,0,0.05882337547,0.5570019246,0,0.7950489349,False
5331,0,0.01928448356,0.439818181,0,0.008059429794,0.5570019246,0,0.08213394742,False
5332,0,0.02587631197,0.439818181,0,0.01516707285,0.5570019246,0,0.09950105546,False
5333,0,0.02639750958,0.439818181,0,0.01640993761,0.5570019246,0,0.1006524659,False
5334,0,0.2020415046,0.439818181,0,0.2281436666,0.5570019246,0,0.4178660526,False
5335,0,0.235832233,0.439818181,0,0.07359564455,0.5570019246,0,0.4761082326,False
5336,0,0.2158540518,0.439818181,0,0.06098089,0.5570019246,0,0.4406064095,False
5337,0,0.002400855302,0.439818181,0,0.002518279601,0.5570019246,0,0.01276146613,False
5338,0,0.2662752059,0.439818181,0,0.722006198,0.5570019246,1,0.5345423143,False
5339,1,0.6859237678,0.439818181,1,0.8018491278,0.5570019246,1,,False
5340,0,0.4521646339,0.439818181,1,0.1258915591,0.5570019246,0,0.8451352907,False
5341,0,0.1278052688,0.439818181,0,0.03252302905,0.5570019246,0,0.2924582614,False
5342,0,0.1258044258,0.439818181,0,0.04158241898,0.5570019246,0,0.288236423,False
5343,0,0.01357720391,0.439818181,0,0.005396319182,0.5570019246,0,0.06179236231,False
5344,0,0.1938997373,0.439818181,0,0.3166567005,0.5570019246,0,0.4025139129,False
5345,0,0.1514479019,0.439818181,0,0.04301717873,0.5570019246,0,0.330550758,False
5346,0,0.1986863624,0.439818181,0,0.09560696365,0.5570019246,0,0.4105737862,False
5347,0,0.4587855676,0.439818181,1,0.1187886628,0.5570019246,0,0.8528113606,False
5348,0,0.05828994919,0.439818181,0,0.02126163361,0.5570019246,0,0.1721358664,False
5349,0,0.1761200603,0.439818181,0,0.06041042433,0.5570019246,0,0.3707541739,False
5350,0,0.01761902931,0.439818181,0,0.007108542193,0.5570019246,0,0.07743235463,False
5351,0,0.05178200869,0.439818181,0,0.04426756602,0.5570019246,0,0.1587027442,False
5352,0,0.05211822019,0.439818181,0,0.02629533304,0.5570019246,0,0.1595663021,False
5353,0,0.3723445491,0.439818181,0,0.08773258764,0.5570019246,0,0.7325849165,False
5354,0,0.258907615,0.439818181,0,0.06352042544,0.5570019246,0,0.5206294377,False
5355,0,0.2401850586,0.439818181,0,0.08195356068,0.5570019246,0,0.4855114182,False
5356,0,0.0008782447658,0.439818181,0,0.001072781652,0.5570019246,0,0.001631164844,False
5357,0,0.04216970307,0.439818181,0,0.0229870309,0.5570019246,0,0.1393206678,False
5358,0,0.01715341985,0.439818181,0,0.009278946656,0.5570019246,0,0.07589714066,False
5359,0,0.1786513866,0.439818181,0,0.05368050734,0.5570019246,0,0.3758395701,False
5360,0,0.1347294073,0.439818181,0,0.07389885647,0.5570019246,0,0.3039723661,False
5361,0,0.1058790214,0.439818181,0,0.06737292359,0.5570019246,0,0.255709077,False
5362,0,0.3644137092,0.439818181,0,0.07146757054,0.5570019246,0,0.7176165803,False
5363,0,0.4631581504,0.439818181,1,0.1584085463,0.5570019246,0,0.8569372481,False
5364,0,0.04652373097,0.439818181,0,0.02047891161,0.5570019246,0,0.1479562464,False
5365,0,0.1803867112,0.439818181,0,0.09502530305,0.5570019246,0,0.379005949,False
5366,1,0.7371803726,0.439818181,1,0.9164375117,0.5570019246,1,,False
5367,0,0.09148280363,0.439818181,0,0.04012510364,0.5570019246,0,0.2325849165,False
5368,0,0.4170366766,0.439818181,0,0.07794535197,0.5570019246,0,0.8001343312,False
5369,0,0.2871843072,0.439818181,0,0.4187432195,0.5570019246,0,0.5710036461,False
5370,0,0.3767493546,0.439818181,0,0.4315539834,0.5570019246,0,0.7412204951,False
5371,0,0.5729440787,0.439818181,1,0.1623368881,0.5570019246,0,0.9494338898,True
5372,0,0.1948842352,0.439818181,0,0.3364415611,0.5570019246,0,0.404720783,False
5373,0,0.007706829272,0.439818181,0,0.00216984313,0.5570019246,0,0.03876415275,False
5374,0,0.08247969154,0.439818181,0,0.03494741949,0.5570019246,0,0.2170408751,False
5375,1,0.6144452141,0.439818181,1,0.7076154295,0.5570019246,1,,False
5376,0,0.3474246355,0.439818181,0,0.07615365142,0.5570019246,0,0.6873920553,False
5377,0,0.2511513374,0.439818181,0,0.06975469646,0.5570019246,0,0.5048934945,False
5378,0,0.004606663404,0.439818181,0,0.001773969125,0.5570019246,0,0.02417962003,False
5379,0,0.004202720955,0.439818181,0,0.007305233125,0.5570019246,0,0.02293225868,False
5380,0,0.006436973637,0.439818181,0,0.005303162897,0.5570019246,0,0.03435041259,False
5381,0,0.0991348265,0.439818181,0,0.04050040592,0.5570019246,0,0.2443868739,False
5382,0,0.3729254987,0.439818181,0,0.3260161903,0.5570019246,0,0.7336403761,False
5383,0,0.1930348138,0.439818181,0,0.04263810391,0.5570019246,0,0.4004989445,False
5384,0,0.1842910698,0.439818181,0,0.05067485203,0.5570019246,0,0.3847630013,False
5385,0,0.1413640048,0.439818181,0,0.04693008893,0.5570019246,0,0.3138553061,False
5386,1,0.6242173742,0.439818181,1,0.8628922209,0.5570019246,1,,False
5387,0,0.001412618633,0.439818181,0,0.001428301355,0.5570019246,0,0.006332757628,False
5388,0,0.1299240654,0.439818181,0,0.04374399651,0.5570019246,0,0.2959124928,False
5389,0,0.07434875227,0.439818181,0,0.02227009836,0.5570019246,0,0.2025522932,False
5390,1,0.6978072146,0.439818181,1,0.9176793157,0.5570019246,1,,False
5391,0,0.07023531111,0.439818181,0,0.01529891142,0.5570019246,0,0.1956438304,False
5392,1,0.3579116534,0.439818181,0,0.7279570057,0.5570019246,1,,False
5393,0,0.07172879859,0.439818181,0,0.02035953736,0.5570019246,0,0.1975628478,False
5394,1,0.5751763333,0.439818181,1,0.7332432625,0.5570019246,1,,False
5395,1,0.7133511748,0.439818181,1,0.8835137242,0.5570019246,1,,False
5396,0,0.02106315941,0.439818181,0,0.005553034239,0.5570019246,0,0.0872193437,False
5397,0,0.4376374763,0.439818181,0,0.09634171493,0.5570019246,0,0.8261370178,False
5398,1,0.6573246324,0.439818181,1,0.8029308665,0.5570019246,1,,False
5399,0,0.5233775748,0.439818181,1,0.05995354027,0.5570019246,0,0.9158510842,True
5400,1,0.5526346556,0.439818181,1,0.7487329305,0.5570019246,1,,False
5401,0,0.1063672723,0.439818181,0,0.03015581162,0.5570019246,0,0.2570523892,False
5402,1,0.6025174519,0.439818181,1,0.727162554,0.5570019246,1,,False
5403,0,0.3584526796,0.439818181,0,0.09801685089,0.5570019246,0,0.7061024755,False
5404,0,0.3080386725,0.439818181,0,0.6058996761,0.5570019246,1,0.6135098829,False
5405,0,0.1893800237,0.439818181,0,0.07574265726,0.5570019246,0,0.3935904817,False
5406,0,0.09029084712,0.439818181,0,0.04202862668,0.5570019246,0,0.2298982921,False
5407,0,0.03639951029,0.439818181,0,0.01858636772,0.5570019246,0,0.1267511034,False
5408,0,0.01595490233,0.439818181,0,0.01081471149,0.5570019246,0,0.07009211284,False
5409,0,0.3942157298,0.439818181,0,0.1054924739,0.5570019246,0,0.7681826905,False
5410,0,0.3153049621,0.439818181,0,0.4607772718,0.5570019246,0,0.6277106122,False
5411,1,0.5210976918,0.439818181,1,0.6968736778,0.5570019246,1,,False
5412,0,0.05881178698,0.439818181,0,0.02437604967,0.5570019246,0,0.1740548839,False
5413,0,0.03696116455,0.439818181,0,0.01701494378,0.5570019246,0,0.1282863174,False
5414,0,0.4672409969,0.439818181,1,0.5744362184,0.5570019246,1,0.8614469392,False
5415,0,0.06920604276,0.439818181,0,0.04121435284,0.5570019246,0,0.1934369603,False
5416,0,0.008872814462,0.439818181,0,0.004944078969,0.5570019246,0,0.04293801574,False
5417,0,0.07161792256,0.439818181,0,0.01594229108,0.5570019246,0,0.1972749952,False
5418,0,0.388561629,0.439818181,0,0.09418018731,0.5570019246,0,0.7582037997,False
5419,0,0.086203872,0.439818181,0,0.02065302804,0.5570019246,0,0.2228938783,False
5420,0,0.3316183304,0.439818181,0,0.09225006258,0.5570019246,0,0.6575513337,False
5421,0,0.3063439291,0.439818181,0,0.1237688341,0.5570019246,0,0.6100556515,False
5422,0,0.0284929284,0.439818181,0,0.01361533247,0.5570019246,0,0.1054500096,False
5423,0,0.2231316112,0.439818181,0,0.07446466526,0.5570019246,0,0.453080023,False
5424,1,0.5155366686,0.439818181,1,0.7869345942,0.5570019246,1,,False
5425,0,0.4106391971,0.439818181,0,0.0898330799,0.5570019246,0,0.7923623105,False
5426,0,0.2079163374,0.439818181,0,0.2790522842,0.5570019246,0,0.4282287469,False
5427,0,0.09141848861,0.439818181,0,0.04346018481,0.5570019246,0,0.2323930148,False
5428,0,0.1473963291,0.439818181,0,0.05170726188,0.5570019246,0,0.3230665899,False
5429,0,0.2205763392,0.439818181,0,0.1848565259,0.5570019246,0,0.4483784302,False
5430,0,0.1188074139,0.439818181,0,0.03955104408,0.5570019246,0,0.2785453848,False
5431,0,0.01083768883,0.439818181,0,0.006005490308,0.5570019246,0,0.052197275,False
5432,0,0.2597702106,0.439818181,0,0.05155007908,0.5570019246,0,0.52197275,False
5433,0,0.00317196547,0.439818181,0,0.001931002362,0.5570019246,0,0.01621569756,False
5434,0,0.3913721716,0.439818181,0,0.08339912169,0.5570019246,0,0.7632891959,False
5435,0,0.2945708334,0.439818181,0,0.4681194442,0.5570019246,0,0.5864517367,False
5436,1,0.5828149666,0.439818181,1,0.8309313497,0.5570019246,1,,False
5437,0,0.0655749549,0.439818181,0,0.01891369398,0.5570019246,0,0.1858568413,False
5438,1,0.845174801,0.439818181,1,0.947218613,0.5570019246,1,,False
5439,1,0.4952462245,0.439818181,1,0.8038803469,0.5570019246,1,,False
5440,0,0.1246566576,0.439818181,0,0.3496046543,0.5570019246,0,0.285933602,False
5441,0,0.4404679884,0.439818181,1,0.5701955138,0.5570019246,1,0.8301669545,False
5442,1,0.532822915,0.439818181,1,0.775381015,0.5570019246,1,,False
5443,0,0.03835081422,0.439818181,0,0.01527934196,0.5570019246,0,0.1314526962,False
5444,1,0.5830852779,0.439818181,1,0.812548684,0.5570019246,1,,False
5445,0,0.1709032162,0.439818181,0,0.1095422881,0.5570019246,0,0.3622145462,False
5446,0,0.04135171608,0.439818181,0,0.02491861902,0.5570019246,0,0.1375935521,False
5447,0,0.2061522993,0.439818181,0,0.07917123248,0.5570019246,0,0.4253502207,False
5448,0,0.3998349877,0.439818181,0,0.101167881,0.5570019246,0,0.7773939743,False
5449,0,0.1920100532,0.439818181,0,0.05767493699,0.5570019246,0,0.3983880253,False
5450,0,0.5280347797,0.439818181,1,0.5901289908,0.5570019246,1,0.9187296104,True
5451,0,0.09762721399,0.439818181,0,0.06959043199,0.5570019246,0,0.2421800038,False
5452,0,0.2318903496,0.439818181,0,0.04221085219,0.5570019246,0,0.4691997697,False
5453,0,0.1035238126,0.439818181,0,0.04646031117,0.5570019246,0,0.251871042,False
5454,0,0.2806829059,0.439818181,0,0.4259136904,0.5570019246,0,0.5598733448,False
5455,0,0.0213340524,0.439818181,0,0.004344912749,0.5570019246,0,0.08851468048,False
5456,0,0.4282843824,0.439818181,0,0.2062514289,0.5570019246,0,0.8147188639,False
5457,0,0.3171551684,0.439818181,0,0.1829706936,0.5570019246,0,0.631644598,False
5458,1,0.5484538758,0.439818181,1,0.8037931699,0.5570019246,1,,False
5459,1,0.7121364102,0.439818181,1,0.8827565038,0.5570019246,1,,False
5460,0,0.04081775039,0.439818181,0,0.02448933509,0.5570019246,0,0.1364421416,False
5461,1,0.497148849,0.439818181,1,0.7468605493,0.5570019246,1,,False
5462,0,0.349517696,0.439818181,0,0.1378864669,0.5570019246,0,0.6907503358,False
5463,0,0.09880700591,0.439818181,0,0.04715716115,0.5570019246,0,0.2439071196,False
5464,0,0.2694799821,0.439818181,0,0.243760633,0.5570019246,0,0.5391479562,False
5465,1,0.7112625864,0.439818181,1,0.8898565202,0.5570019246,1,,False
5466,0,0.2268159932,0.439818181,0,0.3733161834,0.5570019246,0,0.4588370754,False
5467,0,0.02157050494,0.439818181,0,0.008014893065,0.5570019246,0,0.08923431203,False
5468,0,0.4090058259,0.439818181,0,0.1712589916,0.5570019246,0,0.7899635387,False
5469,0,0.2779433245,0.439818181,0,0.2577228747,0.5570019246,0,0.5540203416,False
5470,0,0.497365329,0.439818181,1,0.1335641909,0.5570019246,0,0.8919593168,False
5471,0,0.263633797,0.439818181,0,0.1145699606,0.5570019246,0,0.5298407216,False
5472,0,0.07414390289,0.439818181,0,0.0596270439,0.5570019246,0,0.201976588,False
5473,0,0.4760405117,0.439818181,1,0.3390729157,0.5570019246,0,0.8718096335,False
5474,0,0.3040876149,0.439818181,0,0.2068104301,0.5570019246,0,0.6046824026,False
5475,1,0.5578799503,0.439818181,1,0.8302831081,0.5570019246,1,,False
5476,1,0.5787327626,0.439818181,1,0.6786517152,0.5570019246,1,,False
5477,0,0.3804561917,0.439818181,0,0.1778892109,0.5570019246,0,0.7475532527,False
5478,0,0.4429103235,0.439818181,1,0.1655052374,0.5570019246,0,0.8332373825,False
5479,0,0.1903570642,0.439818181,0,0.1436888375,0.5570019246,0,0.3954135483,False
5480,1,0.6282682961,0.439818181,1,0.9080491647,0.5570019246,1,,False
5481,1,0.657099956,0.439818181,1,0.8881672072,0.5570019246,1,,False
5482,0,0.1076703191,0.439818181,0,0.05662267897,0.5570019246,0,0.2590673575,False
5483,0,0.1673461526,0.439818181,0,0.1066928005,0.5570019246,0,0.3567453464,False
5484,1,0.5225873294,0.439818181,1,0.7924987384,0.5570019246,1,,False
5485,0,0.3473971608,0.439818181,0,0.1335876869,0.5570019246,0,0.6872961044,False
5486,0,0.2464803016,0.439818181,0,0.5053116252,0.5570019246,0,0.4969295721,False
5487,0,0.3166704283,0.439818181,0,0.1192502889,0.5570019246,0,0.6306850892,False
5488,0,0.05305921013,0.439818181,0,0.06775349846,0.5570019246,0,0.1606217617,False
5489,0,0.4859054228,0.439818181,1,0.2078191831,0.5570019246,0,0.8815966225,False
5490,0,0.1073405882,0.439818181,0,0.04867695357,0.5570019246,0,0.2585876031,False
5491,1,0.6103635788,0.439818181,1,0.5042492868,0.5570019246,0,,False
5492,1,0.7623475002,0.439818181,1,0.9345731737,0.5570019246,1,,False
5493,0,0.2336701194,0.439818181,0,0.153761463,0.5570019246,0,0.4721742468,False
5494,0,0.4240469269,0.439818181,0,0.1147137969,0.5570019246,0,0.8102091729,False
5495,1,0.6737378765,0.439818181,1,0.9152999284,0.5570019246,1,,False
5496,0,0.334255303,0.439818181,0,0.2237759313,0.5570019246,0,0.6625407791,False
5497,1,0.8361168809,0.439818181,1,0.9424377092,0.5570019246,1,,False
5498,0,0.5784800915,0.439818181,1,0.5895267987,0.5570019246,1,0.9524083669,True
5499,0,0.4664825562,0.439818181,1,0.1944630357,0.5570019246,0,0.8599117252,False
5500,0,0.2054261737,0.439818181,0,0.1221663654,0.5570019246,0,0.4237190558,False
5501,0,0.4249171223,0.439818181,0,0.5567205367,0.5570019246,0,0.8113605834,False
5502,0,0.05487327505,0.439818181,0,0.03810142892,0.5570019246,0,0.1635962387,False
5503,0,0.08213044254,0.439818181,0,0.0644192925,0.5570019246,0,0.2164651698,False
5504,0,0.1482444939,0.439818181,0,0.05153157279,0.5570019246,0,0.324505853,False
5505,0,0.1565393896,0.439818181,0,0.09851314252,0.5570019246,0,0.3374592209,False
5506,0,0.4429828623,0.439818181,1,0.1070264081,0.5570019246,0,0.8334292842,False
5507,0,0.5583064265,0.439818181,1,0.1635058929,0.5570019246,0,0.9407023604,True
5508,1,0.5839507784,0.439818181,1,0.8703756446,0.5570019246,1,,False
5509,0,0.4206897172,0.439818181,0,0.1832746153,0.5570019246,0,0.8056994819,False
5510,1,0.783602974,0.439818181,1,0.8343398497,0.5570019246,1,,False
5511,0,0.5357573447,0.439818181,1,0.2574021516,0.5570019246,0,0.9246785646,True
5512,0,0.5916892464,0.439818181,1,0.72125898,0.5570019246,1,0.9588370754,True
5513,0,0.3369076195,0.439818181,0,0.2384636761,0.5570019246,0,0.6677221263,False
5514,1,0.5528394446,0.439818181,1,0.6646004755,0.5570019246,1,,False
5515,1,0.5150972655,0.439818181,1,0.3720930043,0.5570019246,0,,False
5516,0,0.3116020101,0.439818181,0,0.2247466023,0.5570019246,0,0.6196507388,False
5517,1,0.6501136619,0.439818181,1,0.8255678759,0.5570019246,1,,False
5518,0,0.3929619529,0.439818181,0,0.5124872028,0.5570019246,0,0.7659758204,False
5519,0,0.1723355817,0.439818181,0,0.08132153461,0.5570019246,0,0.3642295145,False
5520,0,0.3541561405,0.439818181,0,0.1526631403,0.5570019246,0,0.6970830935,False
5521,0,0.2318410646,0.439818181,0,0.1287591562,0.5570019246,0,0.4689119171,False
5522,0,0.2879106438,0.439818181,0,0.1797852096,0.5570019246,0,0.5722510075,False
5523,0,0.1155539966,0.439818181,0,0.06146956082,0.5570019246,0,0.2727883324,False
5524,0,0.3443057146,0.439818181,0,0.5096253507,0.5570019246,0,0.6817309538,False
5525,1,0.5749657592,0.439818181,1,0.8139090095,0.5570019246,1,,False
5526,0,0.3660961273,0.439818181,0,0.1927691607,0.5570019246,0,0.7199194013,False
5527,0,0.2392240309,0.439818181,0,0.3323634358,0.5570019246,0,0.4831126463,False
5528,0,0.4790237543,0.439818181,1,0.2310567632,0.5570019246,0,0.8753598158,False
5529,0,0.2368703718,0.439818181,0,0.1046029474,0.5570019246,0,0.47802725,False
5530,0,0.3428779335,0.439818181,0,0.1327262789,0.5570019246,0,0.6782767223,False
5531,0,0.3240492587,0.439818181,0,0.6795130895,0.5570019246,1,0.6436384571,False
5532,0,0.2984634435,0.439818181,0,0.1655589202,0.5570019246,0,0.5951832662,False
5533,0,0.1844142145,0.439818181,0,0.1496324999,0.5570019246,0,0.3849549031,False
5534,0,0.3789651872,0.439818181,0,0.20737201,0.5570019246,0,0.7447706774,False
5535,0,0.2369008102,0.439818181,0,0.1282117579,0.5570019246,0,0.4782191518,False
5536,0,0.4195218444,0.439818181,0,0.1720527088,0.5570019246,0,0.8039723661,False
5537,0,0.2883196514,0.439818181,0,0.1195384971,0.5570019246,0,0.5730186145,False
5538,0,0.3697787511,0.439818181,0,0.431287535,0.5570019246,0,0.7265400115,False
5539,0,0.4603074614,0.439818181,1,0.1828697005,0.5570019246,0,0.8538668202,False
5540,0,0.5202688923,0.439818181,1,0.1865901798,0.5570019246,0,0.9129725581,True
5541,0,0.3934260816,0.439818181,0,0.1596141473,0.5570019246,0,0.7667434274,False
5542,0,0.3024305298,0.439818181,0,0.1432129664,0.5570019246,0,0.602091729,False
5543,0,0.4490242265,0.439818181,1,0.7874823805,0.5570019246,1,0.8415851084,False
5544,0,0.2314656624,0.439818181,0,0.1839503411,0.5570019246,0,0.4677605066,False
5545,0,0.223207627,0.439818181,0,0.04807223319,0.5570019246,0,0.4531759739,False
5546,0,0.544260067,0.439818181,1,0.1770444128,0.5570019246,0,0.9305315678,True
5547,0,0.4481090381,0.439818181,1,0.2253094113,0.5570019246,0,0.8401458453,False
5548,0,0.1412480365,0.439818181,0,0.06193547068,0.5570019246,0,0.3134715026,False
5549,0,0.2486728764,0.439818181,0,0.6453609764,0.5570019246,1,0.5014392631,False
5550,1,0.7635766645,0.439818181,1,0.953291702,0.5570019246,1,,False
5551,0,0.3251741399,0.439818181,0,0.1073031528,0.5570019246,0,0.6463250816,False
5552,0,0.06002107445,0.439818181,0,0.03253077464,0.5570019246,0,0.176261754,False
5553,0,0.4901997321,0.439818181,1,0.2545980656,0.5570019246,0,0.8855306083,False
5554,0,0.2896957707,0.439818181,0,0.1199598972,0.5570019246,0,0.5762809442,False
5555,1,0.7865719575,0.439818181,1,0.5566451213,0.5570019246,0,,False
5556,1,0.7179405366,0.439818181,1,0.687841854,0.5570019246,1,,False
5557,1,0.7094052193,0.439818181,1,0.8887156416,0.5570019246,1,,False
5558,0,0.01703120256,0.439818181,0,0.01293042355,0.5570019246,0,0.07532143543,False
5559,0,0.6137299301,0.439818181,1,0.2280288253,0.5570019246,0,0.968240261,True
5560,0,0.04670275739,0.439818181,0,0.03143561492,0.5570019246,0,0.148244099,False
5561,1,0.7541748522,0.439818181,1,0.9065185379,0.5570019246,1,,False
5562,1,0.6312130119,0.439818181,1,0.522766158,0.5570019246,0,,False
5563,0,0.1436908519,0.439818181,0,0.07563965371,0.5570019246,0,0.317693341,False
5564,1,0.6561221078,0.439818181,1,0.4175535591,0.5570019246,0,,False
5565,0,0.2727515397,0.439818181,0,0.1204182345,0.5570019246,0,0.5444252543,False
5566,0,0.5010371698,0.439818181,1,0.2232677205,0.5570019246,0,0.896373057,False
5567,0,0.2420481745,0.439818181,0,0.1757136581,0.5570019246,0,0.4892535022,False
5568,0,0.2137953739,0.439818181,0,0.1695252882,0.5570019246,0,0.437248129,False
5569,0,0.04279039035,0.439818181,0,0.03117241875,0.5570019246,0,0.1404720783,False
5570,0,0.5652984532,0.439818181,1,0.656335148,0.5570019246,1,0.9454039532,True
5571,0,0.5124938092,0.439818181,1,0.2882650587,0.5570019246,0,0.9060640952,True
5572,1,0.5456845086,0.439818181,1,0.7317289992,0.5570019246,1,,False
5573,0,0.5015979125,0.439818181,1,0.8109688214,0.5570019246,1,0.8967568605,False
5574,0,0.1301166225,0.439818181,0,0.07275602209,0.5570019246,0,0.2962962963,False
5575,0,0.2623598442,0.439818181,0,0.1532286357,0.5570019246,0,0.527250048,False
5576,0,0.2797448256,0.439818181,0,0.4264430448,0.5570019246,0,0.5580502783,False
5577,0,0.4667372389,0.439818181,1,0.2659829447,0.5570019246,0,0.8603914796,False
5578,0,0.3256462544,0.439818181,0,0.1595097483,0.5570019246,0,0.6469007868,False
5579,0,0.1205885831,0.439818181,0,0.08936725168,0.5570019246,0,0.2807522548,False
5580,0,0.2054006229,0.439818181,0,0.5903611846,0.5570019246,1,0.4233352524,False
5581,1,0.7320318536,0.439818181,1,0.7583480694,0.5570019246,1,,False
5582,0,0.4359502635,0.439818181,0,0.2112225503,0.5570019246,0,0.8246018039,False
5583,0,0.05046007065,0.439818181,0,0.05512558936,0.5570019246,0,0.1556323163,False
5584,0,0.2586779297,0.439818181,0,0.3954696443,0.5570019246,0,0.5199577816,False
5585,1,0.6645631914,0.439818181,1,0.774927255,0.5570019246,1,,False
5586,0,0.3652159332,0.439818181,0,0.183172441,0.5570019246,0,0.7187679908,False
5587,1,0.5893987365,0.439818181,1,0.8747568942,0.5570019246,1,,False
5588,0,0.3943717751,0.439818181,0,0.1082929896,0.5570019246,0,0.7684705431,False
5589,0,0.1135452754,0.439818181,0,0.05613181895,0.5570019246,0,0.2701017079,False
5590,0,0.2404378473,0.439818181,0,0.1227468571,0.5570019246,0,0.4858952216,False
5591,0,0.0399530326,0.439818181,0,0.01368300644,0.5570019246,0,0.1347150259,False
5592,0,0.03712422561,0.439818181,0,0.01621716874,0.5570019246,0,0.1286701209,False
5593,1,0.3735060178,0.439818181,0,0.3626726951,0.5570019246,0,,False
5594,1,0.5288483642,0.439818181,1,0.4476504824,0.5570019246,0,,False
5595,0,0.01491357464,0.439818181,0,0.004075043249,0.5570019246,0,0.06678180771,False
5596,0,0.3309609056,0.439818181,0,0.1266885611,0.5570019246,0,0.6562080215,False
5597,1,0.5609322116,0.439818181,1,0.6821438187,0.5570019246,1,,False
5598,0,0.2512492354,0.439818181,0,0.2704047748,0.5570019246,0,0.5050853963,False
5599,0,0.4293588647,0.439818181,0,0.3274479533,0.5570019246,0,0.8155824218,False
5600,0,0.4419433108,0.439818181,1,0.1405885427,0.5570019246,0,0.8324697755,False
5601,0,0.4260609891,0.439818181,0,0.5131007132,0.5570019246,0,0.8127038956,False
5602,0,0.02014649133,0.439818181,0,0.009472164393,0.5570019246,0,0.08510842449,False
5603,1,0.6197787285,0.439818181,1,0.8629874605,0.5570019246,1,,False
5604,0,0.3239622312,0.439818181,0,0.2054303925,0.5570019246,0,0.6435425062,False
5605,0,0.2562756529,0.439818181,0,0.175617881,0.5570019246,0,0.5152561888,False
5606,0,0.2012834321,0.439818181,0,0.6010547316,0.5570019246,1,0.416810593,False
5607,0,0.3624581981,0.439818181,0,0.1825895323,0.5570019246,0,0.7137785454,False
5608,0,0.2075996293,0.439818181,0,0.5002976527,0.5570019246,0,0.427365189,False
5609,0,0.2770274458,0.439818181,0,0.4532857473,0.5570019246,0,0.5526770294,False
5610,0,0.2977226241,0.439818181,0,0.1670076363,0.5570019246,0,0.5938399539,False
5611,0,0.2654541765,0.439818181,0,0.152202446,0.5570019246,0,0.5328151986,False
5612,0,0.05737013073,0.439818181,0,0.03403176059,0.5570019246,0,0.1698330455,False
5613,0,0.05992274165,0.439818181,0,0.05318860237,0.5570019246,0,0.1761658031,False
5614,0,0.3315740929,0.439818181,0,0.2384188664,0.5570019246,0,0.6574553828,False
5615,0,0.1789710181,0.439818181,0,0.1747092415,0.5570019246,0,0.3764152754,False
5616,0,0.2554301795,0.439818181,0,0.109376932,0.5570019246,0,0.5135290731,False
5617,0,0.4701943154,0.439818181,1,0.3951677518,0.5570019246,0,0.8654768758,False
5618,0,0.3025555462,0.439818181,0,0.3528485035,0.5570019246,0,0.6024755325,False
5619,0,0.1339423461,0.439818181,0,0.08247925478,0.5570019246,0,0.3026290539,False
5620,1,0.379419296,0.439818181,0,0.6812699725,0.5570019246,1,,False
5621,0,0.3188559138,0.439818181,0,0.16652835,0.5570019246,0,0.6342352715,False
5622,0,0.2276345997,0.439818181,0,0.07570602499,0.5570019246,0,0.4599884859,False
5623,1,0.5587066748,0.439818181,1,0.5496668306,0.5570019246,0,,False
5624,1,0.4497077215,0.439818181,1,0.614683333,0.5570019246,1,,False
5625,0,0.1758278292,0.439818181,0,0.07330708093,0.5570019246,0,0.3702744195,False
5626,1,0.5669747189,0.439818181,1,0.8176011467,0.5570019246,1,,False
5627,1,0.5096652759,0.439818181,1,0.8096381686,0.5570019246,1,,False
5628,0,0.2587700862,0.439818181,0,0.1503133951,0.5570019246,0,0.5202456342,False
5629,0,0.3666008555,0.439818181,0,0.09058214744,0.5570019246,0,0.7215505661,False
5630,0,0.3574392391,0.439818181,0,0.132259353,0.5570019246,0,0.7040875072,False
5631,0,0.2529716143,0.439818181,0,0.121095772,0.5570019246,0,0.508347726,False
5632,0,0.4839400917,0.439818181,1,0.1370566873,0.5570019246,0,0.8793897524,False
5633,0,0.2768385028,0.439818181,0,0.1025774525,0.5570019246,0,0.5520053732,False
5634,0,0.1941238893,0.439818181,0,0.1826090329,0.5570019246,0,0.4030896181,False
5635,0,0.3134391276,0.439818181,0,0.1747893881,0.5570019246,0,0.6242563807,False
5636,1,0.6061270052,0.439818181,1,0.8353421567,0.5570019246,1,,False
5637,0,0.4385532816,0.439818181,0,0.1699803772,0.5570019246,0,0.8274803301,False
5638,0,0.3655019132,0.439818181,0,0.2425228668,0.5570019246,0,0.7191517943,False
5639,0,0.3327255033,0.439818181,0,0.216127375,0.5570019246,0,0.6602379582,False
5640,0,0.3339840873,0.439818181,0,0.1854207198,0.5570019246,0,0.6621569756,False
5641,0,0.3765228958,0.439818181,0,0.237938695,0.5570019246,0,0.7406447899,False
5642,0,0.03809320953,0.439818181,0,0.02132128501,0.5570019246,0,0.1307810401,False
5643,0,0.1948067643,0.439818181,0,0.2970358624,0.5570019246,0,0.4045288812,False
5644,0,0.4239725142,0.439818181,0,0.2047606136,0.5570019246,0,0.8100172712,False
5645,1,0.7855310363,0.439818181,1,0.9193918885,0.5570019246,1,,False
5646,0,0.5201312589,0.439818181,1,0.7952292028,0.5570019246,1,0.9128766072,True
5647,0,0.3263223717,0.439818181,0,0.1153007298,0.5570019246,0,0.6488198043,False
5648,0,0.1370602863,0.439818181,0,0.08301877607,0.5570019246,0,0.3072346958,False
5649,0,0.6405967549,0.439818181,1,0.4106474564,0.5570019246,0,0.9759163308,True
5650,0,0.3020199525,0.439818181,0,0.1299305065,0.5570019246,0,0.6012281712,False
5651,1,0.4622346164,0.439818181,1,0.6014155424,0.5570019246,1,,False
5652,1,0.6580319657,0.439818181,1,0.8543642245,0.5570019246,1,,False
5653,0,0.3391558419,0.439818181,0,0.1643059555,0.5570019246,0,0.6715601612,False
5654,0,0.1722488572,0.439818181,0,0.09461386001,0.5570019246,0,0.3641335636,False
5655,0,0.1737477663,0.439818181,0,0.1911330241,0.5570019246,0,0.3672999424,False
5656,0,0.3770510291,0.439818181,0,0.2268770427,0.5570019246,0,0.7415083477,False
5657,1,0.522734053,0.439818181,1,0.3997589116,0.5570019246,0,,False
5658,0,0.01216453548,0.439818181,0,0.01573122547,0.5570019246,0,0.05757052389,False
5659,0,0.1730075174,0.439818181,0,0.2564881514,0.5570019246,0,0.3654768758,False
5660,1,0.7134975177,0.439818181,1,0.9092742382,0.5570019246,1,,False
5661,0,0.4618861576,0.439818181,1,0.1338422316,0.5570019246,0,0.8555939359,False
5662,0,0.162270574,0.439818181,0,0.06449791368,0.5570019246,0,0.3480138169,False
5663,0,0.2562478596,0.439818181,0,0.2476789082,0.5570019246,0,0.515160238,False
5664,0,0.4817338128,0.439818181,1,0.2977543688,0.5570019246,0,0.8781423911,False
5665,0,0.02578558179,0.439818181,0,0.01324972248,0.5570019246,0,0.09940510459,False
5666,0,0.4453628616,0.439818181,1,0.6139151924,0.5570019246,1,0.8369794665,False
5667,0,0.1123752211,0.439818181,0,0.08050234352,0.5570019246,0,0.267798887,False
5668,0,0.2664376885,0.439818181,0,0.1437151395,0.5570019246,0,0.534830167,False
5669,0,0.6112027716,0.439818181,1,0.3099590233,0.5570019246,0,0.966705047,True
5670,0,0.009663228996,0.439818181,0,0.005577576811,0.5570019246,0,0.04644022261,False
5671,0,0.3968927292,0.439818181,0,0.2698145828,0.5570019246,0,0.7718288236,False
5672,0,0.3045770874,0.439818181,0,0.09738300241,0.5570019246,0,0.6063135675,False
5673,0,0.1087939782,0.439818181,0,0.03440373018,0.5570019246,0,0.2615620802,False
5674,0,0.260595884,0.439818181,0,0.1893017528,0.5570019246,0,0.5230282096,False
5675,0,0.3480712502,0.439818181,0,0.1676908604,0.5570019246,0,0.6881596623,False
5676,0,0.353899586,0.439818181,0,0.1755711778,0.5570019246,0,0.6967952408,False
5677,0,0.1132710509,0.439818181,0,0.07128561612,0.5570019246,0,0.2694300518,False
5678,1,0.5967773694,0.439818181,1,0.7707607449,0.5570019246,1,,False
5679,0,0.3786284901,0.439818181,0,0.2171916444,0.5570019246,0,0.7439071196,False
5680,0,0.2977800747,0.439818181,0,0.2085425394,0.5570019246,0,0.5939359048,False
5681,0,0.2995541705,0.439818181,0,0.1877223485,0.5570019246,0,0.5978698906,False
5682,0,0.3721298557,0.439818181,0,0.1726339641,0.5570019246,0,0.7319132604,False
5683,0,0.3509518081,0.439818181,0,0.1831115205,0.5570019246,0,0.6925734024,False
5684,1,0.5647897914,0.439818181,1,0.7897847185,0.5570019246,1,,False
5685,0,0.2417285585,0.439818181,0,0.1659728941,0.5570019246,0,0.4883899443,False
5686,0,0.3644353287,0.439818181,0,0.1125627927,0.5570019246,0,0.7180003838,False
5687,0,0.377875918,0.439818181,0,0.3021429781,0.5570019246,0,0.74285166,False
5688,0,0.290239107,0.439818181,0,0.1652119127,0.5570019246,0,0.5775283055,False
5689,0,0.2566347057,0.439818181,0,0.3767372574,0.5570019246,0,0.5162156976,False
5690,0,0.4471587277,0.439818181,1,0.639037554,0.5570019246,1,0.8388025331,False
5691,1,0.693261286,0.439818181,1,0.7413418785,0.5570019246,1,,False
5692,0,0.06119670738,0.439818181,0,0.02548220789,0.5570019246,0,0.1783726732,False
5693,0,0.3236529147,0.439818181,0,0.08750285705,0.5570019246,0,0.6430627519,False
5694,1,0.5921708642,0.439818181,1,0.9045641704,0.5570019246,1,,False
5695,0,0.001686404709,0.439818181,0,0.00179004572,0.5570019246,0,0.007676069852,False
5696,0,0.3258241289,0.439818181,0,0.2813201536,0.5570019246,0,0.6472845903,False
5697,0,0.5281676481,0.439818181,1,0.2340839019,0.5570019246,0,0.9189215122,True
5698,0,0.5717589529,0.439818181,1,0.6708477591,0.5570019246,1,0.9488581846,True
5699,0,0.4209317522,0.439818181,0,0.2512347623,0.5570019246,0,0.8059873345,False
5700,0,0.1138789316,0.439818181,0,0.05316979442,0.5570019246,0,0.2704855114,False
5701,0,0.3810492278,0.439818181,0,0.1986612754,0.5570019246,0,0.7486087123,False
5702,0,0.1773520204,0.439818181,0,0.05430820234,0.5570019246,0,0.3725772405,False
5703,0,0.2968788885,0.439818181,0,0.3178019963,0.5570019246,0,0.5916330839,False
5704,0,0.2894281727,0.439818181,0,0.361520447,0.5570019246,0,0.5753214354,False
5705,0,0.4162110853,0.439818181,0,0.3053007578,0.5570019246,0,0.7992707734,False
5706,0,0.673190898,0.439818181,1,0.2068027553,0.5570019246,0,0.9860871234,True
5707,0,0.3446716356,0.439818181,0,0.1887788468,0.5570019246,0,0.6829783151,False
5708,1,0.7190830483,0.439818181,1,0.8487584442,0.5570019246,1,,False
5709,0,0.2131103143,0.439818181,0,0.1597088954,0.5570019246,0,0.4362886202,False
5710,0,0.2091777119,0.439818181,0,0.1023752097,0.5570019246,0,0.4300518135,False
5711,1,0.6138272952,0.439818181,1,0.7799377829,0.5570019246,1,,False
5712,0,0.3235309145,0.439818181,0,0.1708679958,0.5570019246,0,0.6428708501,False
5713,0,0.1815161546,0.439818181,0,0.3816302653,0.5570019246,0,0.3809249664,False
5714,0,0.3687320088,0.439818181,0,0.1024036404,0.5570019246,0,0.7252926502,False
5715,0,0.05948271351,0.439818181,0,0.04468733717,0.5570019246,0,0.1753022453,False
5716,0,0.5763956073,0.439818181,1,0.2488748596,0.5570019246,0,0.9518326617,True
5717,0,0.2219388146,0.439818181,0,0.1834686208,0.5570019246,0,0.4510650547,False
5718,0,0.3634798032,0.439818181,0,0.1798160768,0.5570019246,0,0.7154097102,False
5719,0,0.3846088984,0.439818181,0,0.1939872881,0.5570019246,0,0.7524467473,False
5720,0,0.2786970783,0.439818181,0,0.4870536165,0.5570019246,0,0.5560353099,False
5721,0,0.1590658635,0.439818181,0,0.05888535053,0.5570019246,0,0.3419689119,False
5722,0,0.2443857219,0.439818181,0,0.1084234431,0.5570019246,0,0.4934753406,False
5723,1,0.5100256631,0.439818181,1,0.4015672161,0.5570019246,0,,False
5724,0,0.3471604543,0.439818181,0,0.1148503915,0.5570019246,0,0.68681635,False
5725,0,0.4239131763,0.439818181,0,0.2917788976,0.5570019246,0,0.8098253694,False
5726,0,0.05529885553,0.439818181,0,0.04666241161,0.5570019246,0,0.1646516983,False
5727,0,0.1333929066,0.439818181,0,0.08107492852,0.5570019246,0,0.3018614469,False
5728,0,0.3904293462,0.439818181,0,0.4529356692,0.5570019246,0,0.7618499328,False
5729,0,0.4927221927,0.439818181,1,0.1983635082,0.5570019246,0,0.8867779697,False
5730,0,0.3107610314,0.439818181,0,0.6552663563,0.5570019246,1,0.6177317214,False
5731,0,0.4273683729,0.439818181,0,0.2122942516,0.5570019246,0,0.8140472078,False
5732,1,0.3784007049,0.439818181,0,0.7501266567,0.5570019246,1,,False
5733,1,0.5873211665,0.439818181,1,0.3909928865,0.5570019246,0,,False
5734,0,0.3204924302,0.439818181,0,0.253222423,0.5570019246,0,0.6371137977,False
5735,0,0.1686265578,0.439818181,0,0.08310305862,0.5570019246,0,0.3586643638,False
5736,0,0.2361781423,0.439818181,0,0.1917249443,0.5570019246,0,0.4766839378,False
5737,0,0.3679446907,0.439818181,0,0.09257354833,0.5570019246,0,0.7243331414,False
5738,0,0.1884686918,0.439818181,0,0.1024332338,0.5570019246,0,0.3923431203,False
5739,0,0.1563297652,0.439818181,0,0.1038890405,0.5570019246,0,0.3372673191,False
5740,0,0.4210575372,0.439818181,0,0.2863463686,0.5570019246,0,0.8061792362,False
5741,0,0.3410727987,0.439818181,0,0.1310289205,0.5570019246,0,0.6750143926,False
5742,0,0.1711705613,0.439818181,0,0.1013318345,0.5570019246,0,0.3625983496,False
5743,0,0.5844960352,0.439818181,1,0.2809211055,0.5570019246,0,0.9559585492,True
5744,0,0.1878971395,0.439818181,0,0.08593603552,0.5570019246,0,0.3912876607,False
5745,1,0.7381543312,0.439818181,1,0.9289598142,0.5570019246,1,,False
5746,0,0.27557804,0.439818181,0,0.1689561915,0.5570019246,0,0.5493187488,False
5747,1,0.5284045619,0.439818181,1,0.7628798583,0.5570019246,1,,False
5748,0,0.1989373542,0.439818181,0,0.1902127235,0.5570019246,0,0.4110535406,False
5749,0,0.2417334138,0.439818181,0,0.167150699,0.5570019246,0,0.4884858952,False
5750,0,0.03604138238,0.439818181,0,0.02175584786,0.5570019246,0,0.1256956438,False
5751,0,0.3310002472,0.439818181,0,0.3250911017,0.5570019246,0,0.6563039724,False
5752,0,0.337110086,0.439818181,0,0.1877062062,0.5570019246,0,0.6680099789,False
5753,1,0.6593924164,0.439818181,1,0.8158225509,0.5570019246,1,,False
5754,0,0.1371251433,0.439818181,0,0.05083713192,0.5570019246,0,0.3073306467,False
5755,0,0.3998123439,0.439818181,0,0.1353434955,0.5570019246,0,0.7772980234,False
5756,1,0.8370003101,0.439818181,1,0.868844665,0.5570019246,1,,False
5757,0,0.3633864445,0.439818181,0,0.593063393,0.5570019246,1,0.7151218576,False
5758,0,0.2850266424,0.439818181,0,0.5138214878,0.5570019246,0,0.5681251199,False
5759,0,0.3700986216,0.439818181,0,0.5824481763,0.5570019246,1,0.7272116676,False
5760,0,0.4492446934,0.439818181,1,0.6748717385,0.5570019246,1,0.841872961,False
5761,0,0.3117296824,0.439818181,0,0.6152535625,0.5570019246,1,0.6200345423,False
5762,1,0.4474805888,0.439818181,1,0.8223825266,0.5570019246,1,,False
5763,0,0.2205776694,0.439818181,0,0.1373855257,0.5570019246,0,0.4484743811,False
5764,0,0.208709289,0.439818181,0,0.06922076237,0.5570019246,0,0.4294761082,False
5765,0,0.3174806156,0.439818181,0,0.1537492598,0.5570019246,0,0.6323162541,False
5766,0,0.03851544099,0.439818181,0,0.03112493312,0.5570019246,0,0.1317405488,False
5767,0,0.5130011824,0.439818181,1,0.1051059852,0.5570019246,0,0.9062559969,True
5768,0,0.3384191708,0.439818181,0,0.1678685881,0.5570019246,0,0.6701208981,False
5769,0,0.3185228401,0.439818181,0,0.5874835398,0.5570019246,1,0.633851468,False
5770,0,0.2291830758,0.439818181,0,0.3019804928,0.5570019246,0,0.4628670121,False
5771,1,0.6435860856,0.439818181,1,0.449095854,0.5570019246,0,,False
5772,0,0.04762117931,0.439818181,0,0.02390464244,0.5570019246,0,0.1502590674,False
5773,0,0.3601382389,0.439818181,0,0.2081144766,0.5570019246,0,0.7090769526,False
5774,0,0.5097619552,0.439818181,1,0.7773006453,0.5570019246,1,0.903953176,True
5775,0,0.2565666595,0.439818181,0,0.08832474814,0.5570019246,0,0.5159278449,False
5776,0,0.4153484494,0.439818181,0,0.1588203517,0.5570019246,0,0.798023412,False
5777,0,0.2691165508,0.439818181,0,0.177211343,0.5570019246,0,0.5386682019,False
5778,0,0.312164927,0.439818181,0,0.1696717081,0.5570019246,0,0.6207061984,False
5779,0,0.4219036946,0.439818181,0,0.1763936746,0.5570019246,0,0.807138745,False
5780,0,0.5243346706,0.439818181,1,0.1873218793,0.5570019246,0,0.9164267895,True
5781,0,0.313028997,0.439818181,0,0.3766252068,0.5570019246,0,0.623296872,False
5782,0,0.1733057029,0.439818181,0,0.1772436222,0.5570019246,0,0.3660525811,False
5783,0,0.1928601885,0.439818181,0,0.6361285603,0.5570019246,1,0.400115141,False
5784,1,0.6596574094,0.439818181,1,0.3657635098,0.5570019246,0,,False
5785,0,0.08240426857,0.439818181,0,0.05814569897,0.5570019246,0,0.2167530225,False
5786,0,0.07752449099,0.439818181,0,0.04272677867,0.5570019246,0,0.2085012474,False
5787,1,0.5457748579,0.439818181,1,0.8497817794,0.5570019246,1,,False
5788,0,0.2492975988,0.439818181,0,0.1212098535,0.5570019246,0,0.502302821,False
5789,0,0.1910275668,0.439818181,0,0.09632864822,0.5570019246,0,0.3965649587,False
5790,0,0.08201428797,0.439818181,0,0.05013719245,0.5570019246,0,0.2161773172,False
5791,0,0.3175488561,0.439818181,0,0.2815158734,0.5570019246,0,0.6325081558,False
5792,0,0.1348383255,0.439818181,0,0.06691805947,0.5570019246,0,0.304068317,False
5793,0,0.59137986,0.439818181,1,0.2491412835,0.5570019246,0,0.9587411245,True
5794,0,0.4771980401,0.439818181,1,0.1286316098,0.5570019246,0,0.8729610439,False
5795,0,0.4386567531,0.439818181,0,0.246311089,0.5570019246,0,0.8276722318,False
5796,0,0.2724176929,0.439818181,0,0.1480612492,0.5570019246,0,0.5435616964,False
5797,0,0.09376832011,0.439818181,0,0.04654653139,0.5570019246,0,0.2364229514,False
5798,1,0.5264900833,0.439818181,1,0.6951922867,0.5570019246,1,,False
5799,0,0.0362507633,0.439818181,0,0.02012294528,0.5570019246,0,0.1262713491,False
5800,0,0.1774764196,0.439818181,0,0.1082703086,0.5570019246,0,0.3730569948,False
5801,0,0.0166971033,0.439818181,0,0.01916915754,0.5570019246,0,0.07378622145,False
5802,0,0.1270596001,0.439818181,0,0.06604389017,0.5570019246,0,0.2909230474,False
5803,0,0.1868147043,0.439818181,0,0.09083218784,0.5570019246,0,0.3889848398,False
5804,1,0.5470848717,0.439818181,1,0.8535781402,0.5570019246,1,,False
5805,0,0.2807772223,0.439818181,0,0.1247895428,0.5570019246,0,0.5600652466,False
5806,0,0.3992100586,0.439818181,0,0.5643708991,0.5570019246,1,0.7759547112,False
5807,1,0.6042922208,0.439818181,1,0.4828676659,0.5570019246,0,,False
5808,0,0.2653316287,0.439818181,0,0.1865854526,0.5570019246,0,0.5324313951,False
5809,0,0.2591768157,0.439818181,0,0.1791051644,0.5570019246,0,0.5209172903,False
5810,1,0.6441923421,0.439818181,1,0.4985027512,0.5570019246,0,,False
5811,0,0.5249362484,0.439818181,1,0.1923932603,0.5570019246,0,0.916810593,True
5812,0,0.1159287533,0.439818181,0,0.03922681716,0.5570019246,0,0.2739397429,False
5813,0,0.5118250765,0.439818181,1,0.6465603181,0.5570019246,1,0.9057762426,True
5814,0,0.4197554526,0.439818181,0,0.2237775561,0.5570019246,0,0.8046440223,False
5815,0,0.3981013692,0.439818181,0,0.1505166009,0.5570019246,0,0.7734599885,False
5816,0,0.3729204121,0.439818181,0,0.1903590808,0.5570019246,0,0.7335444253,False
5817,1,0.6089072454,0.439818181,1,0.5883455861,0.5570019246,1,,False
5818,0,0.455982098,0.439818181,1,0.1920766059,0.5570019246,0,0.8501247361,False
5819,0,0.2541231241,0.439818181,0,0.1333775976,0.5570019246,0,0.5108424487,False
5820,0,0.1623123891,0.439818181,0,0.06819432829,0.5570019246,0,0.3482057187,False
5821,1,0.5166484837,0.439818181,1,0.5038052925,0.5570019246,0,,False
5822,1,0.6933010296,0.439818181,1,0.8881971311,0.5570019246,1,,False
5823,0,0.08313819553,0.439818181,0,0.0720808124,0.5570019246,0,0.2179044329,False
5824,0,0.3896970107,0.439818181,0,0.3011789287,0.5570019246,0,0.7605066206,False
5825,0,0.4764729132,0.439818181,1,0.1534511537,0.5570019246,0,0.872193437,False
5826,0,0.2102495529,0.439818181,0,0.1378081516,0.5570019246,0,0.4324505853,False
5827,0,0.1565898481,0.439818181,0,0.1519052076,0.5570019246,0,0.3376511226,False
5828,0,0.4816933111,0.439818181,1,0.5803688474,0.5570019246,1,0.8780464402,False
5829,0,0.4375966026,0.439818181,0,0.1515166447,0.5570019246,0,0.826041067,False
5830,0,0.6743085479,0.439818181,1,0.7390103739,0.5570019246,1,0.9864709269,True
5831,0,0.1332880618,0.439818181,0,0.04554248643,0.5570019246,0,0.3016695452,False
5832,0,0.4597182465,0.439818181,1,0.2795970565,0.5570019246,0,0.8534830167,False
5833,0,0.1649165561,0.439818181,0,0.1028780605,0.5570019246,0,0.3520437536,False
5834,0,0.2931949814,0.439818181,0,0.1654590913,0.5570019246,0,0.5835732105,False
5835,0,0.4797349064,0.439818181,1,0.6515143991,0.5570019246,1,0.8763193245,False
5836,1,0.6824994514,0.439818181,1,0.4752242493,0.5570019246,0,,False
5837,1,0.6656299718,0.439818181,1,0.5450682324,0.5570019246,0,,False
5838,0,0.414216973,0.439818181,0,0.7336779053,0.5570019246,1,0.7963922472,False
5839,1,0.5255181192,0.439818181,1,0.4244439274,0.5570019246,0,,False
5840,0,0.1187309911,0.439818181,0,0.08615957734,0.5570019246,0,0.2784494339,False
5841,0,0.6970166876,0.439818181,1,0.2550805604,0.5570019246,0,0.991652274,True
5842,0,0.2644961877,0.439818181,0,0.1022771725,0.5570019246,0,0.5314718864,False
5843,0,0.3460372945,0.439818181,0,0.1630866245,0.5570019246,0,0.6848973326,False
5844,1,0.5958329142,0.439818181,1,0.8383328218,0.5570019246,1,,False
5845,0,0.2929223595,0.439818181,0,0.207349164,0.5570019246,0,0.5829975053,False
5846,0,0.3790767345,0.439818181,0,0.2315307597,0.5570019246,0,0.74505853,False
5847,0,0.00872997184,0.439818181,0,0.02258516822,0.5570019246,0,0.04241028593,False
5848,0,0.1898085765,0.439818181,0,0.06540292794,0.5570019246,0,0.3946459413,False
5849,0,0.4535740617,0.439818181,1,0.313616115,0.5570019246,0,0.8470543082,False
5850,0,0.01718703499,0.439818181,0,0.01100268791,0.5570019246,0,0.07599309154,False
5851,1,0.487289538,0.439818181,1,0.7041053299,0.5570019246,1,,False
5852,1,0.7236376072,0.439818181,1,0.9286029457,0.5570019246,1,,False
5853,0,0.1921716565,0.439818181,0,0.1157344934,0.5570019246,0,0.3988677797,False
5854,0,0.5791611372,0.439818181,1,0.2516117267,0.5570019246,0,0.9527921704,True
5855,0,0.1883402497,0.439818181,0,0.1706662545,0.5570019246,0,0.3919593168,False
5856,0,0.3695039522,0.439818181,0,0.1461810749,0.5570019246,0,0.7259643063,False
5857,0,0.2885766562,0.439818181,0,0.09607843079,0.5570019246,0,0.5735943197,False
5858,0,0.5552036996,0.439818181,1,0.1740569366,0.5570019246,0,0.9385914412,True
5859,0,0.03290190003,0.439818181,0,0.02014379016,0.5570019246,0,0.1168681635,False
5860,0,0.02712154251,0.439818181,0,0.01661391002,0.5570019246,0,0.1024755325,False
5861,0,0.1729446896,0.439818181,0,0.06650711518,0.5570019246,0,0.3651890232,False
5862,0,0.2580174147,0.439818181,0,0.1709648992,0.5570019246,0,0.518902322,False
5863,0,0.345967055,0.439818181,0,0.194047434,0.5570019246,0,0.6847054308,False
5864,0,0.2911220992,0.439818181,0,0.1794769551,0.5570019246,0,0.5790635195,False
5865,0,0.2252375462,0.439818181,0,0.1093584518,0.5570019246,0,0.4564383036,False
5866,0,0.2993757377,0.439818181,0,0.1632582633,0.5570019246,0,0.5974860871,False
5867,0,0.1746889191,0.439818181,0,0.08238501649,0.5570019246,0,0.3681635003,False
5868,0,0.1260163019,0.439818181,0,0.05460689491,0.5570019246,0,0.2888121282,False
5869,0,0.2223121952,0.439818181,0,0.09147397207,0.5570019246,0,0.4517367108,False
5870,0,0.3783183123,0.439818181,0,0.6122480774,0.5570019246,1,0.7436192669,False
5871,0,0.09548930189,0.439818181,0,0.05229591535,0.5570019246,0,0.2389176742,False
5872,0,0.4174462736,0.439818181,0,0.1566306817,0.5570019246,0,0.8009978891,False
5873,0,0.4499594158,0.439818181,1,0.1363712173,0.5570019246,0,0.8427365189,False
5874,1,0.6206092339,0.439818181,1,0.6980606484,0.5570019246,1,,False
5875,1,0.6760522247,0.439818181,1,0.8850841715,0.5570019246,1,,False
5876,0,0.3422440058,0.439818181,0,0.2637311374,0.5570019246,0,0.6764536557,False
5877,0,0.1817894562,0.439818181,0,0.06065821591,0.5570019246,0,0.3814047208,False
5878,0,0.666378498,0.439818181,1,0.7297349521,0.5570019246,1,0.9842640568,True
5879,0,0.1240461126,0.439818181,0,0.3377015519,0.5570019246,0,0.2852619459,False
5880,0,0.4307568307,0.439818181,0,0.4731193352,0.5570019246,0,0.8171176358,False
5881,0,0.04483595363,0.439818181,0,0.03957468488,0.5570019246,0,0.1447898676,False
5882,1,0.4986115972,0.439818181,1,0.7641076221,0.5570019246,1,,False
5883,0,0.373481615,0.439818181,0,0.172761552,0.5570019246,0,0.7347917866,False
5884,0,0.2687502244,0.439818181,0,0.1752926798,0.5570019246,0,0.5379005949,False
5885,0,0.03476632911,0.439818181,0,0.03241036476,0.5570019246,0,0.1222414124,False
5886,0,0.276666679,0.439818181,0,0.2145957669,0.5570019246,0,0.551429668,False
5887,0,0.0475280212,0.439818181,0,0.02127075738,0.5570019246,0,0.1498752639,False
5888,0,0.1500208942,0.439818181,0,0.1135784611,0.5570019246,0,0.3286317405,False
5889,0,0.3755767465,0.439818181,0,0.1069844977,0.5570019246,0,0.7385338707,False
5890,1,0.4490858492,0.439818181,1,0.7637066807,0.5570019246,1,,False
5891,0,0.3810482749,0.439818181,0,0.104811626,0.5570019246,0,0.7485127615,False
5892,0,0.1136016933,0.439818181,0,0.09436091631,0.5570019246,0,0.2701976588,False
5893,0,0.1786371959,0.439818181,0,0.1026643178,0.5570019246,0,0.3757436193,False
5894,0,0.3474853658,0.439818181,0,0.2145548524,0.5570019246,0,0.687583957,False
5895,0,0.2523855883,0.439818181,0,0.1259524884,0.5570019246,0,0.5071963155,False
5896,0,0.4303260512,0.439818181,0,0.5229559704,0.5570019246,0,0.8164459797,False
5897,0,0.008977282341,0.439818181,0,0.009962147701,0.5570019246,0,0.04336979467,False
5898,0,0.4489512336,0.439818181,1,0.3460670699,0.5570019246,0,0.8413932067,False
5899,0,0.2499729536,0.439818181,0,0.1292668242,0.5570019246,0,0.5031663788,False
5900,0,0.3322833945,0.439818181,0,0.1086187116,0.5570019246,0,0.6592784494,False
5901,0,0.3462320601,0.439818181,0,0.1641000201,0.5570019246,0,0.6852811361,False
5902,0,0.3836334228,0.439818181,0,0.5267804436,0.5570019246,0,0.7510074842,False
5903,0,0.4074421171,0.439818181,0,0.3661329761,0.5570019246,0,0.787468816,False
5904,1,0.5801853131,0.439818181,1,0.4737171493,0.5570019246,0,,False
5905,0,0.148847097,0.439818181,0,0.1544228764,0.5570019246,0,0.326041067,False
5906,0,0.189736884,0.439818181,0,0.09446108293,0.5570019246,0,0.3942621378,False
5907,0,0.3786291375,0.439818181,0,0.6554106053,0.5570019246,1,0.7440030704,False
5908,0,0.04933359304,0.439818181,0,0.03459817221,0.5570019246,0,0.1529456918,False
5909,0,0.4704816463,0.439818181,1,0.1396280499,0.5570019246,0,0.8656687776,False
5910,0,0.3799142033,0.439818181,0,0.1337462975,0.5570019246,0,0.7466896949,False
5911,0,0.2749438514,0.439818181,0,0.1273898608,0.5570019246,0,0.5482632892,False
5912,0,0.2237473908,0.439818181,0,0.09325420053,0.5570019246,0,0.4540395318,False
5913,0,0.354248879,0.439818181,0,0.2331281551,0.5570019246,0,0.6972749952,False
5914,0,0.2820476457,0.439818181,0,0.1652461175,0.5570019246,0,0.5622721167,False
5915,1,0.56220613,0.439818181,1,0.4290649304,0.5570019246,0,,False
5916,0,0.3512478828,0.439818181,0,0.1298594424,0.5570019246,0,0.6930531568,False
5917,0,0.3780610277,0.439818181,0,0.4667470295,0.5570019246,0,0.7431395126,False
5918,0,0.408204282,0.439818181,0,0.379500106,0.5570019246,0,0.7885242756,False
5919,0,0.4945790671,0.439818181,1,0.2192649216,0.5570019246,0,0.8890807906,False
5920,1,0.6360011382,0.439818181,1,0.5195765241,0.5570019246,0,,False
5921,0,0.07612540984,0.439818181,0,0.03447514831,0.5570019246,0,0.205718672,False
5922,0,0.5041665702,0.439818181,1,0.298349689,0.5570019246,0,0.8994434849,False
5923,0,0.2384336464,0.439818181,0,0.2868542638,0.5570019246,0,0.4817693341,False
5924,0,0.05798344308,0.439818181,0,0.03969217073,0.5570019246,0,0.1712723086,False
5925,0,0.07354759845,0.439818181,0,0.05731237166,0.5570019246,0,0.2007292266,False
5926,0,0.6771029521,0.439818181,1,0.2652611458,0.5570019246,0,0.9873344847,True
5927,1,0.4717246391,0.439818181,1,0.5005437926,0.5570019246,0,,False
5928,0,0.1919329814,0.439818181,0,0.1040349655,0.5570019246,0,0.3981001727,False
5929,0,0.2618855461,0.439818181,0,0.2432101082,0.5570019246,0,0.5261945884,False
5930,1,0.5968622699,0.439818181,1,0.536492287,0.5570019246,0,,False
5931,0,0.4085139642,0.439818181,0,0.1920098586,0.5570019246,0,0.7890040299,False
5932,0,0.248395374,0.439818181,0,0.09152352,0.5570019246,0,0.5009595087,False
5933,0,0.05265084732,0.439818181,0,0.0257071158,0.5570019246,0,0.1601420073,False
5934,0,0.04771349879,0.439818181,0,0.0369087472,0.5570019246,0,0.1504509691,False
5935,0,0.4755411046,0.439818181,1,0.1596168413,0.5570019246,0,0.8713298791,False
5936,0,0.1570996476,0.439818181,0,0.1257594476,0.5570019246,0,0.338898484,False
5937,0,0.5982271662,0.439818181,1,0.2431956912,0.5570019246,0,0.961427749,True
5938,0,0.2919933402,0.439818181,0,0.5277712276,0.5570019246,0,0.5806946843,False
5939,0,0.2685352546,0.439818181,0,0.4384607149,0.5570019246,0,0.5375167914,False
5940,0,0.5229865488,0.439818181,1,0.386678101,0.5570019246,0,0.9155632316,True
5941,0,0.4224518789,0.439818181,0,0.1885725065,0.5570019246,0,0.8078104011,False
5942,0,0.2891287899,0.439818181,0,0.119410033,0.5570019246,0,0.5744578776,False
5943,0,0.4635607896,0.439818181,1,0.168841137,0.5570019246,0,0.8573210516,False
5944,0,0.2935955715,0.439818181,0,0.09427678764,0.5570019246,0,0.5841489158,False
5945,0,0.3184663798,0.439818181,0,0.1725642963,0.5570019246,0,0.6337555172,False
5946,0,0.1947029483,0.439818181,0,0.06899089083,0.5570019246,0,0.4043369795,False
5947,0,0.2316694688,0.439818181,0,0.2008370164,0.5570019246,0,0.4684321627,False
5948,0,0.4733056974,0.439818181,1,0.1122118841,0.5570019246,0,0.8687392055,False
5949,0,0.2916253583,0.439818181,0,0.09882216005,0.5570019246,0,0.5800230282,False
5950,0,0.06391746002,0.439818181,0,0.03625754559,0.5570019246,0,0.1825945116,False
5951,0,0.439755932,0.439818181,0,0.1988705071,0.5570019246,0,0.8287276914,False
5952,0,0.3093973889,0.439818181,0,0.2269089023,0.5570019246,0,0.6158127039,False
5953,0,0.2695228257,0.439818181,0,0.2193468854,0.5570019246,0,0.539339858,False
5954,0,0.3444312976,0.439818181,0,0.1502859193,0.5570019246,0,0.6824026099,False
5955,0,0.3145552393,0.439818181,0,0.2329416429,0.5570019246,0,0.6257915947,False
5956,0,0.05144866649,0.439818181,0,0.05950445858,0.5570019246,0,0.1579351372,False
5957,1,0.840754683,0.439818181,1,0.930027836,0.5570019246,1,,False
5958,1,0.710816658,0.439818181,1,0.853155004,0.5570019246,1,,False
5959,0,0.2960600071,0.439818181,0,0.1327972461,0.5570019246,0,0.5894262138,False
5960,0,0.6839716668,0.439818181,1,0.2440524377,0.5570019246,0,0.9893494531,True
5961,0,0.312710224,0.439818181,0,0.1260174334,0.5570019246,0,0.622529265,False
5962,0,0.3308107446,0.439818181,0,0.1898708983,0.5570019246,0,0.6559201689,False
5963,0,0.3961983588,0.439818181,0,0.2168150986,0.5570019246,0,0.7710612167,False
5964,0,0.304717327,0.439818181,0,0.1528863366,0.5570019246,0,0.6066014201,False
5965,0,0.3608058984,0.439818181,0,0.1571676658,0.5570019246,0,0.7101324122,False
5966,1,0.6140590217,0.439818181,1,0.830450517,0.5570019246,1,,False
5967,1,0.5544677481,0.439818181,1,0.8697677335,0.5570019246,1,,False
5968,0,0.06779110927,0.439818181,0,0.03092114976,0.5570019246,0,0.1904624832,False
5969,0,0.169555369,0.439818181,0,0.1225053101,0.5570019246,0,0.3601995778,False
5970,0,0.3193824157,0.439818181,0,0.1497414029,0.5570019246,0,0.6350988294,False
5971,0,0.2768779532,0.439818181,0,0.2172774801,0.5570019246,0,0.552197275,False
5972,0,0.3730864746,0.439818181,0,0.2369462952,0.5570019246,0,0.7341201305,False
5973,0,0.4730549562,0.439818181,1,0.1689998165,0.5570019246,0,0.8684513529,False
5974,0,0.3035663004,0.439818181,0,0.1233469375,0.5570019246,0,0.603626943,False
5975,0,0.4507238104,0.439818181,1,0.1925877378,0.5570019246,0,0.8436000768,False
5976,0,0.5668792618,0.439818181,1,0.2036963877,0.5570019246,0,0.946267511,True
5977,0,0.3905610532,0.439818181,0,0.3047180456,0.5570019246,0,0.7621377855,False
5978,0,0.02198382908,0.439818181,0,0.02096243571,0.5570019246,0,0.08990596814,False
5979,0,0.6189948055,0.439818181,1,0.7644284173,0.5570019246,1,0.9693916715,True
5980,0,0.02174332566,0.439818181,0,0.01418241613,0.5570019246,0,0.08961811552,False
5981,0,0.5084581795,0.439818181,1,0.1983453471,0.5570019246,0,0.9029936672,True
5982,0,0.3753873637,0.439818181,0,0.505680321,0.5570019246,0,0.7377662637,False
5983,1,0.5667372171,0.439818181,1,0.7408950819,0.5570019246,1,,False
5984,0,0.2996866098,0.439818181,0,0.5131473741,0.5570019246,0,0.5981577432,False
5985,1,0.6423302251,0.439818181,1,0.8868711132,0.5570019246,1,,False
5986,0,0.1598506134,0.439818181,0,0.08066779019,0.5570019246,0,0.3439838803,False
5987,1,0.5078453307,0.439818181,1,0.7848103699,0.5570019246,1,,False
5988,0,0.2027574432,0.439818181,0,0.105711429,0.5570019246,0,0.4194972174,False
5989,1,0.6733831887,0.439818181,1,0.4544913265,0.5570019246,0,,False
5990,0,0.2859627821,0.439818181,0,0.1701577147,0.5570019246,0,0.5691805795,False
5991,1,0.6063298202,0.439818181,1,0.6459966391,0.5570019246,1,,False
5992,0,0.05884720121,0.439818181,0,0.0262868816,0.5570019246,0,0.1741508348,False
5993,0,0.02726544597,0.439818181,0,0.01297775706,0.5570019246,0,0.1029552869,False
5994,0,0.6988891309,0.439818181,1,0.7653191455,0.5570019246,1,0.9920360775,True
5995,1,0.4998554894,0.439818181,1,0.7292769394,0.5570019246,1,,False
5996,0,0.1578375213,0.439818181,0,0.08603782361,0.5570019246,0,0.3403377471,False
5997,0,0.4490020098,0.439818181,1,0.2282301865,0.5570019246,0,0.8414891576,False
5998,0,0.04018932455,0.439818181,0,0.03572988452,0.5570019246,0,0.1352907311,False
5999,1,0.6546132186,0.439818181,1,0.8099991168,0.5570019246,1,,False
6000,0,0.2164462443,0.439818181,0,0.09632863611,0.5570019246,0,0.4419497217,False
6001,0,0.07911767785,0.439818181,0,0.06989881209,0.5570019246,0,0.2109959701,False
6002,0,0.4011138134,0.439818181,0,0.1654690653,0.5570019246,0,0.7795048935,False
6003,1,0.6378515671,0.439818181,1,0.8095598112,0.5570019246,1,,False
6004,0,0.3231680203,0.439818181,0,0.1777855005,0.5570019246,0,0.6425829975,False
6005,1,0.5341785005,0.439818181,1,0.7551570825,0.5570019246,1,,False
6006,0,0.3752405741,0.439818181,0,0.6302751748,0.5570019246,1,0.7374784111,False
6007,0,0.2393145125,0.439818181,0,0.08698984146,0.5570019246,0,0.4833045481,False
6008,0,0.377880799,0.439818181,0,0.5955209676,0.5570019246,1,0.7429476108,False
6009,0,0.2583373534,0.439818181,0,0.07563947597,0.5570019246,0,0.5192861255,False
6010,1,0.5809361857,0.439818181,1,0.7899596398,0.5570019246,1,,False
6011,0,0.2213567167,0.439818181,0,0.2101270697,0.5570019246,0,0.450105546,False
6012,0,0.6540294312,0.439818181,1,0.6467949328,0.5570019246,1,0.9808098254,True
6013,0,0.5762663065,0.439818181,1,0.2602414237,0.5570019246,0,0.9517367108,True
6014,0,0.3545483811,0.439818181,0,0.1865026465,0.5570019246,0,0.6981385531,False
6015,1,0.7175683374,0.439818181,1,0.5035034445,0.5570019246,0,,False
6016,0,0.405842337,0.439818181,0,0.1773460332,0.5570019246,0,0.7852619459,False
6017,0,0.2737240576,0.439818181,0,0.1351004554,0.5570019246,0,0.5460564191,False
6018,0,0.6449837978,0.439818181,1,0.2400445615,0.5570019246,0,0.9772596431,True
6019,0,0.3384310946,0.439818181,0,0.1394174561,0.5570019246,0,0.670216849,False
6020,0,0.5036772802,0.439818181,1,0.2952351543,0.5570019246,0,0.8989637306,False
6021,0,0.4035065319,0.439818181,0,0.2448147737,0.5570019246,0,0.7826712723,False
6022,0,0.4700954952,0.439818181,1,0.2052908216,0.5570019246,0,0.8651890232,False
6023,0,0.1839394928,0.439818181,0,0.09876250702,0.5570019246,0,0.3844751487,False
6024,0,0.4844803858,0.439818181,1,0.6976554654,0.5570019246,1,0.8800614086,False
6025,0,0.07067879616,0.439818181,0,0.03089144651,0.5570019246,0,0.1960276339,False
6026,1,0.6290047242,0.439818181,1,0.561433497,0.5570019246,1,,False
6027,0,0.09534586715,0.439818181,0,0.05018132372,0.5570019246,0,0.2386298215,False
6028,1,0.7843199775,0.439818181,1,0.9320181501,0.5570019246,1,,False
6029,0,0.4670636829,0.439818181,1,0.1738414246,0.5570019246,0,0.8610631357,False
6030,0,0.301363015,0.439818181,0,0.1423887093,0.5570019246,0,0.6004605642,False
6031,0,0.2970128815,0.439818181,0,0.31389905,0.5570019246,0,0.5920168874,False
6032,0,0.318257982,0.439818181,0,0.195600723,0.5570019246,0,0.6330838611,False
6033,0,0.1499929426,0.439818181,0,0.09782871642,0.5570019246,0,0.3284398388,False
6034,0,0.4403148308,0.439818181,1,0.2560592554,0.5570019246,0,0.829783151,False
6035,0,0.3228287379,0.439818181,0,0.2057298064,0.5570019246,0,0.6420072923,False
6036,0,0.2100124675,0.439818181,0,0.1205651877,0.5570019246,0,0.4317789292,False
6037,0,0.3420326961,0.439818181,0,0.2135822023,0.5570019246,0,0.6763577049,False
6038,0,0.1509407267,0.439818181,0,0.05704515969,0.5570019246,0,0.3295912493,False
6039,0,0.6291876011,0.439818181,1,0.724095184,0.5570019246,1,0.9723661485,True
6040,0,0.3602823916,0.439818181,0,0.1790993285,0.5570019246,0,0.7092688543,False
6041,1,0.6101569855,0.439818181,1,0.4378971895,0.5570019246,0,,False
6042,0,0.4539119159,0.439818181,1,0.2054829793,0.5570019246,0,0.8474381117,False
6043,0,0.171208668,0.439818181,0,0.1343854084,0.5570019246,0,0.3626943005,False
6044,1,0.7908903689,0.439818181,1,0.914908209,0.5570019246,1,,False
6045,0,0.4474729248,0.439818181,1,0.08820118584,0.5570019246,0,0.8393782383,False
6046,0,0.5286436173,0.439818181,1,0.1619736294,0.5570019246,0,0.9193053157,True
6047,0,0.2924761057,0.439818181,0,0.4142207216,0.5570019246,0,0.5821339474,False
6048,0,0.3310480565,0.439818181,0,0.5241464649,0.5570019246,0,0.6564958741,False
6049,0,0.08832259561,0.439818181,0,0.0746879234,0.5570019246,0,0.2263481098,False
6050,0,0.01357885692,0.439818181,0,0.005275401365,0.5570019246,0,0.06188831318,False
6051,0,0.5486570539,0.439818181,1,0.6784081978,0.5570019246,1,0.9335060449,True
6052,1,0.5887491893,0.439818181,1,0.7568722242,0.5570019246,1,,False
6053,0,0.559184731,0.439818181,1,0.2477728906,0.5570019246,0,0.9410861639,True
6054,0,0.4107003809,0.439818181,0,0.4083067667,0.5570019246,0,0.7926501631,False
6055,0,0.1761001142,0.439818181,0,0.7469687675,0.5570019246,1,0.3705622721,False
6056,0,0.2627298337,0.439818181,0,0.1723388431,0.5570019246,0,0.5283055076,False
6057,0,0.09719513915,0.439818181,0,0.05256563177,0.5570019246,0,0.2412204951,False
6058,0,0.1408743912,0.439818181,0,0.05895403837,0.5570019246,0,0.3127998465,False
6059,0,0.5408929863,0.439818181,1,0.1747384761,0.5570019246,0,0.928132796,True
6060,0,0.7048117064,0.439818181,1,0.7671085652,0.5570019246,1,0.9929955863,True
6061,1,0.5826610661,0.439818181,1,0.748600721,0.5570019246,1,,False
6062,0,0.08420117528,0.439818181,0,0.07451473433,0.5570019246,0,0.2200153521,False
6063,0,0.1118310514,0.439818181,0,0.08327315849,0.5570019246,0,0.2666474765,False
6064,0,0.1773739481,0.439818181,0,0.3565734402,0.5570019246,0,0.3726731913,False
6065,0,0.01737558259,0.439818181,0,0.006728583696,0.5570019246,0,0.07656879678,False
6066,0,0.6350506646,0.439818181,1,0.3423057858,0.5570019246,0,0.9740932642,True
6067,0,0.3132192083,0.439818181,0,0.3941953313,0.5570019246,0,0.6238725772,False
6068,0,0.4322677905,0.439818181,0,0.2215983953,0.5570019246,0,0.8191326041,False
6069,0,0.3412716604,0.439818181,0,0.1370604033,0.5570019246,0,0.6753981961,False
6070,0,0.1811105326,0.439818181,0,0.3634084634,0.5570019246,0,0.3799654577,False
6071,0,0.2005663706,0.439818181,0,0.2347023085,0.5570019246,0,0.4150834773,False
6072,0,0.278652208,0.439818181,0,0.1396973531,0.5570019246,0,0.555939359,False
6073,0,0.16624921,0.439818181,0,0.2077972539,0.5570019246,0,0.3550182307,False
6074,1,0.6672768804,0.439818181,1,0.8856608278,0.5570019246,1,,False
6075,0,0.2291046378,0.439818181,0,0.1271644503,0.5570019246,0,0.4626751103,False
6076,0,0.00488166322,0.439818181,0,0.009978074879,0.5570019246,0,0.02561888313,False
6077,0,0.6270307681,0.439818181,1,0.7676594539,0.5570019246,1,0.971982345,True
6078,1,0.8223833792,0.439818181,1,0.9468099341,0.5570019246,1,,False
6079,1,0.5646843739,0.439818181,1,0.6998771392,0.5570019246,1,,False
6080,1,0.6429637349,0.439818181,1,0.6316284867,0.5570019246,1,,False
6081,0,0.5271460037,0.439818181,1,0.2075714127,0.5570019246,0,0.9180579543,True
6082,0,0.2092189972,0.439818181,0,0.143255511,0.5570019246,0,0.4302437152,False
6083,0,0.3836089483,0.439818181,0,0.5681349376,0.5570019246,1,0.7509115333,False
6084,0,0.5051619698,0.439818181,1,0.1155323277,0.5570019246,0,0.9000191902,True
6085,0,0.0753970236,0.439818181,0,0.03635975075,0.5570019246,0,0.2043753598,False
6086,1,0.6279355961,0.439818181,1,0.7993107054,0.5570019246,1,,False
6087,0,0.1792877304,0.439818181,0,0.1454186386,0.5570019246,0,0.3772788332,False
6088,0,0.1137517175,0.439818181,0,0.04172187024,0.5570019246,0,0.2703895605,False
6089,0,0.1485738742,0.439818181,0,0.09786639099,0.5570019246,0,0.3257532144,False
6090,0,0.4831081916,0.439818181,1,0.1604874584,0.5570019246,0,0.8788140472,False
6091,0,0.397111606,0.439818181,0,0.3182960247,0.5570019246,0,0.7719247745,False
6092,1,0.5578925819,0.439818181,1,0.844670502,0.5570019246,1,,False
6093,1,0.5276992765,0.439818181,1,0.4533474667,0.5570019246,0,,False
6094,0,0.1630864382,0.439818181,0,0.05739081955,0.5570019246,0,0.3492611783,False
6095,0,0.1871779361,0.439818181,0,0.09838992916,0.5570019246,0,0.389560545,False
6096,0,0.2895006602,0.439818181,0,0.1121893831,0.5570019246,0,0.5755133372,False
6097,0,0.2832135855,0.439818181,0,0.1658839427,0.5570019246,0,0.5643830359,False
6098,0,0.2232920428,0.439818181,0,0.05474223579,0.5570019246,0,0.4533678756,False
6099,0,0.2420843022,0.439818181,0,0.1532087251,0.5570019246,0,0.489445404,False
6100,0,0.2987646705,0.439818181,0,0.1235329778,0.5570019246,0,0.5956630205,False
6101,0,0.3936637193,0.439818181,0,0.2643451333,0.5570019246,0,0.7669353291,False
6102,0,0.4380655519,0.439818181,0,0.1409350935,0.5570019246,0,0.8270005757,False
6103,0,0.4949822972,0.439818181,1,0.2037833366,0.5570019246,0,0.8896564959,False
6104,0,0.3731885457,0.439818181,0,0.3350836901,0.5570019246,0,0.7344079831,False
6105,0,0.2157272421,0.439818181,0,0.1060223306,0.5570019246,0,0.4403185569,False
6106,0,0.3866131282,0.439818181,0,0.6513794929,0.5570019246,1,0.7546536173,False
6107,0,0.08448162253,0.439818181,0,0.05695165997,0.5570019246,0,0.2203991556,False
6108,0,0.4444452066,0.439818181,1,0.1058858426,0.5570019246,0,0.8355402034,False
6109,0,0.274611835,0.439818181,0,0.1709646307,0.5570019246,0,0.5477835348,False
6110,0,0.497659818,0.439818181,1,0.1711755235,0.5570019246,0,0.8927269238,False
6111,1,0.7005992937,0.439818181,1,0.8698716587,0.5570019246,1,,False
6112,0,0.4551520449,0.439818181,1,0.6316921357,0.5570019246,1,0.8496449818,False
6113,0,0.2943000385,0.439818181,0,0.5131628068,0.5570019246,0,0.5858760315,False
6114,0,0.3222704778,0.439818181,0,0.157873382,0.5570019246,0,0.6411437344,False
6115,0,0.1935828242,0.439818181,0,0.08374656118,0.5570019246,0,0.4018422568,False
6116,0,0.0182525373,0.439818181,0,0.01702654822,0.5570019246,0,0.07839186337,False
6117,0,0.3713450758,0.439818181,0,0.6698274587,0.5570019246,1,0.7300901938,False
6118,1,0.6871013461,0.439818181,1,0.4876608467,0.5570019246,0,,False
6119,0,0.3583776671,0.439818181,0,0.1248652882,0.5570019246,0,0.7058146229,False
6120,0,0.4417610631,0.439818181,1,0.4279411522,0.5570019246,0,0.8322778737,False
6121,0,0.3550872029,0.439818181,0,0.1282634679,0.5570019246,0,0.6990980618,False
6122,0,0.2915776928,0.439818181,0,0.1578804965,0.5570019246,0,0.5799270773,False
6123,0,0.5980833966,0.439818181,1,0.3619557764,0.5570019246,0,0.9612358472,True
6124,0,0.1997051671,0.439818181,0,0.07393189319,0.5570019246,0,0.4127806563,False
6125,0,0.5515188517,0.439818181,1,0.3627257254,0.5570019246,0,0.9354250624,True
6126,0,0.5099069218,0.439818181,1,0.2456001155,0.5570019246,0,0.9040491268,True
6127,0,0.2158780934,0.439818181,0,0.1237889642,0.5570019246,0,0.4407023604,False
6128,0,0.3082078285,0.439818181,0,0.4808766625,0.5570019246,0,0.6139896373,False
6129,0,0.5118139048,0.439818181,1,0.1343620528,0.5570019246,0,0.9056802917,True
6130,0,0.4857170629,0.439818181,1,0.2839121225,0.5570019246,0,0.8813087699,False
6131,0,0.01002108546,0.439818181,0,0.01988061313,0.5570019246,0,0.04855114182,False
6132,0,0.0850524082,0.439818181,0,0.0290867455,0.5570019246,0,0.2214546152,False
6133,0,0.06471222185,0.439818181,0,0.01875662607,0.5570019246,0,0.1842256765,False
6134,1,0.5458141968,0.439818181,1,0.4991190775,0.5570019246,0,,False
6135,0,0.03726801232,0.439818181,0,0.02358927264,0.5570019246,0,0.1289579735,False
6136,0,0.3123486707,0.439818181,0,0.1412519868,0.5570019246,0,0.6215697563,False
6137,0,0.3162990561,0.439818181,0,0.1703376518,0.5570019246,0,0.6297255805,False
6138,0,0.1943679749,0.439818181,0,0.1379249849,0.5570019246,0,0.4035693725,False
6139,0,0.3837695374,0.439818181,0,0.2264109463,0.5570019246,0,0.7512953368,False
6140,0,0.1345284604,0.439818181,0,0.08542922256,0.5570019246,0,0.3035885627,False
6141,0,0.09414716206,0.439818181,0,0.06749182958,0.5570019246,0,0.2370946076,False
6142,1,0.5728694291,0.439818181,1,0.9135480928,0.5570019246,1,,False
6143,0,0.1118412521,0.439818181,0,0.0522344738,0.5570019246,0,0.2667434274,False
6144,0,0.4443809949,0.439818181,1,0.1698368284,0.5570019246,0,0.8351563999,False
6145,0,0.575787639,0.439818181,1,0.3333704342,0.5570019246,0,0.9515448091,True
6146,0,0.2025540603,0.439818181,0,0.1078506504,0.5570019246,0,0.4192093648,False
6147,0,0.7154953258,0.439818181,1,0.4370189351,0.5570019246,0,0.9949146037,True
6148,0,0.06805536255,0.439818181,0,0.09086450876,0.5570019246,0,0.1910381884,False
6149,0,0.2817024477,0.439818181,0,0.1492485901,0.5570019246,0,0.5612166571,False
6150,0,0.4700760634,0.439818181,1,0.2174758139,0.5570019246,0,0.8650930723,False
6151,0,0.330335199,0.439818181,0,0.3217190009,0.5570019246,0,0.6548647093,False
6152,0,0.3766093907,0.439818181,0,0.1565324829,0.5570019246,0,0.7408366916,False
6153,0,0.2950033143,0.439818181,0,0.3867571196,0.5570019246,0,0.5875071963,False
6154,0,0.2868489473,0.439818181,0,0.5302184277,0.5570019246,0,0.5706198426,False
6155,0,0.05439769819,0.439818181,0,0.02724878107,0.5570019246,0,0.1628286317,False
6156,0,0.364280346,0.439818181,0,0.1925142605,0.5570019246,0,0.7174246786,False
6157,0,0.3705814431,0.439818181,0,0.3767451775,0.5570019246,0,0.7283630781,False
6158,1,0.6039507985,0.439818181,1,0.8450400331,0.5570019246,1,,False
6159,0,0.4789571951,0.439818181,1,0.244518866,0.5570019246,0,0.8752638649,False
6160,1,0.6100863103,0.439818181,1,0.5022918275,0.5570019246,0,,False
6161,0,0.5667679178,0.439818181,1,0.1404776802,0.5570019246,0,0.9461715602,True
6162,0,0.347042875,0.439818181,0,0.413219647,0.5570019246,0,0.6866244483,False
6163,0,0.4609489279,0.439818181,1,0.274709618,0.5570019246,0,0.8545384763,False
6164,1,0.6809094243,0.439818181,1,0.8967993826,0.5570019246,1,,False
6165,0,0.05500712392,0.439818181,0,0.02388042293,0.5570019246,0,0.1639800422,False
6166,0,0.3973701029,0.439818181,0,0.2603020314,0.5570019246,0,0.772308578,False
6167,1,0.5810431825,0.439818181,1,0.7080199868,0.5570019246,1,,False
6168,0,0.3312108622,0.439818181,0,0.5154888084,0.5570019246,0,0.6569756285,False
6169,0,0.3423396756,0.439818181,0,0.1182330539,0.5570019246,0,0.6766455575,False
6170,0,0.2842193594,0.439818181,0,0.1152653332,0.5570019246,0,0.5663020533,False
6171,0,0.3230606535,0.439818181,0,0.2178652099,0.5570019246,0,0.6423910958,False
6172,0,0.04826087238,0.439818181,0,0.03188099759,0.5570019246,0,0.1514104778,False
6173,0,0.3431503696,0.439818181,0,0.2054086747,0.5570019246,0,0.6787564767,False
6174,0,0.4341216668,0.439818181,0,0.2178578677,0.5570019246,0,0.8215313759,False
6175,0,0.4835019272,0.439818181,1,0.1414076123,0.5570019246,0,0.879005949,False
6176,0,0.1702791437,0.439818181,0,0.08614799829,0.5570019246,0,0.3614469392,False
6177,1,0.495122256,0.439818181,1,0.4294212339,0.5570019246,0,,False
6178,0,0.3894286617,0.439818181,0,0.1281994139,0.5570019246,0,0.760218768,False
6179,0,0.3868626881,0.439818181,0,0.1729151944,0.5570019246,0,0.7550374208,False
6180,0,0.5020448116,0.439818181,1,0.1883802492,0.5570019246,0,0.897140664,False
6181,1,0.6856124583,0.439818181,1,0.7830964943,0.5570019246,1,,False
6182,0,0.318798455,0.439818181,0,0.1694807469,0.5570019246,0,0.6340433698,False
6183,0,0.3566330989,0.439818181,0,0.1802998586,0.5570019246,0,0.7021684897,False
6184,0,0.08992201512,0.439818181,0,0.03927199208,0.5570019246,0,0.2294185377,False
6185,0,0.3315222851,0.439818181,0,0.1167832292,0.5570019246,0,0.657359432,False
6186,0,0.136966816,0.439818181,0,0.08476514882,0.5570019246,0,0.3069468432,False
6187,0,0.3512668353,0.439818181,0,0.1816979319,0.5570019246,0,0.6931491077,False
6188,0,0.2782871792,0.439818181,0,0.09470837259,0.5570019246,0,0.5550758012,False
6189,0,0.196667333,0.439818181,0,0.1053454278,0.5570019246,0,0.40769526,False
6190,0,0.03787027145,0.439818181,0,0.03553414628,0.5570019246,0,0.1302053349,False
6191,0,0.2675471805,0.439818181,0,0.3377635408,0.5570019246,0,0.5362694301,False
6192,0,0.5339153045,0.439818181,1,0.7279714084,0.5570019246,1,0.9226635962,True
6193,1,0.6555218194,0.439818181,1,0.4715948218,0.5570019246,0,,False
6194,1,0.6815498079,0.439818181,1,0.8898805612,0.5570019246,1,,False
6195,0,0.2301695415,0.439818181,0,0.4572578318,0.5570019246,0,0.4649779313,False
6196,0,0.1635226307,0.439818181,0,0.1351763156,0.5570019246,0,0.3495490309,False
6197,0,0.3161094117,0.439818181,0,0.1337115004,0.5570019246,0,0.629341777,False
6198,0,0.2941950737,0.439818181,0,0.6327261286,0.5570019246,1,0.585492228,False
6199,0,0.1663956896,0.439818181,0,0.09787284173,0.5570019246,0,0.3554020342,False
6200,0,0.1260744323,0.439818181,0,0.09643161056,0.5570019246,0,0.2889080791,False
6201,0,0.5731714233,0.439818181,1,0.3293540908,0.5570019246,0,0.9495298407,True
6202,0,0.6645530292,0.439818181,1,0.8365411667,0.5570019246,1,0.9833045481,True
6203,0,0.2397814431,0.439818181,0,0.0929787296,0.5570019246,0,0.4844559585,False
6204,1,0.6357596015,0.439818181,1,0.8287927493,0.5570019246,1,,False
6205,0,0.270076245,0.439818181,0,0.1632695524,0.5570019246,0,0.5400115141,False
6206,1,0.7302766938,0.439818181,1,0.919774783,0.5570019246,1,,False
6207,0,0.4690515735,0.439818181,1,0.2007315279,0.5570019246,0,0.8641335636,False
6208,0,0.4116767574,0.439818181,0,0.2495708566,0.5570019246,0,0.7940894262,False
6209,1,0.6636791004,0.439818181,1,0.7734846336,0.5570019246,1,,False
6210,0,0.3664040072,0.439818181,0,0.3360024983,0.5570019246,0,0.7207829591,False
6211,0,0.3070338063,0.439818181,0,0.1362285257,0.5570019246,0,0.611207062,False
6212,1,0.5133241541,0.439818181,1,0.8479600297,0.5570019246,1,,False
6213,0,0.2132670634,0.439818181,0,0.09438538676,0.5570019246,0,0.436480522,False
6214,0,0.3041183303,0.439818181,0,0.4218697751,0.5570019246,0,0.6048743044,False
6215,0,0.4201486871,0.439818181,0,0.2048224502,0.5570019246,0,0.8051237766,False
6216,0,0.3425655446,0.439818181,0,0.1196523,0.5570019246,0,0.6775091153,False
6217,1,0.5292314897,0.439818181,1,0.8404271946,0.5570019246,1,,False
6218,0,0.3847899155,0.439818181,0,0.1115569076,0.5570019246,0,0.7529265016,False
6219,0,0.402005959,0.439818181,0,0.2780400816,0.5570019246,0,0.7802725005,False
6220,0,0.3167045943,0.439818181,0,0.1436883018,0.5570019246,0,0.630876991,False
6221,0,0.3888916993,0.439818181,0,0.2051622052,0.5570019246,0,0.7589714066,False
6222,0,0.3775606705,0.439818181,0,0.1657663079,0.5570019246,0,0.7422759547,False
6223,1,0.6353030696,0.439818181,1,0.8790510451,0.5570019246,1,,False
6224,0,0.2398682655,0.439818181,0,0.1526698689,0.5570019246,0,0.4846478603,False
6225,0,0.546554511,0.439818181,1,0.2563085611,0.5570019246,0,0.9322586836,True
6226,0,0.4498122259,0.439818181,1,0.2268602968,0.5570019246,0,0.8423527154,False
6227,0,0.04679871065,0.439818181,0,0.02884805049,0.5570019246,0,0.1483400499,False
6228,0,0.3303538122,0.439818181,0,0.1289941661,0.5570019246,0,0.6549606601,False
6229,0,0.2124927846,0.439818181,0,0.1392934878,0.5570019246,0,0.4350412589,False
6230,0,0.2534548681,0.439818181,0,0.2911350989,0.5570019246,0,0.5092112838,False
6231,0,0.3028412127,0.439818181,0,0.4843558642,0.5570019246,0,0.602859336,False
6232,1,0.7527362261,0.439818181,1,0.941324946,0.5570019246,1,,False
6233,0,0.003942118231,0.439818181,0,0.01516749722,0.5570019246,0,0.02139704471,False
6234,0,0.1106827719,0.439818181,0,0.08037028292,0.5570019246,0,0.2645365573,False
6235,0,0.1520683244,0.439818181,0,0.1072756797,0.5570019246,0,0.3311264633,False
6236,0,0.5373133733,0.439818181,1,0.7956064518,0.5570019246,1,0.9256380733,True
6237,0,0.0352307571,0.439818181,0,0.03328516759,0.5570019246,0,0.123296872,False
6238,0,0.4003618434,0.439818181,0,0.1729404011,0.5570019246,0,0.7781615813,False
6239,1,0.652132214,0.439818181,1,0.8216114147,0.5570019246,1,,False
6240,1,0.6156975567,0.439818181,1,0.8933747411,0.5570019246,1,,False
6241,0,0.1816706163,0.439818181,0,0.2716308031,0.5570019246,0,0.381212819,False
6242,1,0.6320423978,0.439818181,1,0.6465064732,0.5570019246,1,,False
6243,1,0.6663271805,0.439818181,1,0.9053116926,0.5570019246,1,,False
6244,1,0.6677781703,0.439818181,1,0.8480741394,0.5570019246,1,,False
6245,0,0.1930892681,0.439818181,0,0.06672666685,0.5570019246,0,0.4005948954,False
6246,1,0.5469598631,0.439818181,1,0.4414134955,0.5570019246,0,,False
6247,0,0.2441095151,0.439818181,0,0.1177291165,0.5570019246,0,0.4927077336,False
6248,1,0.7309835361,0.439818181,1,0.8340537314,0.5570019246,1,,False
6249,0,0.3155922559,0.439818181,0,0.3235066464,0.5570019246,0,0.6283822683,False
6250,1,0.6054566704,0.439818181,1,0.7393696003,0.5570019246,1,,False
6251,0,0.4534997614,0.439818181,1,0.3708546579,0.5570019246,0,0.8469583573,False
6252,0,0.1530056363,0.439818181,0,0.09940512233,0.5570019246,0,0.3324697755,False
6253,0,0.2741491442,0.439818181,0,0.1767816458,0.5570019246,0,0.5471118787,False
6254,0,0.3282221853,0.439818181,0,0.2044999412,0.5570019246,0,0.6516023796,False
6255,0,0.2447757074,0.439818181,0,0.08639583238,0.5570019246,0,0.4944348494,False
6256,0,0.3566953739,0.439818181,0,0.2707080449,0.5570019246,0,0.7023603915,False
6257,0,0.2989113174,0.439818181,0,0.3046232312,0.5570019246,0,0.5962387258,False
6258,1,0.6232727149,0.439818181,1,0.8664403021,0.5570019246,1,,False
6259,0,0.4238680071,0.439818181,0,0.1735653349,0.5570019246,0,0.8097294185,False
6260,0,0.2599179574,0.439818181,0,0.1045712122,0.5570019246,0,0.5221646517,False
6261,0,0.02119237241,0.439818181,0,0.01853512213,0.5570019246,0,0.0877470735,False
6262,0,0.3156310576,0.439818181,0,0.200057416,0.5570019246,0,0.6284782192,False
6263,0,0.2640958787,0.439818181,0,0.09133865285,0.5570019246,0,0.5307042794,False
6264,0,0.4147293242,0.439818181,0,0.794273883,0.5570019246,1,0.7969679524,False
6265,0,0.7112689492,0.439818181,1,0.2090058271,0.5570019246,0,0.9942429476,True
6266,0,0.3793918319,0.439818181,0,0.187944841,0.5570019246,0,0.745826137,False
6267,0,0.2818245544,0.439818181,0,0.6295809483,0.5570019246,1,0.5616004606,False
6268,0,0.4479508556,0.439818181,1,0.2200842901,0.5570019246,0,0.8398579927,False
6269,0,0.157222332,0.439818181,0,0.08638280034,0.5570019246,0,0.3389944348,False
6270,1,0.669037282,0.439818181,1,0.7649477852,0.5570019246,1,,False
6271,1,0.6843196719,0.439818181,1,0.8969904407,0.5570019246,1,,False
6272,1,0.6177439824,0.439818181,1,0.6084006448,0.5570019246,1,,False
6273,0,0.2059145893,0.439818181,0,0.142568983,0.5570019246,0,0.4245826137,False
6274,0,0.2724555502,0.439818181,0,0.1297524166,0.5570019246,0,0.5436576473,False
6275,0,0.3832207941,0.439818181,0,0.1993271138,0.5570019246,0,0.7507196315,False
6276,0,0.1119147903,0.439818181,0,0.06363059851,0.5570019246,0,0.2669353291,False
6277,1,0.6353851657,0.439818181,1,0.8555481044,0.5570019246,1,,False
6278,0,0.4959608279,0.439818181,1,0.2032852341,0.5570019246,0,0.8905200537,False
6279,0,0.3361688971,0.439818181,0,0.3499772504,0.5570019246,0,0.666378814,False
6280,0,0.1025877806,0.439818181,0,0.1084632572,0.5570019246,0,0.2500479754,False
6281,0,0.3059993006,0.439818181,0,0.5169037914,0.5570019246,0,0.6091920936,False
6282,0,0.3085622727,0.439818181,0,0.1706577843,0.5570019246,0,0.6144693917,False
6283,1,0.5318109697,0.439818181,1,0.7660257171,0.5570019246,1,,False
6284,0,0.3787618134,0.439818181,0,0.1447442083,0.5570019246,0,0.7444828248,False
6285,0,0.4179086029,0.439818181,0,0.2313186739,0.5570019246,0,0.8014776434,False
6286,0,0.4102778432,0.439818181,0,0.2092147935,0.5570019246,0,0.7917866053,False
6287,0,0.4101706159,0.439818181,0,0.2454491498,0.5570019246,0,0.7915947035,False
6288,0,0.1483137384,0.439818181,0,0.05407979679,0.5570019246,0,0.3246977547,False
6289,0,0.3594978444,0.439818181,0,0.4588509884,0.5570019246,0,0.7076376895,False
6290,0,0.4336540034,0.439818181,0,0.7606338551,0.5570019246,1,0.8210516216,False
6291,1,0.5903301296,0.439818181,1,0.6121521787,0.5570019246,1,,False
6292,0,0.1563149219,0.439818181,0,0.09013624131,0.5570019246,0,0.3371713683,False
6293,1,0.5455993715,0.439818181,1,0.6758747758,0.5570019246,1,,False
6294,1,0.5560832874,0.439818181,1,0.7050900747,0.5570019246,1,,False
6295,0,0.06451520026,0.439818181,0,0.03214275447,0.5570019246,0,0.1837459221,False
6296,0,0.5147332465,0.439818181,1,0.7667965905,0.5570019246,1,0.9079831126,True
6297,0,0.6626322114,0.439818181,1,0.4269047195,0.5570019246,0,0.9827288428,True
6298,0,0.2691709797,0.439818181,0,0.2319719402,0.5570019246,0,0.5387641528,False
6299,0,0.5856621035,0.439818181,1,0.2407764708,0.5570019246,0,0.9560545001,True
6300,0,0.2333371642,0.439818181,0,0.1450764746,0.5570019246,0,0.4714066398,False
6301,0,0.455464953,0.439818181,1,0.1504036064,0.5570019246,0,0.8498368835,False
6302,0,0.3724182442,0.439818181,0,0.490342638,0.5570019246,0,0.7327768183,False
6303,1,0.5932355177,0.439818181,1,0.8138529907,0.5570019246,1,,False
6304,0,0.3488955661,0.439818181,0,0.1690278089,0.5570019246,0,0.6899827288,False
6305,0,0.3702968383,0.439818181,0,0.5001342499,0.5570019246,0,0.727691422,False
6306,0,0.3174349014,0.439818181,0,0.5810717369,0.5570019246,1,0.6322203032,False
6307,1,0.7076812809,0.439818181,1,0.86678763,0.5570019246,1,,False
6308,1,0.5588403664,0.439818181,1,0.8173666025,0.5570019246,1,,False
6309,0,0.2459673908,0.439818181,0,0.1075877597,0.5570019246,0,0.4957781616,False
6310,1,0.524351672,0.439818181,1,0.4378946239,0.5570019246,0,,False
6311,1,0.5349739309,0.439818181,1,0.427937493,0.5570019246,0,,False
6312,0,0.6651393818,0.439818181,1,0.4451684858,0.5570019246,0,0.9836883516,True
6313,1,0.8266063188,0.439818181,1,0.9491785624,0.5570019246,1,,False
6314,1,0.501154435,0.439818181,1,0.4158354198,0.5570019246,0,,False
6315,0,0.3656649626,0.439818181,0,0.1377155508,0.5570019246,0,0.7192477452,False
6316,0,0.04965370983,0.439818181,0,0.03932118459,0.5570019246,0,0.1537132988,False
6317,0,0.2963527327,0.439818181,0,0.1638702433,0.5570019246,0,0.5900978699,False
6318,1,0.7295725283,0.439818181,1,0.9070592543,0.5570019246,1,,False
6319,1,0.6158083128,0.439818181,1,0.8187000591,0.5570019246,1,,False
6320,0,0.3869250373,0.439818181,0,0.2243355003,0.5570019246,0,0.7552293226,False
6321,0,0.3076104255,0.439818181,0,0.1189091318,0.5570019246,0,0.6128382268,False
6322,0,0.07721944234,0.439818181,0,0.03118362591,0.5570019246,0,0.208021493,False
6323,0,0.361646608,0.439818181,0,0.3912355311,0.5570019246,0,0.7124352332,False
6324,0,0.07226589736,0.439818181,0,0.03799439332,0.5570019246,0,0.1982345039,False
6325,0,0.1606461847,0.439818181,0,0.1782849853,0.5570019246,0,0.3452312416,False
6326,0,0.3554717257,0.439818181,0,0.1034104911,0.5570019246,0,0.6998656688,False
6327,0,0.1798595194,0.439818181,0,0.3173038384,0.5570019246,0,0.3779504893,False
6328,0,0.3453120048,0.439818181,0,0.177409621,0.5570019246,0,0.683841873,False
6329,0,0.3495599307,0.439818181,0,0.5462784294,0.5570019246,0,0.6908462867,False
6330,1,0.5466934455,0.439818181,1,0.8260639476,0.5570019246,1,,False
6331,0,0.3304752508,0.439818181,0,0.1848741549,0.5570019246,0,0.6555363654,False
6332,1,0.6712775876,0.439818181,1,0.4919318746,0.5570019246,0,,False
6333,1,0.7819318481,0.439818181,1,0.5452611577,0.5570019246,0,,False
6334,0,0.3443915937,0.439818181,0,0.1616249041,0.5570019246,0,0.6821147572,False
6335,0,0.07507789774,0.439818181,0,0.03504379829,0.5570019246,0,0.2041834581,False
6336,0,0.3390057212,0.439818181,0,0.1883376255,0.5570019246,0,0.6713682595,False
6337,0,0.3331744254,0.439818181,0,0.1901784143,0.5570019246,0,0.6606217617,False
6338,1,0.6660152332,0.439818181,1,0.700838205,0.5570019246,1,,False
6339,1,0.4213741942,0.439818181,0,0.5906481878,0.5570019246,1,,False
6340,0,0.2498888683,0.439818181,0,0.4854508191,0.5570019246,0,0.5028785262,False
6341,0,0.1578160278,0.439818181,0,0.09817860619,0.5570019246,0,0.3402417962,False
6342,0,0.2034257241,0.439818181,0,0.2943104817,0.5570019246,0,0.420552677,False
6343,0,0.05541886945,0.439818181,0,0.03327856687,0.5570019246,0,0.1651314527,False
6344,0,0.3396065194,0.439818181,0,0.2325990586,0.5570019246,0,0.6727115717,False
6345,0,0.453351652,0.439818181,1,0.2210337218,0.5570019246,0,0.8467664556,False
6346,0,0.04369199164,0.439818181,0,0.03633531956,0.5570019246,0,0.1418153905,False
6347,0,0.1113768084,0.439818181,0,0.05520449214,0.5570019246,0,0.265496066,False
6348,0,0.4244525756,0.439818181,0,0.5561035579,0.5570019246,0,0.8105929764,False
6349,0,0.5058257309,0.439818181,1,0.2432007348,0.5570019246,0,0.9004989445,True
6350,0,0.1941386972,0.439818181,0,0.07375752838,0.5570019246,0,0.403185569,False
6351,0,0.5815590081,0.439818181,1,0.8002516652,0.5570019246,1,0.9539435809,True
6352,0,0.4350837659,0.439818181,0,0.2023609872,0.5570019246,0,0.8233544425,False
6353,0,0.1199283645,0.439818181,0,0.05351790118,0.5570019246,0,0.279888697,False
6354,0,0.3374960179,0.439818181,0,0.1745677883,0.5570019246,0,0.6685856841,False
6355,0,0.2034937076,0.439818181,0,0.495548522,0.5570019246,0,0.4207445788,False
6356,0,0.2835526281,0.439818181,0,0.1230330634,0.5570019246,0,0.5649587411,False
6357,0,0.2779378173,0.439818181,0,0.2320309936,0.5570019246,0,0.5538284398,False
6358,0,0.1870094312,0.439818181,0,0.05449334092,0.5570019246,0,0.3891767415,False
6359,0,0.236796297,0.439818181,0,0.1885800997,0.5570019246,0,0.4779312992,False
6360,0,0.2547190714,0.439818181,0,0.4217549096,0.5570019246,0,0.5119938591,False
6361,1,0.6310139527,0.439818181,1,0.8787053515,0.5570019246,1,,False
6362,1,0.6138162679,0.439818181,1,0.5396008002,0.5570019246,0,,False
6363,1,0.7934153411,0.439818181,1,0.8552617009,0.5570019246,1,,False
6364,0,0.2826628843,0.439818181,0,0.1644782835,0.5570019246,0,0.5631356745,False
6365,0,0.2306368973,0.439818181,0,0.1311791168,0.5570019246,0,0.46593744,False
6366,0,0.2968249722,0.439818181,0,0.1685315503,0.5570019246,0,0.5913452312,False
6367,0,0.08974006511,0.439818181,0,0.05213906904,0.5570019246,0,0.2290347342,False
6368,0,0.3611981368,0.439818181,0,0.1481452172,0.5570019246,0,0.7113797736,False
6369,0,0.3949980833,0.439818181,0,0.1596396789,0.5570019246,0,0.7695260027,False
6370,0,0.02327267717,0.439818181,0,0.01958033741,0.5570019246,0,0.09374400307,False
6371,0,0.5434688595,0.439818181,1,0.2989159515,0.5570019246,0,0.9299558626,True
6372,1,0.6640339872,0.439818181,1,0.7353675369,0.5570019246,1,,False
6373,0,0.2437627437,0.439818181,0,0.1667813993,0.5570019246,0,0.4920360775,False
6374,0,0.2974142715,0.439818181,0,0.1542843404,0.5570019246,0,0.593072347,False
6375,1,0.6635009449,0.439818181,1,0.67024523,0.5570019246,1,,False
6376,0,0.03143123142,0.439818181,0,0.01865670544,0.5570019246,0,0.1130301286,False
6377,0,0.6325490876,0.439818181,1,0.1949113973,0.5570019246,0,0.973517559,True
6378,0,0.3825036882,0.439818181,0,0.1184509998,0.5570019246,0,0.7497601228,False
6379,0,0.3381318093,0.439818181,0,0.2684867839,0.5570019246,0,0.6698330455,False
6380,0,0.4210049253,0.439818181,0,0.1882782213,0.5570019246,0,0.8060832854,False
6381,0,0.2683148832,0.439818181,0,0.1718164902,0.5570019246,0,0.5373248897,False
6382,0,0.4316451334,0.439818181,0,0.225525948,0.5570019246,0,0.8186528497,False
6383,0,0.03567158826,0.439818181,0,0.01847356792,0.5570019246,0,0.124832086,False
6384,0,0.2860643083,0.439818181,0,0.1878349609,0.5570019246,0,0.5693724813,False
6385,0,0.2639983403,0.439818181,0,0.1339468329,0.5570019246,0,0.5305123777,False
6386,0,0.4481047005,0.439818181,1,0.2090837953,0.5570019246,0,0.8400498945,False
6387,0,0.4419608144,0.439818181,1,0.7982666181,0.5570019246,1,0.8325657263,False
6388,1,0.4719608733,0.439818181,1,0.7075344086,0.5570019246,1,,False
6389,0,0.2735382969,0.439818181,0,0.250048831,0.5570019246,0,0.5454807139,False
6390,0,0.3047955523,0.439818181,0,0.3706871277,0.5570019246,0,0.6068892727,False
6391,0,0.2533319511,0.439818181,0,0.06533011854,0.5570019246,0,0.5088274803,False
6392,1,0.6039549168,0.439818181,1,0.8367614223,0.5570019246,1,,False
6393,0,0.07604418353,0.439818181,0,0.04215343352,0.5570019246,0,0.2056227212,False
6394,0,0.2976808955,0.439818181,0,0.145942468,0.5570019246,0,0.5935521013,False
6395,0,0.2591045,0.439818181,0,0.1385532415,0.5570019246,0,0.5208213395,False
6396,0,0.5992775115,0.439818181,1,0.1359010669,0.5570019246,0,0.9618115525,True
6397,0,0.2539896223,0.439818181,0,0.1047667986,0.5570019246,0,0.5107464978,False
6398,0,0.4358928857,0.439818181,0,0.3687705026,0.5570019246,0,0.824505853,False
6399,1,0.8367992343,0.439818181,1,0.9564865591,0.5570019246,1,,False
6400,0,0.1905712874,0.439818181,0,0.1051733566,0.5570019246,0,0.3957014009,False
6401,0,0.246664887,0.439818181,0,0.08781739463,0.5570019246,0,0.4974093264,False
6402,0,0.2257625629,0.439818181,0,0.1406813546,0.5570019246,0,0.4573018614,False
6403,0,0.03332944892,0.439818181,0,0.01628120432,0.5570019246,0,0.1181155249,False
6404,1,0.6642906854,0.439818181,1,0.7338823651,0.5570019246,1,,False
6405,0,0.1576885726,0.439818181,0,0.141060713,0.5570019246,0,0.3399539436,False
6406,0,0.4814910497,0.439818181,1,0.3265357199,0.5570019246,0,0.8777585876,False
6407,1,0.7766000239,0.439818181,1,0.9197495268,0.5570019246,1,,False
6408,0,0.3537931513,0.439818181,0,0.6638324793,0.5570019246,1,0.6966033391,False
6409,0,0.2473047001,0.439818181,0,0.09127242428,0.5570019246,0,0.4987526386,False
6410,1,0.7421551864,0.439818181,1,0.9011085028,0.5570019246,1,,False
6411,0,0.2818783152,0.439818181,0,0.1811602027,0.5570019246,0,0.5617923623,False
6412,1,0.5954872779,0.439818181,1,0.8183663938,0.5570019246,1,,False
6413,0,0.2940047038,0.439818181,0,0.2191681052,0.5570019246,0,0.5850124736,False
6414,0,0.4019796602,0.439818181,0,0.4433602804,0.5570019246,0,0.7800805987,False
6415,0,0.07939772883,0.439818181,0,0.06181555314,0.5570019246,0,0.2111878718,False
6416,0,0.06656526235,0.439818181,0,0.06110654193,0.5570019246,0,0.188351564,False
6417,0,0.4157866028,0.439818181,0,0.7410297396,0.5570019246,1,0.7988869699,False
6418,0,0.02872986756,0.439818181,0,0.01267352099,0.5570019246,0,0.105929764,False
6419,1,0.5945030705,0.439818181,1,0.8225064657,0.5570019246,1,,False
6420,0,0.576471555,0.439818181,1,0.1602718295,0.5570019246,0,0.9519286126,True
6421,0,0.2539282785,0.439818181,0,0.144683505,0.5570019246,0,0.5104586452,False
6422,0,0.3052888818,0.439818181,0,0.4240465363,0.5570019246,0,0.6078487814,False
6423,1,0.5458211887,0.439818181,1,0.6355254418,0.5570019246,1,,False
6424,0,0.3542938678,0.439818181,0,0.1505475282,0.5570019246,0,0.6976587987,False
6425,0,0.2025651781,0.439818181,0,0.1461880053,0.5570019246,0,0.4193053157,False
6426,0,0.3776957604,0.439818181,0,0.1463744751,0.5570019246,0,0.7425638073,False
6427,0,0.2537017504,0.439818181,0,0.1689704889,0.5570019246,0,0.5098829399,False
6428,0,0.2575578191,0.439818181,0,0.08924945806,0.5570019246,0,0.5179428133,False
6429,0,0.4622539771,0.439818181,1,0.3066989469,0.5570019246,0,0.8558817885,False
6430,0,0.5196043559,0.439818181,1,0.8108171214,0.5570019246,1,0.9124928037,True
6431,0,0.2846866335,0.439818181,0,0.5138206232,0.5570019246,0,0.5668777586,False
6432,1,0.7777851156,0.439818181,1,0.9346117605,0.5570019246,1,,False
6433,0,0.3910369171,0.439818181,0,0.1133986176,0.5570019246,0,0.7626175398,False
6434,1,0.4784785181,0.439818181,1,0.471600904,0.5570019246,0,,False
6435,0,0.2626259845,0.439818181,0,0.1538746835,0.5570019246,0,0.528017655,False
6436,0,0.2987668291,0.439818181,0,0.6088110041,0.5570019246,1,0.5957589714,False
6437,0,0.273955281,0.439818181,0,0.1167352256,0.5570019246,0,0.5466321244,False
6438,0,0.471558146,0.439818181,1,0.1598275475,0.5570019246,0,0.8672039916,False
6439,0,0.3432985084,0.439818181,0,0.1284895201,0.5570019246,0,0.6790443293,False
6440,0,0.2287738597,0.439818181,0,0.1865782292,0.5570019246,0,0.4619075034,False
6441,1,0.4966440469,0.439818181,1,0.7700608264,0.5570019246,1,,False
6442,1,0.7103457668,0.439818181,1,0.8833098308,0.5570019246,1,,False
6443,0,0.4692352663,0.439818181,1,0.08809567784,0.5570019246,0,0.8644214162,False
6444,0,0.4156861774,0.439818181,0,0.2128729097,0.5570019246,0,0.7985991173,False
6445,0,0.4299719739,0.439818181,0,0.2891259302,0.5570019246,0,0.816158127,False
6446,0,0.3122585401,0.439818181,0,0.2800575362,0.5570019246,0,0.6211859528,False
6447,0,0.4214841774,0.439818181,0,0.1676558339,0.5570019246,0,0.8066589906,False
6448,0,0.2031314884,0.439818181,0,0.4548229305,0.5570019246,0,0.4199769718,False
6449,0,0.2178640017,0.439818181,0,0.09377947001,0.5570019246,0,0.4447322971,False
6450,1,0.4791622739,0.439818181,1,0.8066190333,0.5570019246,1,,False
6451,0,0.3293640081,0.439818181,0,0.2137755461,0.5570019246,0,0.6540011514,False
6452,0,0.2769220904,0.439818181,0,0.1070555893,0.5570019246,0,0.5523891767,False
6453,1,0.5896837954,0.439818181,1,0.6452470376,0.5570019246,1,,False
6454,0,0.3966304596,0.439818181,0,0.1445224661,0.5570019246,0,0.7716369219,False
6455,0,0.5436918354,0.439818181,1,0.5618641961,0.5570019246,1,0.9301477643,True
6456,0,0.351242941,0.439818181,0,0.195641518,0.5570019246,0,0.6929572059,False
6457,0,0.4509121009,0.439818181,1,0.1897172925,0.5570019246,0,0.8437919785,False
6458,0,0.4467345105,0.439818181,1,0.5428654311,0.5570019246,0,0.8385146805,False
6459,0,0.5290452179,0.439818181,1,0.235980183,0.5570019246,0,0.9198810209,True
6460,0,0.3579852449,0.439818181,0,0.3505389153,0.5570019246,0,0.7052389177,False
6461,0,0.02578400273,0.439818181,0,0.03013407747,0.5570019246,0,0.09930915371,False
6462,1,0.5841300679,0.439818181,1,0.8304805525,0.5570019246,1,,False
6463,0,0.3477505529,0.439818181,0,0.4131502466,0.5570019246,0,0.6878718096,False
6464,0,0.5642957102,0.439818181,1,0.1723437818,0.5570019246,0,0.9445403953,True
6465,0,0.3876067876,0.439818181,0,0.1754494156,0.5570019246,0,0.7562847822,False
6466,0,0.1643027332,0.439818181,0,0.0933343967,0.5570019246,0,0.3507963922,False
6467,0,0.2928002085,0.439818181,0,0.1835141843,0.5570019246,0,0.5829015544,False
6468,1,0.6718612235,0.439818181,1,0.7617257086,0.5570019246,1,,False
6469,0,0.4150356634,0.439818181,0,0.155735409,0.5570019246,0,0.7973517559,False
6470,1,0.5434586509,0.439818181,1,0.7524191445,0.5570019246,1,,False
6471,0,0.08441432043,0.439818181,0,0.04357624438,0.5570019246,0,0.2203032048,False
6472,0,0.440081278,0.439818181,1,0.2107786815,0.5570019246,0,0.8295912493,False
6473,0,0.2675585926,0.439818181,0,0.1681432904,0.5570019246,0,0.5364613318,False
6474,0,0.4250178554,0.439818181,0,0.6112703352,0.5570019246,1,0.8114565343,False
6475,0,0.3065534555,0.439818181,0,0.3847476158,0.5570019246,0,0.610439455,False
6476,0,0.0374060233,0.439818181,0,0.04115421375,0.5570019246,0,0.1294377279,False
6477,1,0.4958504248,0.439818181,1,0.6457947364,0.5570019246,1,,False
6478,1,0.7081295668,0.439818181,1,0.842373697,0.5570019246,1,,False
6479,0,0.1683145913,0.439818181,0,0.108642588,0.5570019246,0,0.3583765112,False
6480,0,0.5953156776,0.439818181,1,0.710331046,0.5570019246,1,0.9601803876,True
6481,0,0.6932059142,0.439818181,1,0.3810990411,0.5570019246,0,0.9909806179,True
6482,0,0.1619270116,0.439818181,0,0.05405851225,0.5570019246,0,0.3473421608,False
6483,0,0.3325962451,0.439818181,0,0.1537218385,0.5570019246,0,0.6598541547,False
6484,0,0.5343581915,0.439818181,1,0.1265835721,0.5570019246,0,0.9229514489,True
6485,0,0.5641924653,0.439818181,1,0.2762682031,0.5570019246,0,0.9444444444,True
6486,0,0.07110259846,0.439818181,0,0.03771422236,0.5570019246,0,0.1966033391,False
6487,0,0.25291399,0.439818181,0,0.1628835786,0.5570019246,0,0.5082517751,False
6488,0,0.2314388316,0.439818181,0,0.1931475776,0.5570019246,0,0.4676645557,False
6489,0,0.3434507504,0.439818181,0,0.4823609139,0.5570019246,0,0.6795240837,False
6490,0,0.3433776162,0.439818181,0,0.2851878486,0.5570019246,0,0.6793321819,False
6491,0,0.2464377608,0.439818181,0,0.1947929869,0.5570019246,0,0.4968336212,False
6492,0,0.4229481545,0.439818181,0,0.1165620464,0.5570019246,0,0.8082901554,False
6493,0,0.2710894,0.439818181,0,0.1436841351,0.5570019246,0,0.5417386298,False
6494,0,0.2366042741,0.439818181,0,0.1844383225,0.5570019246,0,0.4773555939,False
6495,1,0.5609564024,0.439818181,1,0.6912345226,0.5570019246,1,,False
6496,0,0.4946342825,0.439818181,1,0.1787681931,0.5570019246,0,0.8891767415,False
6497,0,0.08471661529,0.439818181,0,0.03669303453,0.5570019246,0,0.2210708117,False
6498,0,0.2779707627,0.439818181,0,0.1253594201,0.5570019246,0,0.5541162925,False
6499,0,0.1893337832,0.439818181,0,0.1265477819,0.5570019246,0,0.3934945308,False
6500,0,0.502020614,0.439818181,1,0.6405745377,0.5570019246,1,0.8970447131,False
6501,0,0.3432595857,0.439818181,0,0.1794344326,0.5570019246,0,0.6789483784,False
6502,1,0.5105130798,0.439818181,1,0.8237073773,0.5570019246,1,,False
6503,0,0.2836323872,0.439818181,0,0.2302531141,0.5570019246,0,0.5653425446,False
6504,0,0.1246228153,0.439818181,0,0.4286042842,0.5570019246,0,0.2858376511,False
6505,0,0.6713568077,0.439818181,1,0.3393301131,0.5570019246,0,0.985607369,True
6506,1,0.7920386939,0.439818181,1,0.9518462768,0.5570019246,1,,False
6507,0,0.3755692944,0.439818181,0,0.2445500705,0.5570019246,0,0.7384379198,False
6508,0,0.01736195878,0.439818181,0,0.02466877148,0.5570019246,0,0.0764728459,False
6509,0,0.2604451362,0.439818181,0,0.5794408341,0.5570019246,1,0.5227403569,False
6510,0,0.3317518601,0.439818181,0,0.1543144551,0.5570019246,0,0.6578391863,False
6511,0,0.3490392869,0.439818181,0,0.1627561791,0.5570019246,0,0.6900786797,False
6512,0,0.2958362848,0.439818181,0,0.1589056472,0.5570019246,0,0.5888505085,False
6513,0,0.3433994691,0.439818181,0,0.1805346806,0.5570019246,0,0.6794281328,False
6514,0,0.4845146341,0.439818181,1,0.298425086,0.5570019246,0,0.8801573594,False
6515,0,0.1174776454,0.439818181,0,0.079933414,0.5570019246,0,0.2771061217,False
6516,0,0.1321507212,0.439818181,0,0.06591976218,0.5570019246,0,0.2998464786,False
6517,0,0.07965703205,0.439818181,0,0.05559724655,0.5570019246,0,0.2119554788,False
6518,0,0.2739011061,0.439818181,0,0.130592581,0.5570019246,0,0.5464402226,False
6519,0,0.3425431289,0.439818181,0,0.1492835931,0.5570019246,0,0.6774131645,False
6520,0,0.1847336192,0.439818181,0,0.1004671502,0.5570019246,0,0.3853387066,False
6521,0,0.3007214916,0.439818181,0,0.5175779677,0.5570019246,0,0.5994051046,False
6522,1,0.6484088115,0.439818181,1,0.9118331546,0.5570019246,1,,False
6523,0,0.2015925023,0.439818181,0,0.2071672818,0.5570019246,0,0.4171943965,False
6524,1,0.4145743625,0.439818181,0,0.7585433941,0.5570019246,1,,False
6525,0,0.1773888646,0.439818181,0,0.1114435702,0.5570019246,0,0.3727691422,False
6526,0,0.32779658,0.439818181,0,0.4485480806,0.5570019246,0,0.6508347726,False
6527,0,0.2966863005,0.439818181,0,0.2367161759,0.5570019246,0,0.5910573786,False
6528,0,0.5404306545,0.439818181,1,0.2478952598,0.5570019246,0,0.9277489925,True
6529,0,0.2401646153,0.439818181,0,0.1456886898,0.5570019246,0,0.4854154673,False
6530,0,0.4823593827,0.439818181,1,0.28273672,0.5570019246,0,0.8783342928,False
6531,0,0.2307091609,0.439818181,0,0.1339799651,0.5570019246,0,0.4662252927,False
6532,0,0.3099031076,0.439818181,0,0.2609333587,0.5570019246,0,0.61648436,False
6533,0,0.2446448154,0.439818181,0,0.1117018155,0.5570019246,0,0.4942429476,False
6534,0,0.1568340647,0.439818181,0,0.08256609256,0.5570019246,0,0.338130877,False
6535,0,0.3202482373,0.439818181,0,0.4919344315,0.5570019246,0,0.636921896,False
6536,0,0.2416417539,0.439818181,0,0.2489388261,0.5570019246,0,0.4881980426,False
6537,0,0.2724809248,0.439818181,0,0.2070821415,0.5570019246,0,0.5437535982,False
6538,0,0.130412227,0.439818181,0,0.02323514496,0.5570019246,0,0.2971598542,False
6539,0,0.01357061538,0.439818181,0,0.01249457607,0.5570019246,0,0.061648436,False
6540,1,0.6249027262,0.439818181,1,0.5299001805,0.5570019246,0,,False
6541,0,0.130222188,0.439818181,0,0.07701906779,0.5570019246,0,0.2967760507,False
6542,1,0.5702726592,0.439818181,1,0.8248472112,0.5570019246,1,,False
6543,0,0.3210021125,0.439818181,0,0.1502386018,0.5570019246,0,0.6385530608,False
6544,0,0.1599514599,0.439818181,0,0.09300613807,0.5570019246,0,0.344175782,False
6545,0,0.1591717166,0.439818181,0,0.05802062624,0.5570019246,0,0.3422567645,False
6546,1,0.5794815452,0.439818181,1,0.6884103513,0.5570019246,1,,False
6547,0,0.2762440713,0.439818181,0,0.1296364694,0.5570019246,0,0.5505661102,False
6548,1,0.6944658964,0.439818181,1,0.8893663631,0.5570019246,1,,False
6549,0,0.2929413901,0.439818181,0,0.1079095524,0.5570019246,0,0.583189407,False
6550,0,0.1574901605,0.439818181,0,0.2562505847,0.5570019246,0,0.3393782383,False
6551,0,0.2391875629,0.439818181,0,0.1646856563,0.5570019246,0,0.4830166955,False
6552,0,0.1150806608,0.439818181,0,0.3739951166,0.5570019246,0,0.2721166763,False
6553,0,0.1619347603,0.439818181,0,0.08801319346,0.5570019246,0,0.3474381117,False
6554,0,0.3292714521,0.439818181,0,0.1585232913,0.5570019246,0,0.6538092497,False
6555,0,0.3453928699,0.439818181,0,0.1494436043,0.5570019246,0,0.6839378238,False
6556,0,0.3741801929,0.439818181,0,0.1940302175,0.5570019246,0,0.7358472462,False
6557,0,0.4079178492,0.439818181,0,0.1812475089,0.5570019246,0,0.7878526195,False
6558,0,0.4327524598,0.439818181,0,0.2259440553,0.5570019246,0,0.8195164076,False
6559,0,0.3617430458,0.439818181,0,0.1348226308,0.5570019246,0,0.7127230858,False
6560,0,0.3760353641,0.439818181,0,0.3704858551,0.5570019246,0,0.7395893303,False
6561,0,0.3182805797,0.439818181,0,0.105567462,0.5570019246,0,0.6331798119,False
6562,1,0.5617886253,0.439818181,1,0.3787768499,0.5570019246,0,,False
6563,0,0.2513236233,0.439818181,0,0.2164444792,0.5570019246,0,0.5053732489,False
6564,1,0.6201858568,0.439818181,1,0.8579609644,0.5570019246,1,,False
6565,0,0.480562877,0.439818181,1,0.1711504924,0.5570019246,0,0.8768950297,False
6566,0,0.1351646868,0.439818181,0,0.06073009925,0.5570019246,0,0.3045480714,False
6567,0,0.2774037443,0.439818181,0,0.4677353079,0.5570019246,0,0.5531567837,False
6568,0,0.4920950892,0.439818181,1,0.5489560458,0.5570019246,0,0.8863941662,False
6569,1,0.6979684918,0.439818181,1,0.7174533152,0.5570019246,1,,False
6570,0,0.2427221676,0.439818181,0,0.0757702607,0.5570019246,0,0.4906927653,False
6571,0,0.06198615416,0.439818181,0,0.03433621278,0.5570019246,0,0.1798119363,False
6572,0,0.3777034921,0.439818181,0,0.1486495376,0.5570019246,0,0.7426597582,False
6573,0,0.4707357146,0.439818181,1,0.1825908219,0.5570019246,0,0.8659566302,False
6574,0,0.450545844,0.439818181,1,0.2110992119,0.5570019246,0,0.8435041259,False
6575,0,0.185246322,0.439818181,0,0.1172983436,0.5570019246,0,0.3860103627,False
6576,0,0.4113585135,0.439818181,0,0.3645906643,0.5570019246,0,0.7938015736,False
6577,0,0.3426010223,0.439818181,0,0.114636928,0.5570019246,0,0.6776050662,False
6578,0,0.01728972175,0.439818181,0,0.0183494911,0.5570019246,0,0.07637689503,False
6579,1,0.4300615053,0.439818181,0,0.7556758853,0.5570019246,1,,False
6580,0,0.1066829465,0.439818181,0,0.07953505837,0.5570019246,0,0.2574361927,False
6581,0,0.4160699935,0.439818181,0,0.1863088045,0.5570019246,0,0.7990788716,False
6582,0,0.412887599,0.439818181,0,0.145004603,0.5570019246,0,0.7948570332,False
6583,0,0.2412927086,0.439818181,0,0.1365072933,0.5570019246,0,0.4873344847,False
6584,1,0.5283056179,0.439818181,1,0.8061523013,0.5570019246,1,,False
6585,0,0.280689596,0.439818181,0,0.1145128799,0.5570019246,0,0.5599692957,False
6586,0,0.3928113607,0.439818181,0,0.1477292073,0.5570019246,0,0.7656879678,False
6587,0,0.1596053153,0.439818181,0,0.06257535009,0.5570019246,0,0.3433122241,False
6588,1,0.4584694659,0.439818181,1,0.6562904438,0.5570019246,1,,False
6589,0,0.2370052231,0.439818181,0,0.5950237777,0.5570019246,1,0.4784110535,False
6590,0,0.311155392,0.439818181,0,0.2649342277,0.5570019246,0,0.6185952792,False
6591,0,0.4093248964,0.439818181,0,0.18907215,0.5570019246,0,0.7902513913,False
6592,0,0.2569389742,0.439818181,0,0.1215449537,0.5570019246,0,0.5169833045,False
6593,0,0.4541667251,0.439818181,1,0.1804313659,0.5570019246,0,0.8480138169,False
6594,0,0.2329198091,0.439818181,0,0.1475435494,0.5570019246,0,0.4709268854,False
6595,0,0.3289399446,0.439818181,0,0.08023491607,0.5570019246,0,0.6531375936,False
6596,0,0.2672130334,0.439818181,0,0.1906977215,0.5570019246,0,0.5360775283,False
6597,0,0.3792608387,0.439818181,0,0.561008687,0.5570019246,1,0.7455382844,False
6598,1,0.553285525,0.439818181,1,0.8416430448,0.5570019246,1,,False
6599,0,0.3372779177,0.439818181,0,0.2287919074,0.5570019246,0,0.6682018806,False
6600,0,0.3753909704,0.439818181,0,0.1697183566,0.5570019246,0,0.7378622145,False
6601,0,0.06629520355,0.439818181,0,0.04273596905,0.5570019246,0,0.1878718096,False
6602,0,0.4281159575,0.439818181,0,0.4453456588,0.5570019246,0,0.8146229131,False
6603,0,0.3852831199,0.439818181,0,0.1672486909,0.5570019246,0,0.753406256,False
6604,0,0.3776484345,0.439818181,0,0.4714829653,0.5570019246,0,0.7424678565,False
6605,0,0.420241889,0.439818181,0,0.2327760354,0.5570019246,0,0.8052197275,False
6606,0,0.3435085624,0.439818181,0,0.5114170079,0.5570019246,0,0.6799078872,False
6607,0,0.519083332,0.439818181,1,0.277370216,0.5570019246,0,0.9119170984,True
6608,0,0.3588201334,0.439818181,0,0.4613877328,0.5570019246,0,0.7069660334,False
6609,0,0.4081836581,0.439818181,0,0.2845847573,0.5570019246,0,0.7884283247,False
6610,0,0.1864633904,0.439818181,0,0.09664680721,0.5570019246,0,0.3879293802,False
6611,0,0.4139714234,0.439818181,0,0.4496404852,0.5570019246,0,0.7957205911,False
6612,0,0.06915319941,0.439818181,0,0.04512622117,0.5570019246,0,0.1930531568,False
6613,0,0.602465177,0.439818181,1,0.185833977,0.5570019246,0,0.9634427173,True
6614,1,0.7895759671,0.439818181,1,0.8772406418,0.5570019246,1,,False
6615,1,0.6362273489,0.439818181,1,0.9068203801,0.5570019246,1,,False
6616,1,0.3293867442,0.439818181,0,0.7752629339,0.5570019246,1,,False
6617,1,0.6182607312,0.439818181,1,0.6097395324,0.5570019246,1,,False
6618,1,0.6494600009,0.439818181,1,0.9470642317,0.5570019246,1,,False
6619,0,0.2089185635,0.439818181,0,0.1662632207,0.5570019246,0,0.4297639609,False
6620,1,0.6183132859,0.439818181,1,0.6979289072,0.5570019246,1,,False
6621,0,0.3452055941,0.439818181,0,0.09657848411,0.5570019246,0,0.6835540203,False
6622,0,0.4990649077,0.439818181,1,0.1833391189,0.5570019246,0,0.8943580887,False
6623,0,0.4144308844,0.439818181,0,0.1244792646,0.5570019246,0,0.796488198,False
6624,0,0.3130255727,0.439818181,0,0.6384543854,0.5570019246,1,0.6232009211,False
6625,0,0.3646393509,0.439818181,0,0.2135319601,0.5570019246,0,0.7180963347,False
6626,0,0.4379234066,0.439818181,0,0.2095267018,0.5570019246,0,0.8267127231,False
6627,1,0.4695440973,0.439818181,1,0.8136861761,0.5570019246,1,,False
6628,0,0.4560006435,0.439818181,1,0.1994529988,0.5570019246,0,0.850220687,False
6629,0,0.1672982319,0.439818181,0,0.06566105013,0.5570019246,0,0.3565534446,False
6630,0,0.4398462941,0.439818181,1,0.2425394926,0.5570019246,0,0.8288236423,False
6631,0,0.01503140077,0.439818181,0,0.01670216908,0.5570019246,0,0.06764536557,False
6632,0,0.5245310545,0.439818181,1,0.5616846353,0.5570019246,1,0.9165227404,True
6633,0,0.09545166,0.439818181,0,0.06983557404,0.5570019246,0,0.2388217233,False
6634,0,0.2422848487,0.439818181,0,0.09733474093,0.5570019246,0,0.4897332566,False
6635,0,0.608438582,0.439818181,1,0.3335658606,0.5570019246,0,0.9656495874,True
6636,0,0.3680544214,0.439818181,0,0.5299751522,0.5570019246,0,0.7244290923,False
6637,0,0.1547952902,0.439818181,0,0.08849423408,0.5570019246,0,0.3350604491,False
6638,0,0.1467668755,0.439818181,0,0.06715160466,0.5570019246,0,0.322203032,False
6639,0,0.3134810523,0.439818181,0,0.4529146568,0.5570019246,0,0.6244482825,False
6640,0,0.6877093509,0.439818181,1,0.3433449974,0.5570019246,0,0.9900211092,True
6641,0,0.1934494882,0.439818181,0,0.1207704628,0.5570019246,0,0.4017463059,False
6642,1,0.6873439033,0.439818181,1,0.7023656653,0.5570019246,1,,False
6643,0,0.5094093756,0.439818181,1,0.4223388016,0.5570019246,0,0.9038572251,True
6644,0,0.05579037365,0.439818181,0,0.02356250646,0.5570019246,0,0.1659950106,False
6645,0,0.3922450876,0.439818181,0,0.385600493,0.5570019246,0,0.7645365573,False
6646,1,0.6208257614,0.439818181,1,0.8415701773,0.5570019246,1,,False
6647,1,0.7263445151,0.439818181,1,0.7823125463,0.5570019246,1,,False
6648,0,0.4341674108,0.439818181,0,0.4625484722,0.5570019246,0,0.8218192286,False
6649,0,0.4872224498,0.439818181,1,0.2339815351,0.5570019246,0,0.8824601804,False
6650,0,0.2933474984,0.439818181,0,0.2332649596,0.5570019246,0,0.583957014,False
6651,1,0.5237975515,0.439818181,1,0.7174209286,0.5570019246,1,,False
6652,0,0.4348800935,0.439818181,0,0.182576264,0.5570019246,0,0.8227787373,False
6653,0,0.3070050257,0.439818181,0,0.09549903454,0.5570019246,0,0.6110151602,False
6654,0,0.0748961242,0.439818181,0,0.02684546739,0.5570019246,0,0.2040875072,False
6655,0,0.3116358408,0.439818181,0,0.1778023969,0.5570019246,0,0.6197466897,False
6656,0,0.03086905978,0.439818181,0,0.03955593136,0.5570019246,0,0.1117827672,False
6657,0,0.3538970556,0.439818181,0,0.4350139151,0.5570019246,0,0.69669929,False
6658,0,0.1252096214,0.439818181,0,0.07050873391,0.5570019246,0,0.2867971599,False
6659,1,0.5947036264,0.439818181,1,0.7869210168,0.5570019246,1,,False
6660,0,0.2472690844,0.439818181,0,0.1239405741,0.5570019246,0,0.4985607369,False
6661,0,0.183474671,0.439818181,0,0.08326627526,0.5570019246,0,0.3838994435,False
6662,0,0.7321109304,0.439818181,1,0.2856507322,0.5570019246,0,0.9968336212,True
6663,0,0.1954408943,0.439818181,0,0.0656069442,0.5570019246,0,0.4056802917,False
6664,1,0.5701831146,0.439818181,1,0.738249859,0.5570019246,1,,False
6665,0,0.7035976195,0.439818181,1,0.2276304411,0.5570019246,0,0.9928036845,True
6666,0,0.4711281222,0.439818181,1,0.2196144767,0.5570019246,0,0.8664363846,False
6667,1,0.6269636814,0.439818181,1,0.7229539041,0.5570019246,1,,False
6668,1,0.5142750464,0.439818181,1,0.4474540435,0.5570019246,0,,False
6669,0,0.5843515924,0.439818181,1,0.140163167,0.5570019246,0,0.9557666475,True
6670,0,0.004421359248,0.439818181,0,0.01020988139,0.5570019246,0,0.02379581654,False
6671,0,0.4135086502,0.439818181,0,0.1539244822,0.5570019246,0,0.7954327384,False
6672,0,0.4401939368,0.439818181,1,0.4625933179,0.5570019246,0,0.8296872002,False
6673,1,0.5336229195,0.439818181,1,0.8382167281,0.5570019246,1,,False
6674,0,0.4088479364,0.439818181,0,0.1684226574,0.5570019246,0,0.7897716369,False
6675,0,0.309288182,0.439818181,0,0.3755331756,0.5570019246,0,0.6155248513,False
6676,0,0.5189994893,0.439818181,1,0.2490833643,0.5570019246,0,0.9118211476,True
6677,0,0.2840630804,0.439818181,0,0.1664611751,0.5570019246,0,0.5659182499,False
6678,0,0.2183564056,0.439818181,0,0.1113804746,0.5570019246,0,0.4460756093,False
6679,0,0.3131344272,0.439818181,0,0.1742029735,0.5570019246,0,0.6236806755,False
6680,1,0.5167078155,0.439818181,1,0.8011430359,0.5570019246,1,,False
6681,0,0.465315224,0.439818181,1,0.527522579,0.5570019246,0,0.8591441182,False
6682,0,0.3243529357,0.439818181,0,0.5876419419,0.5570019246,1,0.6444060641,False
6683,0,0.3675879803,0.439818181,0,0.1697214177,0.5570019246,0,0.7234695836,False
6684,1,0.5112027644,0.439818181,1,0.7860520047,0.5570019246,1,,False
6685,0,0.3092095515,0.439818181,0,0.3221846539,0.5570019246,0,0.6154289004,False
6686,0,0.4261512459,0.439818181,0,0.6494485076,0.5570019246,1,0.8127998465,False
6687,0,0.1776596685,0.439818181,0,0.1417702938,0.5570019246,0,0.3732488966,False
6688,0,0.6266797605,0.439818181,1,0.7363637006,0.5570019246,1,0.9716944924,True
6689,0,0.333341571,0.439818181,0,0.1882507711,0.5570019246,0,0.661101516,False
6690,0,0.3241373659,0.439818181,0,0.4572951761,0.5570019246,0,0.6439263097,False
6691,0,0.01873829382,0.439818181,0,0.008622026837,0.5570019246,0,0.08031088083,False
6692,0,0.4197578118,0.439818181,0,0.2605301036,0.5570019246,0,0.8047399731,False
6693,1,0.6152632681,0.439818181,1,0.4773300485,0.5570019246,0,,False
6694,0,0.2559105616,0.439818181,0,0.129990816,0.5570019246,0,0.5144885818,False
6695,1,0.6546326455,0.439818181,1,0.8406276913,0.5570019246,1,,False
6696,0,0.3343218077,0.439818181,0,0.1914113296,0.5570019246,0,0.6630205335,False
6697,0,0.1856203642,0.439818181,0,0.1134132824,0.5570019246,0,0.3866820188,False
6698,0,0.3322146902,0.439818181,0,0.158206036,0.5570019246,0,0.6588946459,False
6699,0,0.3687747528,0.439818181,0,0.2744936199,0.5570019246,0,0.7254845519,False
6700,1,0.6355226996,0.439818181,1,0.8892690162,0.5570019246,1,,False
6701,1,0.3351264619,0.439818181,0,0.30032547,0.5570019246,0,,False
6702,0,0.1524354339,0.439818181,0,0.07341051628,0.5570019246,0,0.3315102667,False
6703,0,0.0128411106,0.439818181,0,0.0080074739,0.5570019246,0,0.05929763961,False
6704,0,0.09687610281,0.439818181,0,0.08959163438,0.5570019246,0,0.2407407407,False
6705,0,0.4216170306,0.439818181,0,0.1733233728,0.5570019246,0,0.8067549415,False
6706,0,0.2095766657,0.439818181,0,0.1228001741,0.5570019246,0,0.4309153713,False
6707,0,0.2905534272,0.439818181,0,0.1658513456,0.5570019246,0,0.5777202073,False
6708,1,0.7360893444,0.439818181,1,0.9153865432,0.5570019246,1,,False
6709,0,0.3994902489,0.439818181,0,0.5162954725,0.5570019246,0,0.7763385147,False
6710,0,0.3047530951,0.439818181,0,0.2118124717,0.5570019246,0,0.6066973709,False
6711,0,0.3344322839,0.439818181,0,0.5558591659,0.5570019246,0,0.6631164844,False
6712,1,0.6930194334,0.439818181,1,0.7573677825,0.5570019246,1,,False
6713,0,0.4907459262,0.439818181,1,0.2531456964,0.5570019246,0,0.8858184609,False
6714,0,0.277004119,0.439818181,0,0.4010412276,0.5570019246,0,0.5525810785,False
6715,0,0.1591387535,0.439818181,0,0.1004372157,0.5570019246,0,0.3421608137,False
6716,0,0.1436059201,0.439818181,0,0.09817243358,0.5570019246,0,0.3175014393,False
6717,0,0.06563486458,0.439818181,0,0.0417159013,0.5570019246,0,0.186048743,False
6718,0,0.2297179549,0.439818181,0,0.1307291352,0.5570019246,0,0.4639224717,False
6719,0,0.05094295081,0.439818181,0,0.03374059582,0.5570019246,0,0.1569756285,False
6720,0,0.5482051448,0.439818181,1,0.6565460514,0.5570019246,1,0.933410094,True
6721,1,0.3468822475,0.439818181,0,0.6834598567,0.5570019246,1,,False
6722,0,0.3436579816,0.439818181,0,0.1310820278,0.5570019246,0,0.6801957398,False
6723,0,0.4739017622,0.439818181,1,0.291848256,0.5570019246,0,0.8692189599,False
6724,0,0.6861128047,0.439818181,1,0.4263727233,0.5570019246,0,0.9897332566,True
6725,0,0.2796913698,0.439818181,0,0.1549198079,0.5570019246,0,0.5578583765,False
6726,0,0.3067847275,0.439818181,0,0.1390182785,0.5570019246,0,0.6107273076,False
6727,0,0.3883766422,0.439818181,0,0.6446338025,0.5570019246,1,0.757915947,False
6728,0,0.2381563247,0.439818181,0,0.1587892551,0.5570019246,0,0.4811936289,False
6729,1,0.7310820659,0.439818181,1,0.8847665525,0.5570019246,1,,False
6730,0,0.5665680083,0.439818181,1,0.2233326627,0.5570019246,0,0.9458837075,True
6731,0,0.2303983188,0.439818181,0,0.204760066,0.5570019246,0,0.4652657839,False
6732,0,0.111435266,0.439818181,0,0.05396448834,0.5570019246,0,0.2656879678,False
6733,0,0.5004910058,0.439818181,1,0.755248475,0.5570019246,1,0.8957973518,False
6734,0,0.3007592027,0.439818181,0,0.1915755403,0.5570019246,0,0.5995010555,False
6735,0,0.4740287891,0.439818181,1,0.4024711108,0.5570019246,0,0.8695068125,False
6736,0,0.05151261676,0.439818181,0,0.02655060456,0.5570019246,0,0.1580310881,False
6737,1,0.6996718316,0.439818181,1,0.8642950057,0.5570019246,1,,False
6738,0,0.5370762322,0.439818181,1,0.2726754959,0.5570019246,0,0.9253502207,True
6739,1,0.5044152706,0.439818181,1,0.7631268843,0.5570019246,1,,False
6740,0,0.2008329327,0.439818181,0,0.196252715,0.5570019246,0,0.4154672808,False
6741,0,0.2701934454,0.439818181,0,0.1237532931,0.5570019246,0,0.5404912685,False
6742,0,0.427785222,0.439818181,0,0.2668549136,0.5570019246,0,0.8144310113,False
6743,0,0.3790687305,0.439818181,0,0.5245824241,0.5570019246,0,0.7449625792,False
6744,0,0.02546584292,0.439818181,0,0.02053495442,0.5570019246,0,0.09806179236,False
6745,0,0.2500803797,0.439818181,0,0.1409875809,0.5570019246,0,0.5033582806,False
6746,1,0.4325245367,0.439818181,0,0.3932978558,0.5570019246,0,,False
6747,0,0.2298366463,0.439818181,0,0.07041047054,0.5570019246,0,0.4642103243,False
6748,0,0.3504943524,0.439818181,0,0.1308199152,0.5570019246,0,0.6917098446,False
6749,0,0.3457039998,0.439818181,0,0.5438803857,0.5570019246,0,0.6843216273,False
6750,0,0.4011250044,0.439818181,0,0.1820160808,0.5570019246,0,0.7796008444,False
6751,0,0.2831242112,0.439818181,0,0.09550407077,0.5570019246,0,0.5641911341,False
6752,1,0.8051967042,0.439818181,1,0.9261356094,0.5570019246,1,,False
6753,0,0.3002198199,0.439818181,0,0.153975448,0.5570019246,0,0.5987334485,False
6754,1,0.6638839398,0.439818181,1,0.8325772987,0.5570019246,1,,False
6755,0,0.2668962242,0.439818181,0,0.1566639108,0.5570019246,0,0.5355018231,False
6756,0,0.02268965942,0.439818181,0,0.01599441643,0.5570019246,0,0.09201688735,False
6757,0,0.1899695545,0.439818181,0,0.1210621269,0.5570019246,0,0.394837843,False
6758,0,0.6842721479,0.439818181,1,0.7593320641,0.5570019246,1,0.989445404,True
6759,0,0.01116601412,0.439818181,0,0.009706931174,0.5570019246,0,0.05344463635,False
6760,0,0.5733291692,0.439818181,1,0.226128106,0.5570019246,0,0.9496257916,True
6761,1,0.6283741346,0.439818181,1,0.8841719425,0.5570019246,1,,False
6762,0,0.3213356429,0.439818181,0,0.1867400917,0.5570019246,0,0.6391287661,False
6763,0,0.3081530793,0.439818181,0,0.221503896,0.5570019246,0,0.6137977356,False
6764,0,0.243311597,0.439818181,0,0.1568914139,0.5570019246,0,0.491652274,False
6765,0,0.5068479575,0.439818181,1,0.2580599233,0.5570019246,0,0.9011706007,True
6766,0,0.224468099,0.439818181,0,0.1497286025,0.5570019246,0,0.4554787949,False
6767,0,0.4974723296,0.439818181,1,0.1227091837,0.5570019246,0,0.8925350221,False
6768,1,0.5913837543,0.439818181,1,0.3910315723,0.5570019246,0,,False
6769,1,0.5489816185,0.439818181,1,0.9003121248,0.5570019246,1,,False
6770,0,0.4326708812,0.439818181,0,0.6465079511,0.5570019246,1,0.8193245059,False
6771,0,0.4157104312,0.439818181,0,0.3837393518,0.5570019246,0,0.7986950681,False
6772,0,0.3119562649,0.439818181,0,0.1801983906,0.5570019246,0,0.6203223949,False
6773,0,0.2376176519,0.439818181,0,0.1644971031,0.5570019246,0,0.4793705623,False
6774,0,0.3708728345,0.439818181,0,0.2027015108,0.5570019246,0,0.7289387833,False
6775,0,0.03878519137,0.439818181,0,0.0173505055,0.5570019246,0,0.132412205,False
6776,0,0.4124493369,0.439818181,0,0.1978824802,0.5570019246,0,0.7943772788,False
6777,0,0.3878740813,0.439818181,0,0.1798107526,0.5570019246,0,0.7566685857,False
6778,0,0.3297704169,0.439818181,0,0.3494562628,0.5570019246,0,0.6543849549,False
6779,0,0.3446009958,0.439818181,0,0.2481572682,0.5570019246,0,0.6825945116,False
6780,0,0.3735725239,0.439818181,0,0.4978259839,0.5570019246,0,0.7349836884,False
6781,0,0.5279457753,0.439818181,1,0.782812258,0.5570019246,1,0.9185377087,True
6782,0,0.4785044079,0.439818181,1,0.7778913011,0.5570019246,1,0.8748800614,False
6783,0,0.2586620162,0.439818181,0,0.1731888755,0.5570019246,0,0.5198618307,False
6784,1,0.6273843943,0.439818181,1,0.8721821391,0.5570019246,1,,False
6785,0,0.01345346601,0.439818181,0,0.01072709811,0.5570019246,0,0.06131260794,False
6786,0,0.3815847736,0.439818181,0,0.2450756162,0.5570019246,0,0.7490884667,False
6787,0,0.3446224738,0.439818181,0,0.6100735403,0.5570019246,1,0.6827864134,False
6788,0,0.4714634556,0.439818181,1,0.3046960685,0.5570019246,0,0.8669161389,False
6789,0,0.2167898037,0.439818181,0,0.2081383507,0.5570019246,0,0.4426213779,False
6790,0,0.4009832208,0.439818181,0,0.6591553954,0.5570019246,1,0.7788332374,False
6791,1,0.7121063004,0.439818181,1,0.9239989473,0.5570019246,1,,False
6792,0,0.3227440996,0.439818181,0,0.1391256634,0.5570019246,0,0.6417194396,False
6793,0,0.2263992967,0.439818181,0,0.1886290143,0.5570019246,0,0.4581654193,False
6794,1,0.6125285334,0.439818181,1,0.7018899296,0.5570019246,1,,False
6795,0,0.4431575135,0.439818181,1,0.1869742011,0.5570019246,0,0.8337171368,False
6796,0,0.1498784494,0.439818181,0,0.08420606267,0.5570019246,0,0.3280560353,False
6797,0,0.6978658731,0.439818181,1,0.2864228245,0.5570019246,0,0.9918441758,True
6798,0,0.7072119663,0.439818181,1,0.4395917644,0.5570019246,0,0.9936672424,True
6799,0,0.45102063,0.439818181,1,0.1646238441,0.5570019246,0,0.8439838803,False
6800,1,0.5885613102,0.439818181,1,0.8499839188,0.5570019246,1,,False
6801,0,0.3040963521,0.439818181,0,0.1451073876,0.5570019246,0,0.6047783535,False
6802,0,0.2472966961,0.439818181,0,0.1858062678,0.5570019246,0,0.4986566878,False
6803,0,0.298332519,0.439818181,0,0.1268533071,0.5570019246,0,0.5950873153,False
6804,0,0.3119389716,0.439818181,0,0.1077290448,0.5570019246,0,0.6201304932,False
6805,0,0.2892902768,0.439818181,0,0.4650210963,0.5570019246,0,0.5751295337,False
6806,0,0.4010603799,0.439818181,0,0.1516588075,0.5570019246,0,0.7793129917,False
6807,1,0.6512939864,0.439818181,1,0.5243888513,0.5570019246,0,,False
6808,1,0.5076810091,0.439818181,1,0.7557745992,0.5570019246,1,,False
6809,0,0.1377665447,0.439818181,0,0.04346375635,0.5570019246,0,0.3082901554,False
6810,1,0.5665837457,0.439818181,1,0.6650374438,0.5570019246,1,,False
6811,0,0.04664793088,0.439818181,0,0.0347732515,0.5570019246,0,0.1481481481,False
6812,0,0.1340296467,0.439818181,0,0.07865686859,0.5570019246,0,0.3028209557,False
6813,1,0.675000201,0.439818181,1,0.8755362835,0.5570019246,1,,False
6814,0,0.0367126983,0.439818181,0,0.03177779944,0.5570019246,0,0.1277106122,False
6815,0,0.5317232811,0.439818181,1,0.1536310118,0.5570019246,0,0.9216081366,True
6816,0,0.4710208501,0.439818181,1,0.3408908227,0.5570019246,0,0.8663404337,False
6817,1,0.6316879492,0.439818181,1,0.8668713064,0.5570019246,1,,False
6818,0,0.3935626316,0.439818181,0,0.2033590629,0.5570019246,0,0.7668393782,False
6819,0,0.2315672524,0.439818181,0,0.07555416969,0.5570019246,0,0.468240261,False
6820,0,0.2883186472,0.439818181,0,0.1489969264,0.5570019246,0,0.5729226636,False
6821,0,0.2959929727,0.439818181,0,0.3280051772,0.5570019246,0,0.5893302629,False
6822,0,0.2238109656,0.439818181,0,0.6399563782,0.5570019246,1,0.4542314335,False
6823,0,0.2247842055,0.439818181,0,0.1993041855,0.5570019246,0,0.4558625983,False
6824,1,0.6879799639,0.439818181,1,0.8612159745,0.5570019246,1,,False
6825,0,0.3089397271,0.439818181,0,0.3020174434,0.5570019246,0,0.614949146,False
6826,0,0.2421196522,0.439818181,0,0.5528090368,0.5570019246,0,0.4895413548,False
6827,0,0.4087485764,0.439818181,0,0.1813019972,0.5570019246,0,0.7893878334,False
6828,0,0.0250336198,0.439818181,0,0.02918065163,0.5570019246,0,0.09671848014,False
6829,0,0.3874156016,0.439818181,0,0.1623420982,0.5570019246,0,0.7556131261,False
6830,0,0.2052764973,0.439818181,0,0.1709457493,0.5570019246,0,0.4232393015,False
6831,0,0.009470721815,0.439818181,0,0.01158976149,0.5570019246,0,0.04490500864,False
6832,0,0.4452005033,0.439818181,1,0.5936544457,0.5570019246,1,0.8366916139,False
6833,0,0.04595848023,0.439818181,0,0.02374866453,0.5570019246,0,0.1468048359,False
6834,0,0.3927226291,0.439818181,0,0.649220678,0.5570019246,1,0.7654001151,False
6835,0,0.2920670611,0.439818181,0,0.1681811757,0.5570019246,0,0.5809825369,False
6836,0,0.3353675548,0.439818181,0,0.2018736741,0.5570019246,0,0.6648436001,False
6837,0,0.3043895558,0.439818181,0,0.1571766391,0.5570019246,0,0.6054500096,False
6838,0,0.4356617814,0.439818181,0,0.2075259299,0.5570019246,0,0.8243139513,False
6839,0,0.3618870167,0.439818181,0,0.4524963033,0.5570019246,0,0.7131068893,False
6840,0,0.1075763808,0.439818181,0,0.06717426553,0.5570019246,0,0.2587795049,False
6841,1,0.6243086274,0.439818181,1,0.8811526078,0.5570019246,1,,False
6842,0,0.3696169457,0.439818181,0,0.1945128195,0.5570019246,0,0.726156208,False
6843,0,0.5327902244,0.439818181,1,0.7356927339,0.5570019246,1,0.922087891,True
6844,0,0.5698952497,0.439818181,1,0.223450976,0.5570019246,0,0.9475148724,True
6845,0,0.2555306437,0.439818181,0,0.1643353345,0.5570019246,0,0.5137209749,False
6846,0,0.2972371638,0.439818181,0,0.41902783,0.5570019246,0,0.5925925926,False
6847,0,0.3270296427,0.439818181,0,0.6282676787,0.5570019246,1,0.6496833621,False
6848,0,0.06664418028,0.439818181,0,0.02624258603,0.5570019246,0,0.1885434657,False
6849,0,0.2780856087,0.439818181,0,0.1382002959,0.5570019246,0,0.5545960468,False
6850,0,0.3399487761,0.439818181,0,0.6821149307,0.5570019246,1,0.6734791787,False
6851,0,0.2998257537,0.439818181,0,0.1912020349,0.5570019246,0,0.598349645,False
6852,0,0.1170026106,0.439818181,0,0.08502114638,0.5570019246,0,0.2759547112,False
6853,1,0.6489872344,0.439818181,1,0.6881278165,0.5570019246,1,,False
6854,0,0.1585458416,0.439818181,0,0.03395283118,0.5570019246,0,0.3410094032,False
6855,0,0.3170423515,0.439818181,0,0.1966373442,0.5570019246,0,0.6314526962,False
6856,0,0.3875550855,0.439818181,0,0.1299931851,0.5570019246,0,0.7559969296,False
6857,0,0.004824629357,0.439818181,0,0.007818390041,0.5570019246,0,0.02485127615,False
6858,0,0.1500046102,0.439818181,0,0.07142610319,0.5570019246,0,0.3285357897,False
6859,0,0.2943050955,0.439818181,0,0.5929916989,0.5570019246,1,0.5859719823,False
6860,0,0.1008636841,0.439818181,0,0.04779612643,0.5570019246,0,0.247361351,False
6861,0,0.4471950928,0.439818181,1,0.4699863062,0.5570019246,0,0.838898484,False
6862,0,0.6037567421,0.439818181,1,0.3730646824,0.5570019246,0,0.9642103243,True
6863,0,0.3379374697,0.439818181,0,0.2210182027,0.5570019246,0,0.6693532911,False
6864,1,0.5655939972,0.439818181,1,0.6933057321,0.5570019246,1,,False
6865,0,0.3787145283,0.439818181,0,0.1374282578,0.5570019246,0,0.744290923,False
6866,0,0.1567857901,0.439818181,0,0.06190109466,0.5570019246,0,0.3379389752,False
6867,0,0.2406066359,0.439818181,0,0.176539685,0.5570019246,0,0.4862790251,False
6868,0,0.1002504173,0.439818181,0,0.05969439738,0.5570019246,0,0.246593744,False
6869,0,0.5772780913,0.439818181,1,0.5976099937,0.5570019246,1,0.9520245634,True
6870,0,0.3295408533,0.439818181,0,0.4086673897,0.5570019246,0,0.6541930532,False
6871,0,0.2896219919,0.439818181,0,0.1686201312,0.5570019246,0,0.5757052389,False
6872,0,0.3501447235,0.439818181,0,0.1571681261,0.5570019246,0,0.6914219919,False
6873,1,0.5487423637,0.439818181,1,0.4393065877,0.5570019246,0,,False
6874,0,0.2593207482,0.439818181,0,0.4457787654,0.5570019246,0,0.5213970447,False
6875,0,0.1857268675,0.439818181,0,0.06319456203,0.5570019246,0,0.3869698714,False
6876,0,0.4826395049,0.439818181,1,0.7767851599,0.5570019246,1,0.8784302437,False
6877,0,0.2233807775,0.439818181,0,0.1566019833,0.5570019246,0,0.4535597774,False
6878,1,0.6184086963,0.439818181,1,0.8388569822,0.5570019246,1,,False
6879,1,0.670823383,0.439818181,1,0.8167600346,0.5570019246,1,,False
6880,0,0.04498481478,0.439818181,0,0.03262211206,0.5570019246,0,0.1449817693,False
6881,1,0.5527937971,0.439818181,1,0.767195328,0.5570019246,1,,False
6882,0,0.4733767858,0.439818181,1,0.1831297932,0.5570019246,0,0.8688351564,False
6883,0,0.3963648718,0.439818181,0,0.6816106204,0.5570019246,1,0.7712531184,False
6884,0,0.36072258,0.439818181,0,0.1617424109,0.5570019246,0,0.7099405105,False
6885,0,0.3937206826,0.439818181,0,0.1839599019,0.5570019246,0,0.7672231817,False
6886,0,0.2740842708,0.439818181,0,0.3318093034,0.5570019246,0,0.546919977,False
6887,0,0.3218138316,0.439818181,0,0.1973858084,0.5570019246,0,0.6402801765,False
6888,1,0.6143019895,0.439818181,1,0.861045766,0.5570019246,1,,False
6889,0,0.4559590489,0.439818181,1,0.4664015761,0.5570019246,0,0.8500287853,False
6890,0,0.295528646,0.439818181,0,0.1562077575,0.5570019246,0,0.5881788524,False
6891,1,0.6414170767,0.439818181,1,0.616683383,0.5570019246,1,,False
6892,0,0.3039061993,0.439818181,0,0.1492763566,0.5570019246,0,0.6042026482,False
6893,1,0.665070969,0.439818181,1,0.8425999121,0.5570019246,1,,False
6894,0,0.480280608,0.439818181,1,0.64635342,0.5570019246,1,0.8766071771,False
6895,1,0.6069076892,0.439818181,1,0.7474389284,0.5570019246,1,,False
6896,1,0.6757677379,0.439818181,1,0.9316762134,0.5570019246,1,,False
6897,0,0.4163047943,0.439818181,0,0.2788122194,0.5570019246,0,0.7994626751,False
6898,0,0.2547830693,0.439818181,0,0.193861003,0.5570019246,0,0.5122817118,False
6899,0,0.3183570965,0.439818181,0,0.4574254392,0.5570019246,0,0.6334676646,False
6900,1,0.6366365188,0.439818181,1,0.8922521228,0.5570019246,1,,False
6901,1,0.4604767796,0.439818181,1,0.5705589922,0.5570019246,1,,False
6902,0,0.3142852419,0.439818181,0,0.265075079,0.5570019246,0,0.6252158895,False
6903,0,0.3328404995,0.439818181,0,0.1895164348,0.5570019246,0,0.660333909,False
6904,1,0.7896170967,0.439818181,1,0.9224093356,0.5570019246,1,,False
6905,0,0.138072739,0.439818181,0,0.1225945858,0.5570019246,0,0.3087699098,False
6906,0,0.294970395,0.439818181,0,0.1792199611,0.5570019246,0,0.5873152946,False
6907,1,0.5824266796,0.439818181,1,0.7083921794,0.5570019246,1,,False
6908,0,0.286730718,0.439818181,0,0.1889006171,0.5570019246,0,0.57033199,False
6909,0,0.1812785121,0.439818181,0,0.1134446384,0.5570019246,0,0.3804452121,False
6910,0,0.2109501178,0.439818181,0,0.1066594469,0.5570019246,0,0.433410094,False
6911,0,0.3822785715,0.439818181,0,0.6328168261,0.5570019246,1,0.7494722702,False
6912,0,0.2880280431,0.439818181,0,0.198405341,0.5570019246,0,0.5725388601,False
6913,0,0.2249419909,0.439818181,0,0.08330305276,0.5570019246,0,0.4560545001,False
6914,0,0.1049661028,0.439818181,0,0.05717248098,0.5570019246,0,0.2544617156,False
6915,0,0.4467022464,0.439818181,1,0.5483471269,0.5570019246,0,0.8384187296,False
6916,0,0.4351469629,0.439818181,0,0.2120077531,0.5570019246,0,0.8234503934,False
6917,0,0.1293560598,0.439818181,0,0.05130564392,0.5570019246,0,0.2951448858,False
6918,0,0.2842433365,0.439818181,0,0.1528824118,0.5570019246,0,0.5663980042,False
6919,0,0.399009905,0.439818181,0,0.3515151217,0.5570019246,0,0.7752830551,False
6920,0,0.3568990561,0.439818181,0,0.1932922891,0.5570019246,0,0.702744195,False
6921,0,0.3171823854,0.439818181,0,0.1163786561,0.5570019246,0,0.6318364997,False
6922,0,0.2726594346,0.439818181,0,0.3837557042,0.5570019246,0,0.5440414508,False
6923,0,0.1784732375,0.439818181,0,0.6420060885,0.5570019246,1,0.3754557666,False
6924,0,0.03546062007,0.439818181,0,0.03765549064,0.5570019246,0,0.1239685281,False
6925,1,0.5789980815,0.439818181,1,0.6794015818,0.5570019246,1,,False
6926,0,0.2337219016,0.439818181,0,0.1192921432,0.5570019246,0,0.4729418538,False
6927,0,0.07452813356,0.439818181,0,0.04388643884,0.5570019246,0,0.2031279985,False
6928,0,0.3810357272,0.439818181,0,0.1580663546,0.5570019246,0,0.7484168106,False
6929,0,0.3110992059,0.439818181,0,0.6435887263,0.5570019246,1,0.6184033775,False
6930,0,0.004824629357,0.439818181,0,0.007818390041,0.5570019246,0,0.02485127615,False
6931,0,0.2655508572,0.439818181,0,0.3745002406,0.5570019246,0,0.5331990021,False
6932,0,0.3146410328,0.439818181,0,0.102353364,0.5570019246,0,0.6262713491,False
6933,0,0.2980088998,0.439818181,0,0.1540871081,0.5570019246,0,0.5947035118,False
6934,0,0.5535755654,0.439818181,1,0.3189368706,0.5570019246,0,0.9373440798,True
6935,0,0.3555916783,0.439818181,0,0.2238103218,0.5570019246,0,0.7000575705,False
6936,0,0.37577252,0.439818181,0,0.3673575318,0.5570019246,0,0.739013625,False
6937,0,0.3443499852,0.439818181,0,0.4606325536,0.5570019246,0,0.6820188064,False
6938,0,0.3938454869,0.439818181,0,0.2101826698,0.5570019246,0,0.7675110344,False
6939,0,0.45078624,0.439818181,1,0.1953613987,0.5570019246,0,0.8436960276,False
6940,1,0.6615934332,0.439818181,1,0.7984882325,0.5570019246,1,,False
6941,1,0.7125074431,0.439818181,1,0.9290844631,0.5570019246,1,,False
6942,0,0.3988440666,0.439818181,0,0.5297226657,0.5570019246,0,0.7750911533,False
6943,1,0.5825057264,0.439818181,1,0.4965714328,0.5570019246,0,,False
6944,0,0.05290017293,0.439818181,0,0.02719360749,0.5570019246,0,0.1605258108,False
6945,0,0.2752681228,0.439818181,0,0.1146857879,0.5570019246,0,0.5486470927,False
6946,1,0.4962163784,0.439818181,1,0.7384720168,0.5570019246,1,,False
6947,0,0.1434407085,0.439818181,0,0.08257500036,0.5570019246,0,0.3171176358,False
6948,0,0.06505288792,0.439818181,0,0.04783800519,0.5570019246,0,0.1846094799,False
6949,0,0.593978667,0.439818181,1,0.3803059459,0.5570019246,0,0.9596046824,True
6950,1,0.7541203661,0.439818181,1,0.9168139958,0.5570019246,1,,False
6951,0,0.3910648084,0.439818181,0,0.1070724275,0.5570019246,0,0.7627134907,False
6952,0,0.1493697806,0.439818181,0,0.1279769842,0.5570019246,0,0.3270965266,False
6953,0,0.2825523697,0.439818181,0,0.1725330391,0.5570019246,0,0.5630397237,False
6954,1,0.695111423,0.439818181,1,0.8666715501,0.5570019246,1,,False
6955,0,0.4605245464,0.439818181,1,0.246002163,0.5570019246,0,0.8541546728,False
6956,1,0.7076759547,0.439818181,1,0.8804538748,0.5570019246,1,,False
6957,0,0.3569862093,0.439818181,0,0.5012694805,0.5570019246,0,0.7031279985,False
6958,0,0.3169482021,0.439818181,0,0.1265047335,0.5570019246,0,0.6312607945,False
6959,0,0.3929426643,0.439818181,0,0.2719113526,0.5570019246,0,0.7658798695,False
6960,0,0.2993018856,0.439818181,0,0.3678642757,0.5570019246,0,0.5972941854,False
6961,0,0.5108364347,0.439818181,1,0.1679384909,0.5570019246,0,0.9051045865,True
6962,0,0.2805450567,0.439818181,0,0.2063828611,0.5570019246,0,0.5594895414,False
6963,0,0.4311116039,0.439818181,0,0.4460058082,0.5570019246,0,0.817693341,False
6964,0,0.2648551112,0.439818181,0,0.1522129431,0.5570019246,0,0.5320475916,False
6965,0,0.4330159421,0.439818181,0,0.1931204405,0.5570019246,0,0.8201880637,False
6966,0,0.3945770257,0.439818181,0,0.3369857993,0.5570019246,0,0.7687583957,False
6967,0,0.1575811225,0.439818181,0,0.100020678,0.5570019246,0,0.3397620418,False
6968,0,0.6323848019,0.439818181,1,0.3481440791,0.5570019246,0,0.9734216081,True
6969,1,0.7424538473,0.439818181,1,0.9141451791,0.5570019246,1,,False
6970,0,0.4045877722,0.439818181,0,0.5099885519,0.5570019246,0,0.7840145845,False
6971,0,0.3242242518,0.439818181,0,0.1960785851,0.5570019246,0,0.6441182115,False
6972,0,0.465113435,0.439818181,1,0.1563172691,0.5570019246,0,0.8589522165,False
6973,1,0.6337935377,0.439818181,1,0.4750539757,0.5570019246,0,,False
6974,0,0.4501882145,0.439818181,1,0.2168403296,0.5570019246,0,0.8429284206,False
6975,0,0.1923128897,0.439818181,0,0.5952298821,0.5570019246,1,0.3990596814,False
6976,0,0.08983157626,0.439818181,0,0.0875411927,0.5570019246,0,0.229226636,False
6977,0,0.1372855369,0.439818181,0,0.05522597752,0.5570019246,0,0.3076184993,False
6978,1,0.6094322491,0.439818181,1,0.8521485158,0.5570019246,1,,False
6979,0,0.1526570992,0.439818181,0,0.06790632634,0.5570019246,0,0.332085972,False
6980,0,0.2526096322,0.439818181,0,0.4264337189,0.5570019246,0,0.5077720207,False
6981,0,0.1452185416,0.439818181,0,0.04490149325,0.5570019246,0,0.3199002111,False
6982,1,0.5201959478,0.439818181,1,0.5274772403,0.5570019246,0,,False
6983,0,0.3537880025,0.439818181,0,0.1731768186,0.5570019246,0,0.6965073882,False
6984,0,0.2869603396,0.439818181,0,0.1573449981,0.5570019246,0,0.5708117444,False
6985,0,0.1944544941,0.439818181,0,0.1577926623,0.5570019246,0,0.4036653234,False
6986,0,0.3598902498,0.439818181,0,0.2165785331,0.5570019246,0,0.7086931491,False
6987,0,0.1233050914,0.439818181,0,0.0615216868,0.5570019246,0,0.284398388,False
6988,0,0.2650020789,0.439818181,0,0.1921753898,0.5570019246,0,0.5321435425,False
6989,0,0.1533906304,0.439818181,0,0.0551896404,0.5570019246,0,0.3332373825,False
6990,0,0.461499407,0.439818181,1,0.1823105974,0.5570019246,0,0.8552101324,False
6991,0,0.09330351815,0.439818181,0,0.07810339544,0.5570019246,0,0.2358472462,False
6992,0,0.1940063601,0.439818181,0,0.1593670691,0.5570019246,0,0.4028977164,False
6993,0,0.3987613086,0.439818181,0,0.2670512951,0.5570019246,0,0.7748992516,False
6994,1,0.6351260757,0.439818181,1,0.4850822755,0.5570019246,0,,False
6995,0,0.01695868,0.439818181,0,0.02402783707,0.5570019246,0,0.07503358281,False
6996,0,0.2878003405,0.439818181,0,0.1374211071,0.5570019246,0,0.571867204,False
6997,0,0.3771042521,0.439818181,0,0.2326168385,0.5570019246,0,0.7417002495,False
6998,0,0.3213734277,0.439818181,0,0.4223880274,0.5570019246,0,0.6394166187,False
6999,1,0.6451317234,0.439818181,1,0.6842512313,0.5570019246,1,,False
7000,0,0.1846829337,0.439818181,0,0.1752829616,0.5570019246,0,0.3852427557,False
7001,0,0.2375648774,0.439818181,0,0.2064193936,0.5570019246,0,0.4792746114,False
7002,0,0.3664446633,0.439818181,0,0.1470849513,0.5570019246,0,0.7209748609,False
7003,0,0.1475050457,0.439818181,0,0.06396205862,0.5570019246,0,0.3235463443,False
7004,0,0.2194011143,0.439818181,0,0.157316757,0.5570019246,0,0.4472270198,False
7005,0,0.4374870741,0.439818181,0,0.1601580735,0.5570019246,0,0.8258491652,False
7006,0,0.1782478217,0.439818181,0,0.1194031417,0.5570019246,0,0.3747841105,False
7007,0,0.2315556272,0.439818181,0,0.1964216062,0.5570019246,0,0.4681443101,False
7008,0,0.434191387,0.439818181,0,0.5901265183,0.5570019246,1,0.8219151794,False
7009,0,0.1988881982,0.439818181,0,0.09006729576,0.5570019246,0,0.4108616388,False
7010,0,0.3642657304,0.439818181,0,0.1486281476,0.5570019246,0,0.7173287277,False
7011,0,0.3637822329,0.439818181,0,0.2255238103,0.5570019246,0,0.7164651698,False
7012,1,0.534134581,0.439818181,1,0.7191952881,0.5570019246,1,,False
7013,0,0.03541165256,0.439818181,0,0.02014518524,0.5570019246,0,0.1237766264,False
7014,0,0.1921341598,0.439818181,0,0.2368687268,0.5570019246,0,0.3987718288,False
7015,0,0.2346367077,0.439818181,0,0.07878764603,0.5570019246,0,0.4740932642,False
7016,0,0.36038373,0.439818181,0,0.1110976007,0.5570019246,0,0.7093648052,False
7017,0,0.05629874473,0.439818181,0,0.03613818806,0.5570019246,0,0.1670504702,False
7018,0,0.6545964104,0.439818181,1,0.1625876369,0.5570019246,0,0.981097678,True
7019,1,0.6924748137,0.439818181,1,0.8741549008,0.5570019246,1,,False
7020,0,0.05694216777,0.439818181,0,0.05384792069,0.5570019246,0,0.1688735367,False
7021,0,0.3598456424,0.439818181,0,0.5298445814,0.5570019246,0,0.7085971982,False
7022,0,0.237843615,0.439818181,0,0.184825613,0.5570019246,0,0.4800422184,False
7023,0,0.4637547129,0.439818181,1,0.1072294083,0.5570019246,0,0.8577048551,False
7024,0,0.2843373015,0.439818181,0,0.1403839341,0.5570019246,0,0.5664939551,False
7025,0,0.217107516,0.439818181,0,0.4854884561,0.5570019246,0,0.4431011322,False
7026,0,0.2240561606,0.439818181,0,0.04062772431,0.5570019246,0,0.4545192861,False
7027,1,0.5371409318,0.439818181,1,0.8222774401,0.5570019246,1,,False
7028,0,0.2569156689,0.439818181,0,0.138498164,0.5570019246,0,0.5167914028,False
7029,0,0.2366203617,0.439818181,0,0.1790609452,0.5570019246,0,0.4774515448,False
7030,0,0.3831058861,0.439818181,0,0.3248422507,0.5570019246,0,0.7505277298,False
7031,0,0.4776800135,0.439818181,1,0.2455577614,0.5570019246,0,0.8735367492,False
7032,0,0.1157292381,0.439818181,0,0.05338283741,0.5570019246,0,0.2736518902,False
7033,0,0.2896577319,0.439818181,0,0.1940874985,0.5570019246,0,0.5760890424,False
7034,0,0.3891035799,0.439818181,0,0.2446927216,0.5570019246,0,0.7597390136,False
7035,0,0.09512166244,0.439818181,0,0.03614245148,0.5570019246,0,0.2379581654,False
7036,0,0.4338721025,0.439818181,0,0.5684420026,0.5570019246,1,0.8213394742,False
7037,0,0.4201192412,0.439818181,0,0.6343314784,0.5570019246,1,0.8050278258,False
7038,0,0.3284905535,0.439818181,0,0.1553038612,0.5570019246,0,0.6518902322,False
7039,1,0.6127983266,0.439818181,1,0.803659995,0.5570019246,1,,False
7040,0,0.3521393412,0.439818181,0,0.1956677131,0.5570019246,0,0.6945883708,False
7041,0,0.4524251931,0.439818181,1,0.169183662,0.5570019246,0,0.845710996,False
7042,0,0.3485793552,0.439818181,0,0.1853238983,0.5570019246,0,0.6892151219,False
7043,0,0.07810411498,0.439818181,0,0.03284023165,0.5570019246,0,0.209556707,False
7044,0,0.0141981203,0.439818181,0,0.009645091415,0.5570019246,0,0.06419113414,False
7045,0,0.4095116829,0.439818181,0,0.1521297103,0.5570019246,0,0.7908270965,False
7046,1,0.4802975431,0.439818181,1,0.430142582,0.5570019246,0,,False
7047,0,0.2550727036,0.439818181,0,0.09458776304,0.5570019246,0,0.5127614661,False
7048,0,0.3675604736,0.439818181,0,0.2254682426,0.5570019246,0,0.7233736327,False
7049,0,0.3507189941,0.439818181,0,0.2326939823,0.5570019246,0,0.6919976972,False
7050,0,0.5605235429,0.439818181,1,0.2253525669,0.5570019246,0,0.9418537709,True
7051,0,0.3630747209,0.439818181,0,0.2907713286,0.5570019246,0,0.7146421032,False
7052,0,0.2042101851,0.439818181,0,0.06222619944,0.5570019246,0,0.4218959893,False
7053,0,0.2146517771,0.439818181,0,0.5519160039,0.5570019246,0,0.4388792938,False
7054,0,0.4141086601,0.439818181,0,0.2557370386,0.5570019246,0,0.7960084437,False
7055,0,0.5021128362,0.439818181,1,0.2012488902,0.5570019246,0,0.8973325657,False
7056,0,0.2483820941,0.439818181,0,0.1157288588,0.5570019246,0,0.5008635579,False
7057,0,0.2425450791,0.439818181,0,0.1942935081,0.5570019246,0,0.4903089618,False
7058,0,0.5617114692,0.439818181,1,0.7110938955,0.5570019246,1,0.942525427,True
7059,0,0.4700647955,0.439818181,1,0.1563114784,0.5570019246,0,0.8649971215,False
7060,0,0.2095398528,0.439818181,0,0.1214544213,0.5570019246,0,0.4308194205,False
7061,1,0.7718604282,0.439818181,1,0.9374489351,0.5570019246,1,,False
7062,0,0.4751720273,0.439818181,1,0.6466588749,0.5570019246,1,0.8708501247,False
7063,0,0.6445213168,0.439818181,1,0.2617239647,0.5570019246,0,0.9770677413,True
7064,0,0.3275472707,0.439818181,0,0.3966460927,0.5570019246,0,0.6502590674,False
7065,0,0.3248715234,0.439818181,0,0.1560718946,0.5570019246,0,0.645269622,False
7066,0,0.3206601005,0.439818181,0,0.2245912434,0.5570019246,0,0.6374976012,False
7067,0,0.1432737613,0.439818181,0,0.08842531024,0.5570019246,0,0.3166378814,False
7068,0,0.4242586791,0.439818181,0,0.232756615,0.5570019246,0,0.8104010746,False
7069,0,0.4632395935,0.439818181,1,0.2100024373,0.5570019246,0,0.857033199,False
7070,1,0.71113044,0.439818181,1,0.8978671989,0.5570019246,1,,False
7071,0,0.4225330774,0.439818181,0,0.1245666458,0.5570019246,0,0.8080982537,False
7072,0,0.2055753641,0.439818181,0,0.2138925495,0.5570019246,0,0.4241028593,False
7073,0,0.1401615904,0.439818181,0,0.1170644945,0.5570019246,0,0.3121281904,False
7074,0,0.371271749,0.439818181,0,0.4417238145,0.5570019246,0,0.7298023412,False
7075,0,0.3668190594,0.439818181,0,0.1646531684,0.5570019246,0,0.7219343696,False
7076,0,0.1966081364,0.439818181,0,0.09956470953,0.5570019246,0,0.4075033583,False
7077,0,0.1060619334,0.439818181,0,0.04658208002,0.5570019246,0,0.2560928804,False
7078,0,0.2653815801,0.439818181,0,0.08822162186,0.5570019246,0,0.5326232969,False
7079,0,0.05435202684,0.439818181,0,0.03811878641,0.5570019246,0,0.1625407791,False
7080,0,0.3439382933,0.439818181,0,0.2001680702,0.5570019246,0,0.6808673959,False
7081,1,0.7156165425,0.439818181,1,0.8605066104,0.5570019246,1,,False
7082,0,0.7050579655,0.439818181,1,0.3550923552,0.5570019246,0,0.993187488,True
7083,1,0.7291386779,0.439818181,1,0.9046114704,0.5570019246,1,,False
7084,1,0.4802765356,0.439818181,1,0.7796789848,0.5570019246,1,,False
7085,1,0.5073731478,0.439818181,1,0.7376307217,0.5570019246,1,,False
7086,1,0.7645536053,0.439818181,1,0.9397575864,0.5570019246,1,,False
7087,0,0.3697833244,0.439818181,0,0.5231185035,0.5570019246,0,0.7266359624,False
7088,0,0.4335758496,0.439818181,0,0.1853921487,0.5570019246,0,0.8208597198,False
7089,0,0.4592794067,0.439818181,1,0.2615374801,0.5570019246,0,0.8531951641,False
7090,1,0.6206984159,0.439818181,1,0.7878702968,0.5570019246,1,,False
7091,0,0.2769163811,0.439818181,0,0.179474283,0.5570019246,0,0.5522932259,False
7092,0,0.4399294952,0.439818181,1,0.2193807654,0.5570019246,0,0.8292074458,False
7093,1,0.8053259421,0.439818181,1,0.8628636825,0.5570019246,1,,False
7094,0,0.2642530015,0.439818181,0,0.1102110499,0.5570019246,0,0.530992132,False
7095,0,0.4057409488,0.439818181,0,0.228415952,0.5570019246,0,0.7850700441,False
7096,0,0.09097594605,0.439818181,0,0.05071590466,0.5570019246,0,0.2315294569,False
7097,0,0.238438582,0.439818181,0,0.1613466496,0.5570019246,0,0.481865285,False
7098,1,0.6448488695,0.439818181,1,0.8864707372,0.5570019246,1,,False
7099,1,0.6444854905,0.439818181,1,0.8010215771,0.5570019246,1,,False
7100,0,0.2754768637,0.439818181,0,0.6316258556,0.5570019246,1,0.5490308962,False
7101,0,0.200893983,0.439818181,0,0.05607586115,0.5570019246,0,0.4157551334,False
7102,0,0.3756727451,0.439818181,0,0.1624417553,0.5570019246,0,0.7387257724,False
7103,0,0.151444738,0.439818181,0,0.07269493985,0.5570019246,0,0.3304548071,False
7104,0,0.4993076469,0.439818181,1,0.5897814909,0.5570019246,1,0.8945499904,False
7105,0,0.06734373454,0.439818181,0,0.06277140131,0.5570019246,0,0.1897908271,False
7106,0,0.369052353,0.439818181,0,0.3732171359,0.5570019246,0,0.7257724045,False
7107,1,0.7540924415,0.439818181,1,0.8409892764,0.5570019246,1,,False
7108,0,0.330035195,0.439818181,0,0.104726529,0.5570019246,0,0.6545768566,False
7109,0,0.2397529841,0.439818181,0,0.6277618105,0.5570019246,1,0.4842640568,False
7110,0,0.5179700476,0.439818181,1,0.2168981268,0.5570019246,0,0.9108616388,True
7111,0,0.2019663754,0.439818181,0,0.2247886368,0.5570019246,0,0.4177701017,False
7112,0,0.1376573383,0.439818181,0,0.0676208339,0.5570019246,0,0.3080982537,False
7113,0,0.2675494031,0.439818181,0,0.159645415,0.5570019246,0,0.5363653809,False
7114,0,0.4495655978,0.439818181,1,0.2531771596,0.5570019246,0,0.8422567645,False
7115,0,0.4026879709,0.439818181,0,0.1781698604,0.5570019246,0,0.7816158127,False
7116,0,0.2226766277,0.439818181,0,0.189132779,0.5570019246,0,0.4521205143,False
7117,0,0.0373487273,0.439818181,0,0.02755891404,0.5570019246,0,0.1292458261,False
7118,0,0.6493153066,0.439818181,1,0.2817840334,0.5570019246,0,0.9786989062,True
7119,0,0.3453929995,0.439818181,0,0.1766740978,0.5570019246,0,0.6840337747,False
7120,0,0.5871250095,0.439818181,1,0.2139798695,0.5570019246,0,0.9568221071,True
7121,0,0.1725064955,0.439818181,0,0.0564610995,0.5570019246,0,0.3644214162,False
7122,0,0.3709016092,0.439818181,0,0.4532166637,0.5570019246,0,0.7290347342,False
7123,0,0.3190310042,0.439818181,0,0.1731667848,0.5570019246,0,0.634619075,False
7124,0,0.3578328565,0.439818181,0,0.1251254401,0.5570019246,0,0.7048551142,False
7125,0,0.4779626204,0.439818181,1,0.2206652843,0.5570019246,0,0.8739205527,False
7126,0,0.2160811265,0.439818181,0,0.09088735137,0.5570019246,0,0.4411821148,False
7127,0,0.3400103521,0.439818181,0,0.1285618045,0.5570019246,0,0.6738629822,False
7128,0,0.1605756,0.439818181,0,0.1025841618,0.5570019246,0,0.3451352907,False
7129,0,0.2396039656,0.439818181,0,0.1357547303,0.5570019246,0,0.4838802533,False
7130,0,0.5651325612,0.439818181,1,0.3567125609,0.5570019246,0,0.9451161006,True
7131,0,0.3325262552,0.439818181,0,0.2006929048,0.5570019246,0,0.6596622529,False
7132,1,0.6309437244,0.439818181,1,0.8774388125,0.5570019246,1,,False
7133,0,0.1785628601,0.439818181,0,0.07798922732,0.5570019246,0,0.3755517175,False
7134,0,0.5511573459,0.439818181,1,0.2616362607,0.5570019246,0,0.934945308,True
7135,0,0.3667254187,0.439818181,0,0.200438861,0.5570019246,0,0.7217424679,False
7136,0,0.4430740277,0.439818181,1,0.6655562682,0.5570019246,1,0.833621186,False
7137,0,0.3132629173,0.439818181,0,0.2913187639,0.5570019246,0,0.6239685281,False
7138,0,0.2462255751,0.439818181,0,0.07372068185,0.5570019246,0,0.4961619651,False
7139,1,0.6355566108,0.439818181,1,0.5133032791,0.5570019246,0,,False
7140,1,0.6455188973,0.439818181,1,0.7827172847,0.5570019246,1,,False
7141,1,0.5591925194,0.439818181,1,0.7073099803,0.5570019246,1,,False
7142,0,0.05831085322,0.439818181,0,0.03938789243,0.5570019246,0,0.1723277682,False
7143,1,0.7365604553,0.439818181,1,0.8973120356,0.5570019246,1,,False
7144,0,0.4966930798,0.439818181,1,0.1546856197,0.5570019246,0,0.8913836116,False
7145,0,0.2733600151,0.439818181,0,0.2088012264,0.5570019246,0,0.5449050086,False
7146,0,0.2368838263,0.439818181,0,0.1854095473,0.5570019246,0,0.4781232009,False
7147,0,0.3244595382,0.439818181,0,0.1412265325,0.5570019246,0,0.6445979658,False
7148,0,0.2927551817,0.439818181,0,0.4727845934,0.5570019246,0,0.5826137018,False
7149,0,0.1687970153,0.439818181,0,0.08495953781,0.5570019246,0,0.3589522165,False
7150,0,0.2873702765,0.439818181,0,0.1866087431,0.5570019246,0,0.5714834005,False
7151,0,0.2833311823,0.439818181,0,0.1099506356,0.5570019246,0,0.5645749376,False
7152,0,0.004824629357,0.439818181,0,0.007818390041,0.5570019246,0,0.02485127615,False
7153,0,0.349222356,0.439818181,0,0.2212014613,0.5570019246,0,0.6903665323,False
7154,0,0.2318021662,0.439818181,0,0.2202011101,0.5570019246,0,0.4687200154,False
7155,0,0.3047613195,0.439818181,0,0.2169953696,0.5570019246,0,0.6067933218,False
7156,0,0.457756422,0.439818181,1,0.1541371082,0.5570019246,0,0.8512761466,False
7157,0,0.3826623069,0.439818181,0,0.209304313,0.5570019246,0,0.7501439263,False
7158,0,0.05843262014,0.439818181,0,0.02744251355,0.5570019246,0,0.1728075225,False
7159,1,0.7562752434,0.439818181,1,0.9074116933,0.5570019246,1,,False
7160,0,0.1265249031,0.439818181,0,0.07587259352,0.5570019246,0,0.2902513913,False
7161,0,0.6100197187,0.439818181,1,0.615197133,0.5570019246,1,0.9661293418,True
7162,0,0.01513199996,0.439818181,0,0.008822806349,0.5570019246,0,0.06774131645,False
7163,0,0.4484418568,0.439818181,1,0.2790776598,0.5570019246,0,0.8408175014,False
7164,0,0.1322520956,0.439818181,0,0.1055082249,0.5570019246,0,0.2999424295,False
7165,0,0.4257509484,0.439818181,0,0.4798114489,0.5570019246,0,0.8122241412,False
7166,0,0.4650291558,0.439818181,1,0.7637014339,0.5570019246,1,0.8587603147,False
7167,1,0.6726394757,0.439818181,1,0.8963872195,0.5570019246,1,,False
7168,0,0.6753910531,0.439818181,1,0.3377327769,0.5570019246,0,0.9870466321,True
7169,0,0.6734830292,0.439818181,1,0.3608178398,0.5570019246,0,0.9862790251,True
7170,0,0.1335954561,0.439818181,0,0.1006699111,0.5570019246,0,0.3021492996,False
7171,1,0.4845536866,0.439818181,1,0.6505222203,0.5570019246,1,,False
7172,0,0.1809123989,0.439818181,0,0.08617628374,0.5570019246,0,0.3796776051,False
7173,0,0.1584574062,0.439818181,0,0.08216120021,0.5570019246,0,0.3407215506,False
7174,0,0.5335814852,0.439818181,1,0.09508375355,0.5570019246,0,0.9224716945,True
7175,1,0.7194801752,0.439818181,1,0.7976717751,0.5570019246,1,,False
7176,0,0.6119813468,0.439818181,1,0.3326405704,0.5570019246,0,0.9676645557,True
7177,0,0.2741266596,0.439818181,0,0.1199302131,0.5570019246,0,0.5470159278,False
7178,0,0.3205382428,0.439818181,0,0.1922246965,0.5570019246,0,0.6372097486,False
7179,0,0.2818538977,0.439818181,0,0.4113298535,0.5570019246,0,0.5616964114,False
7180,1,0.576369294,0.439818181,1,0.8055132191,0.5570019246,1,,False
7181,1,0.3497848087,0.439818181,0,0.7271712859,0.5570019246,1,,False
7182,1,0.6727339649,0.439818181,1,0.7969901695,0.5570019246,1,,False
7183,0,0.4077533544,0.439818181,0,0.5400476697,0.5570019246,0,0.7875647668,False
7184,0,0.4152688068,0.439818181,0,0.1274719367,0.5570019246,0,0.7979274611,False
7185,0,0.1062645202,0.439818181,0,0.04452334721,0.5570019246,0,0.2567645366,False
7186,0,0.01638578427,0.439818181,0,0.019879376,0.5570019246,0,0.07225100748,False
7187,0,0.4141602369,0.439818181,0,0.1805659601,0.5570019246,0,0.7962003454,False
7188,0,0.404780113,0.439818181,0,0.2413364475,0.5570019246,0,0.7842064863,False
7189,0,0.1771733194,0.439818181,0,0.08386223381,0.5570019246,0,0.3723853387,False
7190,0,0.2992405581,0.439818181,0,0.1405403546,0.5570019246,0,0.5969103819,False
7191,1,0.7261916105,0.439818181,1,0.9374292054,0.5570019246,1,,False
7192,0,0.08150770402,0.439818181,0,0.0458850339,0.5570019246,0,0.2154097102,False
7193,0,0.3288545866,0.439818181,0,0.255028177,0.5570019246,0,0.6526578392,False
7194,0,0.3708349634,0.439818181,0,0.1962153498,0.5570019246,0,0.7288428325,False
7195,1,0.6974314444,0.439818181,1,0.4877696659,0.5570019246,0,,False
7196,0,0.1122895817,0.439818181,0,0.07763107781,0.5570019246,0,0.2676069852,False
7197,0,0.2520188893,0.439818181,0,0.1827557439,0.5570019246,0,0.5067165611,False
7198,0,0.1902262156,0.439818181,0,0.3541182466,0.5570019246,0,0.3952216465,False
7199,1,0.6318790001,0.439818181,1,0.7816929555,0.5570019246,1,,False
7200,0,0.3021202569,0.439818181,0,0.112826677,0.5570019246,0,0.6016119747,False
7201,0,0.1973395294,0.439818181,0,0.08099788334,0.5570019246,0,0.4086547688,False
7202,1,0.54763043,0.439818181,1,0.7362134858,0.5570019246,1,,False
7203,1,0.4831315715,0.439818181,1,0.6661337065,0.5570019246,1,,False
7204,1,0.6027158436,0.439818181,1,0.7726349167,0.5570019246,1,,False
7205,0,0.398167183,0.439818181,0,0.2431255625,0.5570019246,0,0.7737478411,False
7206,0,0.09849270023,0.439818181,0,0.07667920261,0.5570019246,0,0.2437152178,False
7207,0,0.3207460827,0.439818181,0,0.3349786585,0.5570019246,0,0.6379773556,False
7208,0,0.3540533527,0.439818181,0,0.1772939887,0.5570019246,0,0.6968911917,False
7209,1,0.795905814,0.439818181,1,0.9406983624,0.5570019246,1,,False
7210,0,0.3145742206,0.439818181,0,0.2106593284,0.5570019246,0,0.6258875456,False
7211,0,0.01837171063,0.439818181,0,0.005967052031,0.5570019246,0,0.07906351948,False
7212,1,0.5191255659,0.439818181,1,0.4530191977,0.5570019246,0,,False
7213,0,0.2056946348,0.439818181,0,0.1384614491,0.5570019246,0,0.4242947611,False
7214,0,0.2296715022,0.439818181,0,0.07654296967,0.5570019246,0,0.4635386682,False
7215,1,0.6136315454,0.439818181,1,0.8543563812,0.5570019246,1,,False
7216,0,0.241970259,0.439818181,0,0.1382087331,0.5570019246,0,0.4889656496,False
7217,0,0.08072599569,0.439818181,0,0.04682875472,0.5570019246,0,0.2138744963,False
7218,0,0.1646359639,0.439818181,0,0.06461975629,0.5570019246,0,0.3514680484,False
7219,0,0.5060586643,0.439818181,1,0.1665418216,0.5570019246,0,0.9006908463,True
7220,0,0.488187917,0.439818181,1,0.1393699617,0.5570019246,0,0.8834196891,False
7221,0,0.3085175346,0.439818181,0,0.178564832,0.5570019246,0,0.6143734408,False
7222,0,0.522982799,0.439818181,1,0.1755348182,0.5570019246,0,0.9154672808,True
7223,0,0.319189246,0.439818181,0,0.1729398749,0.5570019246,0,0.6348109768,False
7224,0,0.4541742774,0.439818181,1,0.4367481171,0.5570019246,0,0.8481097678,False
7225,0,0.2395671652,0.439818181,0,0.1816386704,0.5570019246,0,0.4836883516,False
7226,0,0.2768040039,0.439818181,0,0.1514741152,0.5570019246,0,0.5517175206,False
7227,0,0.3155284426,0.439818181,0,0.1623509931,0.5570019246,0,0.6279984648,False
7228,0,0.6684417587,0.439818181,1,0.7099282552,0.5570019246,1,0.9850316638,True
7229,0,0.1327134741,0.439818181,0,0.08300689425,0.5570019246,0,0.3009978891,False
7230,0,0.34411052,0.439818181,0,0.2053622025,0.5570019246,0,0.6813471503,False
7231,0,0.3943270134,0.439818181,0,0.31476795,0.5570019246,0,0.7683745922,False
7232,0,0.122778987,0.439818181,0,0.06702245592,0.5570019246,0,0.2837267319,False
7233,0,0.4077813112,0.439818181,0,0.09684144615,0.5570019246,0,0.7876607177,False
7234,0,0.3578544283,0.439818181,0,0.1499348072,0.5570019246,0,0.7049510651,False
7235,0,0.3024761598,0.439818181,0,0.1287473858,0.5570019246,0,0.6021876799,False
7236,0,0.4341643611,0.439818181,0,0.1914170401,0.5570019246,0,0.8217232777,False
7237,0,0.3605873169,0.439818181,0,0.1767991526,0.5570019246,0,0.709556707,False
7238,0,0.3398318752,0.439818181,0,0.2280100405,0.5570019246,0,0.6729994243,False
7239,0,0.2038567609,0.439818181,0,0.1004505388,0.5570019246,0,0.4214162349,False
7240,0,0.2405123842,0.439818181,0,0.1308796624,0.5570019246,0,0.4859911725,False
7241,0,0.4614890657,0.439818181,1,0.2840452564,0.5570019246,0,0.8550182307,False
7242,0,0.1936178712,0.439818181,0,0.12569394,0.5570019246,0,0.4019382076,False
7243,0,0.5644678253,0.439818181,1,0.8265878467,0.5570019246,1,0.9446363462,True
7244,0,0.4640650046,0.439818181,1,0.211426931,0.5570019246,0,0.8579927077,False
7245,0,0.2415974454,0.439818181,0,0.2290855943,0.5570019246,0,0.4880061409,False
7246,0,0.2878422045,0.439818181,0,0.1266894436,0.5570019246,0,0.5720591057,False
7247,0,0.4720545088,0.439818181,1,0.6825246413,0.5570019246,1,0.8674918442,False
7248,0,0.4330048967,0.439818181,0,0.1887239805,0.5570019246,0,0.8200921128,False
7249,0,0.4679026629,0.439818181,1,0.2129594057,0.5570019246,0,0.8622145462,False
7250,0,0.4692173413,0.439818181,1,0.1130422218,0.5570019246,0,0.8642295145,False
7251,1,0.8245782158,0.439818181,1,0.9590738289,0.5570019246,1,,False
7252,0,0.4301174646,0.439818181,0,0.3306122964,0.5570019246,0,0.8162540779,False
7253,0,0.2885973447,0.439818181,0,0.1384110066,0.5570019246,0,0.5736902706,False
7254,0,0.06553440546,0.439818181,0,0.04912766574,0.5570019246,0,0.1856649396,False
7255,0,0.4291197552,0.439818181,0,0.2260401583,0.5570019246,0,0.8152945692,False
7256,0,0.1093182486,0.439818181,0,0.04501056834,0.5570019246,0,0.2623296872,False
7257,0,0.4024585671,0.439818181,0,0.2651373605,0.5570019246,0,0.7811360583,False
7258,0,0.3260246563,0.439818181,0,0.7098411527,0.5570019246,1,0.6478602955,False
7259,0,0.2396689946,0.439818181,0,0.2260826396,0.5570019246,0,0.4840721551,False
7260,0,0.4022136777,0.439818181,0,0.1624447664,0.5570019246,0,0.7807522548,False
7261,0,0.2046369209,0.439818181,0,0.1042009248,0.5570019246,0,0.4221838419,False
7262,0,0.1168236185,0.439818181,0,0.06371166518,0.5570019246,0,0.2755709077,False
7263,0,0.2679062928,0.439818181,0,0.07520542504,0.5570019246,0,0.5368451353,False
7264,0,0.250871926,0.439818181,0,0.2114507566,0.5570019246,0,0.5044137402,False
7265,0,0.3625150097,0.439818181,0,0.1374798403,0.5570019246,0,0.7138744963,False
7266,0,0.01861780116,0.439818181,0,0.009792715757,0.5570019246,0,0.07944732297,False
7267,0,0.1586353567,0.439818181,0,0.1123065126,0.5570019246,0,0.3413932067,False
7268,0,0.5107449468,0.439818181,1,0.2586876136,0.5570019246,0,0.9049126847,True
7269,0,0.5567429864,0.439818181,1,0.256790241,0.5570019246,0,0.9398388025,True
7270,1,0.5860214674,0.439818181,1,0.8113614535,0.5570019246,1,,False
7271,0,0.4361456438,0.439818181,0,0.1725267706,0.5570019246,0,0.8247937056,False
7272,0,0.1751505163,0.439818181,0,0.07207405618,0.5570019246,0,0.3689311073,False
7273,0,0.4308100789,0.439818181,0,0.4476495184,0.5570019246,0,0.8172135866,False
7274,0,0.2744129765,0.439818181,0,0.1098768908,0.5570019246,0,0.5475916331,False
7275,0,0.4391071583,0.439818181,0,0.1578331251,0.5570019246,0,0.8279600844,False
7276,0,0.01196391073,0.439818181,0,0.005231591519,0.5570019246,0,0.05680291691,False
7277,0,0.01685513366,0.439818181,0,0.0107871738,0.5570019246,0,0.07445787757,False
7278,0,0.1248795132,0.439818181,0,0.1141106117,0.5570019246,0,0.2863174055,False
7279,1,0.5635463162,0.439818181,1,0.8778131198,0.5570019246,1,,False
7280,0,0.2875356305,0.439818181,0,0.1374769767,0.5570019246,0,0.5716753022,False
7281,0,0.3308675652,0.439818181,0,0.2717377935,0.5570019246,0,0.6561120706,False
7282,0,0.4377969502,0.439818181,0,0.1603282884,0.5570019246,0,0.8264248705,False
7283,0,0.3394303348,0.439818181,0,0.4146870978,0.5570019246,0,0.6722318173,False
7284,1,0.5949405287,0.439818181,1,0.8520283501,0.5570019246,1,,False
7285,1,0.6631989215,0.439818181,1,0.7199768899,0.5570019246,1,,False
7286,0,0.1663880406,0.439818181,0,0.1352068024,0.5570019246,0,0.3553060833,False
7287,0,0.1573193923,0.439818181,0,0.1121624602,0.5570019246,0,0.3390903857,False
7288,0,0.273753292,0.439818181,0,0.2768399688,0.5570019246,0,0.54615237,False
7289,0,0.01444696313,0.439818181,0,0.005966339004,0.5570019246,0,0.06495874112,False
7290,0,0.2941028124,0.439818181,0,0.2578592531,0.5570019246,0,0.5852043754,False
7291,0,0.3166797942,0.439818181,0,0.2233655121,0.5570019246,0,0.6307810401,False
7292,0,0.3261773501,0.439818181,0,0.2088829634,0.5570019246,0,0.6481481481,False
7293,0,0.4057170422,0.439818181,0,0.2082780227,0.5570019246,0,0.7848781424,False
7294,0,0.256999858,0.439818181,0,0.5784004397,0.5570019246,1,0.5172711572,False
7295,0,0.2383335739,0.439818181,0,0.1270784935,0.5570019246,0,0.4814814815,False
7296,1,0.5246490798,0.439818181,1,0.5101361275,0.5570019246,0,,False
7297,0,0.219330411,0.439818181,0,0.128177412,0.5570019246,0,0.447035118,False
7298,1,0.429362683,0.439818181,0,0.7310364159,0.5570019246,1,,False
7299,0,0.2263684545,0.439818181,0,0.1088238655,0.5570019246,0,0.4580694684,False
7300,0,0.4306641697,0.439818181,0,0.1826249362,0.5570019246,0,0.816925734,False
7301,0,0.3481018391,0.439818181,0,0.2138191952,0.5570019246,0,0.6885434657,False
7302,0,0.5526664055,0.439818181,1,0.2571549426,0.5570019246,0,0.9365764728,True
7303,0,0.2878829918,0.439818181,0,0.1577870686,0.5570019246,0,0.5721550566,False
7304,0,0.2579604118,0.439818181,0,0.1864739038,0.5570019246,0,0.5186144694,False
7305,0,0.4109599974,0.439818181,0,0.5778032521,0.5570019246,1,0.7929380157,False
7306,0,0.3230353216,0.439818181,0,0.2054656978,0.5570019246,0,0.6422951449,False
7307,0,0.3918798593,0.439818181,0,0.2004546176,0.5570019246,0,0.7640568029,False
7308,0,0.4456239722,0.439818181,1,0.5685794796,0.5570019246,1,0.8375551718,False
7309,0,0.581501279,0.439818181,1,0.7958415232,0.5570019246,1,0.95384763,True
7310,1,0.7761927298,0.439818181,1,0.8124937009,0.5570019246,1,,False
7311,1,0.7245996271,0.439818181,1,0.9253199707,0.5570019246,1,,False
7312,1,0.7770534924,0.439818181,1,0.7744384167,0.5570019246,1,,False
7313,0,0.3111833195,0.439818181,0,0.495439191,0.5570019246,0,0.6186912301,False
7314,0,0.5259181418,0.439818181,1,0.2497377195,0.5570019246,0,0.9177701017,True
7315,0,0.6295764781,0.439818181,1,0.3205849408,0.5570019246,0,0.9725580503,True
7316,0,0.4349844309,0.439818181,0,0.4998835337,0.5570019246,0,0.822970639,False
7317,1,0.5912239167,0.439818181,1,0.4242913033,0.5570019246,0,,False
7318,1,0.6076477127,0.439818181,1,0.8810525741,0.5570019246,1,,False
7319,0,0.01411337758,0.439818181,0,0.00371322831,0.5570019246,0,0.06332757628,False
7320,1,0.7242060888,0.439818181,1,0.4969462896,0.5570019246,0,,False
7321,0,0.3619238102,0.439818181,0,0.1937667704,0.5570019246,0,0.7132028401,False
7322,1,0.5387629939,0.439818181,1,0.5862394288,0.5570019246,1,,False
7323,1,0.5689920579,0.439818181,1,0.4342067388,0.5570019246,0,,False
7324,0,0.3819427538,0.439818181,0,0.1473211957,0.5570019246,0,0.7491844176,False
7325,0,0.4343694392,0.439818181,0,0.6867470969,0.5570019246,1,0.8222989829,False
7326,0,0.2715764254,0.439818181,0,0.2582525338,0.5570019246,0,0.5422183842,False
7327,0,0.2527913694,0.439818181,0,0.1295372662,0.5570019246,0,0.5081558242,False
7328,0,0.3984315972,0.439818181,0,0.274551738,0.5570019246,0,0.7739397429,False
7329,1,0.5158689727,0.439818181,1,0.4520858696,0.5570019246,0,,False
7330,1,0.6309092975,0.439818181,1,0.4859087232,0.5570019246,0,,False
7331,1,0.6549840861,0.439818181,1,0.6708195816,0.5570019246,1,,False
7332,0,0.2638751179,0.439818181,0,0.1429843445,0.5570019246,0,0.5303204759,False
7333,0,0.2345929684,0.439818181,0,0.09204451115,0.5570019246,0,0.4739973134,False
7334,0,0.1560717941,0.439818181,0,0.07278141504,0.5570019246,0,0.3364997121,False
7335,0,0.2630374932,0.439818181,0,0.1101784462,0.5570019246,0,0.5289771637,False
7336,1,0.6644988315,0.439818181,1,0.5226543507,0.5570019246,0,,False
7337,0,0.1687667888,0.439818181,0,0.4422549011,0.5570019246,0,0.3588562656,False
7338,1,0.5933269873,0.439818181,1,0.8621040005,0.5570019246,1,,False
7339,0,0.375042529,0.439818181,0,0.1768327107,0.5570019246,0,0.7372865093,False
7340,1,0.594370626,0.439818181,1,0.6363354313,0.5570019246,1,,False
7341,0,0.4145283564,0.439818181,0,0.5079107397,0.5570019246,0,0.7967760507,False
7342,0,0.391957258,0.439818181,0,0.15350039,0.5570019246,0,0.7641527538,False
7343,0,0.156905779,0.439818181,0,0.07254383004,0.5570019246,0,0.3384187296,False
7344,0,0.3019512117,0.439818181,0,0.1275685079,0.5570019246,0,0.6009403186,False
7345,0,0.1015900169,0.439818181,0,0.06407891064,0.5570019246,0,0.2487046632,False
7346,0,0.476591754,0.439818181,1,0.1219028,0.5570019246,0,0.8722893878,False
7347,0,0.06932543695,0.439818181,0,0.03357356487,0.5570019246,0,0.1939167146,False
7348,0,0.3673421304,0.439818181,0,0.2095586654,0.5570019246,0,0.7228938783,False
7349,0,0.03739574578,0.439818181,0,0.02522605834,0.5570019246,0,0.129341777,False
7350,0,0.2355791681,0.439818181,0,0.1167303757,0.5570019246,0,0.47582038,False
7351,1,0.5688147438,0.439818181,1,0.4010734749,0.5570019246,0,,False
7352,0,0.3982836688,0.439818181,0,0.1822251856,0.5570019246,0,0.773843792,False
7353,0,0.1393268985,0.439818181,0,0.1431786043,0.5570019246,0,0.3106889273,False
7354,0,0.3974817216,0.439818181,0,0.4543285951,0.5570019246,0,0.7725004798,False
7355,0,0.4367786898,0.439818181,0,0.192353094,0.5570019246,0,0.8251775091,False
7356,0,0.3419940955,0.439818181,0,0.1620544622,0.5570019246,0,0.676261754,False
7357,0,0.1437376739,0.439818181,0,0.05431924133,0.5570019246,0,0.3177892919,False
7358,0,0.5794809422,0.439818181,1,0.2907238979,0.5570019246,0,0.953080023,True
7359,1,0.5099385567,0.439818181,1,0.5626061999,0.5570019246,1,,False
7360,0,0.3564111539,0.439818181,0,0.1576257636,0.5570019246,0,0.7014968336,False
7361,0,0.07017688426,0.439818181,0,0.06583914598,0.5570019246,0,0.1955478795,False
7362,1,0.5785097646,0.439818181,1,0.8711326204,0.5570019246,1,,False
7363,0,0.3257851554,0.439818181,0,0.1939480803,0.5570019246,0,0.6471886394,False
7364,0,0.5131275945,0.439818181,1,0.5501974058,0.5570019246,0,0.906927653,True
7365,1,0.5994803314,0.439818181,1,0.8692090033,0.5570019246,1,,False
7366,0,0.3481930465,0.439818181,0,0.1239655482,0.5570019246,0,0.6888313184,False
7367,0,0.5759522316,0.439818181,1,0.7595325024,0.5570019246,1,0.9516407599,True
7368,1,0.6008182831,0.439818181,1,0.8323535674,0.5570019246,1,,False
7369,1,0.6272153156,0.439818181,1,0.8110122715,0.5570019246,1,,False
7370,0,0.367694924,0.439818181,0,0.458714346,0.5570019246,0,0.7235655344,False
7371,0,0.6525538848,0.439818181,1,0.3680791371,0.5570019246,0,0.9799462675,True
7372,0,0.2232116602,0.439818181,0,0.1324081274,0.5570019246,0,0.4532719248,False
7373,0,0.3588034034,0.439818181,0,0.3529009537,0.5570019246,0,0.7068700825,False
7374,0,0.3218030163,0.439818181,0,0.5938898213,0.5570019246,1,0.6401842257,False
7375,0,0.2625901299,0.439818181,0,0.09141695408,0.5570019246,0,0.5278257532,False
7376,0,0.4010442292,0.439818181,0,0.1712659733,0.5570019246,0,0.7792170409,False
7377,0,0.231516969,0.439818181,0,0.08676113888,0.5570019246,0,0.4678564575,False
7378,0,0.304484162,0.439818181,0,0.3972559906,0.5570019246,0,0.6061216657,False
7379,1,0.6508135956,0.439818181,1,0.8640767438,0.5570019246,1,,False
7380,0,0.09952563322,0.439818181,0,0.04943114934,0.5570019246,0,0.2452504318,False
7381,0,0.3739419913,0.439818181,0,0.1280810188,0.5570019246,0,0.7353674918,False
7382,0,0.3712061622,0.439818181,0,0.3082464684,0.5570019246,0,0.7297063903,False
7383,0,0.3168740694,0.439818181,0,0.1318500665,0.5570019246,0,0.6310688927,False
7384,0,0.1986557978,0.439818181,0,0.172103482,0.5570019246,0,0.4101899827,False
7385,0,0.3955916692,0.439818181,0,0.5500579895,0.5570019246,0,0.7702936097,False
7386,0,0.08778238744,0.439818181,0,0.04101569336,0.5570019246,0,0.2250047975,False
7387,1,0.55486378,0.439818181,1,0.7998913396,0.5570019246,1,,False
7388,0,0.4757925443,0.439818181,1,0.2692589916,0.5570019246,0,0.8716177317,False
7389,0,0.5404438417,0.439818181,1,0.6655306753,0.5570019246,1,0.9278449434,True
7390,0,0.4106492207,0.439818181,0,0.1321407986,0.5570019246,0,0.7924582614,False
7391,0,0.2671249716,0.439818181,0,0.2411336666,0.5570019246,0,0.5358856266,False
7392,0,0.3292692373,0.439818181,0,0.1809705175,0.5570019246,0,0.6537132988,False
7393,0,0.218520898,0.439818181,0,0.09242359401,0.5570019246,0,0.4463634619,False
7394,0,0.4063560225,0.439818181,0,0.159238348,0.5570019246,0,0.7862214546,False
7395,0,0.3334233834,0.439818181,0,0.1687235795,0.5570019246,0,0.6611974669,False
7396,0,0.3632101969,0.439818181,0,0.267854916,0.5570019246,0,0.714834005,False
7397,1,0.4658590281,0.439818181,1,0.4385989982,0.5570019246,0,,False
7398,0,0.179214914,0.439818181,0,0.1568064699,0.5570019246,0,0.3771828824,False
7399,0,0.435008569,0.439818181,0,0.1883728012,0.5570019246,0,0.8230665899,False
7400,0,0.2802800222,0.439818181,0,0.1241210871,0.5570019246,0,0.5589138361,False
7401,0,0.2212973426,0.439818181,0,0.2245496964,0.5570019246,0,0.4500095951,False
7402,0,0.2506147091,0.439818181,0,0.06373936823,0.5570019246,0,0.5040299367,False
7403,0,0.4164416129,0.439818181,0,0.2567359887,0.5570019246,0,0.7997505277,False
7404,0,0.3339450286,0.439818181,0,0.1418415574,0.5570019246,0,0.6620610248,False
7405,0,0.05436059693,0.439818181,0,0.2561458629,0.5570019246,0,0.16263673,False
7406,0,0.3051278198,0.439818181,0,0.08919564831,0.5570019246,0,0.6075609288,False
7407,0,0.2366868963,0.439818181,0,0.0722776227,0.5570019246,0,0.4776434466,False
7408,0,0.2538287746,0.439818181,0,0.540003317,0.5570019246,0,0.5102667434,False
7409,0,0.2921252411,0.439818181,0,0.1745908039,0.5570019246,0,0.5811744387,False
7410,0,0.01746999553,0.439818181,0,0.01068389329,0.5570019246,0,0.0768566494,False
7411,0,0.6115812471,0.439818181,1,0.337571806,0.5570019246,0,0.9672807523,True
7412,1,0.5789676949,0.439818181,1,0.8341247672,0.5570019246,1,,False
7413,0,0.3633938988,0.439818181,0,0.1490260676,0.5570019246,0,0.7152178085,False
7414,0,0.2887960381,0.439818181,0,0.1763899567,0.5570019246,0,0.5738821723,False
7415,0,0.4041609944,0.439818181,0,0.2059607241,0.5570019246,0,0.7835348302,False
7416,0,0.2450946433,0.439818181,0,0.1481020267,0.5570019246,0,0.4952024563,False
7417,0,0.2311297467,0.439818181,0,0.1883655682,0.5570019246,0,0.4672807523,False
7418,0,0.3763051016,0.439818181,0,0.4315723664,0.5570019246,0,0.7400690846,False
7419,0,0.6017631755,0.439818181,1,0.3340966599,0.5570019246,0,0.9632508156,True
7420,0,0.4070511757,0.439818181,0,0.166741294,0.5570019246,0,0.7868931107,False
7421,0,0.1993183733,0.439818181,0,0.09132495811,0.5570019246,0,0.4116292458,False
7422,1,0.7414631441,0.439818181,1,0.8342012038,0.5570019246,1,,False
7423,0,0.4147992893,0.439818181,0,0.2937646458,0.5570019246,0,0.7971598542,False
7424,0,0.2789230488,0.439818181,0,0.1679067302,0.5570019246,0,0.5562272117,False
7425,0,0.6702282548,0.439818181,1,0.6859366771,0.5570019246,1,0.9853195164,True
7426,0,0.3292166485,0.439818181,0,0.1661727047,0.5570019246,0,0.653521397,False
7427,1,0.804304344,0.439818181,1,0.9420721235,0.5570019246,1,,False
7428,0,0.2122858825,0.439818181,0,0.1347502849,0.5570019246,0,0.4347534063,False
7429,1,0.6896673816,0.439818181,1,0.8721562822,0.5570019246,1,,False
7430,0,0.02503295085,0.439818181,0,0.02792702625,0.5570019246,0,0.09662252927,False
7431,0,0.4529993697,0.439818181,1,0.197483107,0.5570019246,0,0.846478603,False
7432,0,0.4580723371,0.439818181,1,0.6972864079,0.5570019246,1,0.8521397045,False
7433,1,0.6512472586,0.439818181,1,0.7698684203,0.5570019246,1,,False
7434,0,0.3345876756,0.439818181,0,0.1285746309,0.5570019246,0,0.6635962387,False
7435,0,0.283651511,0.439818181,0,0.1869678063,0.5570019246,0,0.5654384955,False
7436,0,0.02079838778,0.439818181,0,0.01519907778,0.5570019246,0,0.08702744195,False
7437,1,0.4573562892,0.439818181,1,0.500127817,0.5570019246,0,,False
7438,0,0.2804305083,0.439818181,0,0.1939821151,0.5570019246,0,0.5591057379,False
7439,1,0.5594175438,0.439818181,1,0.7751449998,0.5570019246,1,,False
7440,0,0.03163083269,0.439818181,0,0.02858377135,0.5570019246,0,0.1134139321,False
7441,0,0.5074879576,0.439818181,1,0.5082632632,0.5570019246,0,0.9018422568,True
7442,0,0.2632256731,0.439818181,0,0.1252865866,0.5570019246,0,0.5291690654,False
7443,0,0.6081024898,0.439818181,1,0.2727417684,0.5570019246,0,0.9652657839,True
7444,0,0.591148197,0.439818181,1,0.6496802389,0.5570019246,1,0.9585492228,True
7445,0,0.002243874314,0.439818181,0,0.003585375383,0.5570019246,0,0.01247361351,False
7446,0,0.5513057395,0.439818181,1,0.1577960762,0.5570019246,0,0.9351372097,True
7447,0,0.3625714753,0.439818181,0,0.2702720904,0.5570019246,0,0.7139704471,False
7448,0,0.199244599,0.439818181,0,0.1577253483,0.5570019246,0,0.4114373441,False
7449,0,0.2285822273,0.439818181,0,0.128295353,0.5570019246,0,0.461427749,False
7450,1,0.5713536288,0.439818181,1,0.4828611202,0.5570019246,0,,False
7451,0,0.06258923722,0.439818181,0,0.02578595584,0.5570019246,0,0.1810592976,False
7452,0,0.3451855133,0.439818181,0,0.2093056045,0.5570019246,0,0.6834580695,False
7453,0,0.1885165497,0.439818181,0,0.1168255062,0.5570019246,0,0.3924390712,False
7454,0,0.2384178665,0.439818181,0,0.1007211395,0.5570019246,0,0.4816733832,False
7455,0,0.4371297013,0.439818181,0,0.1406415778,0.5570019246,0,0.8253694109,False
7456,0,0.1966668297,0.439818181,0,0.08264559565,0.5570019246,0,0.4075993092,False
7457,0,0.2609681743,0.439818181,0,0.1150124226,0.5570019246,0,0.5237958165,False
7458,0,0.144669954,0.439818181,0,0.1013922795,0.5570019246,0,0.3191326041,False
7459,0,0.4350365816,0.439818181,0,0.3016792872,0.5570019246,0,0.8231625408,False
7460,0,0.334484625,0.439818181,0,0.2155989256,0.5570019246,0,0.6633083861,False
7461,0,0.4988828852,0.439818181,1,0.2647102744,0.5570019246,0,0.8941661869,False
7462,0,0.5816159642,0.439818181,1,0.280540263,0.5570019246,0,0.9540395318,True
7463,0,0.3343058031,0.439818181,0,0.2041657671,0.5570019246,0,0.6628286317,False
7464,0,0.01978664514,0.439818181,0,0.01674218636,0.5570019246,0,0.08338130877,False
7465,0,0.2921563524,0.439818181,0,0.09789025529,0.5570019246,0,0.5813663404,False
7466,0,0.242668373,0.439818181,0,0.1860654526,0.5570019246,0,0.4905008636,False
7467,0,0.4474355857,0.439818181,1,0.7621725777,0.5570019246,1,0.8391863366,False
7468,0,0.2459715982,0.439818181,0,0.07578875568,0.5570019246,0,0.4958741125,False
7469,0,0.3261852413,0.439818181,0,0.245779395,0.5570019246,0,0.648244099,False
7470,0,0.3361743224,0.439818181,0,0.2053242163,0.5570019246,0,0.6664747649,False
7471,1,0.5898646125,0.439818181,1,0.8677705792,0.5570019246,1,,False
7472,0,0.3137548273,0.439818181,0,0.2254913797,0.5570019246,0,0.6246401842,False
7473,1,0.5345105142,0.439818181,1,0.7808320185,0.5570019246,1,,False
7474,0,0.5040809131,0.439818181,1,0.299065495,0.5570019246,0,0.8993475341,False
7475,0,0.2054112684,0.439818181,0,0.1093293535,0.5570019246,0,0.4235271541,False
7476,0,0.1659600955,0.439818181,0,0.06759952248,0.5570019246,0,0.3542506237,False
7477,0,0.04563111986,0.439818181,0,0.07334413295,0.5570019246,0,0.1463250816,False
7478,0,0.2634726329,0.439818181,0,0.09103661238,0.5570019246,0,0.5295528689,False
7479,0,0.2457025435,0.439818181,0,0.2244365941,0.5570019246,0,0.4955862598,False
7480,0,0.3081501029,0.439818181,0,0.1663128959,0.5570019246,0,0.6137017847,False
7481,0,0.5080576038,0.439818181,1,0.6630085441,0.5570019246,1,0.9023220111,True
7482,0,0.01993214008,0.439818181,0,0.01733928386,0.5570019246,0,0.08405296488,False
7483,0,0.3348460928,0.439818181,0,0.2863140738,0.5570019246,0,0.664171944,False
7484,0,0.06150625018,0.439818181,0,0.03708888616,0.5570019246,0,0.1790443293,False
7485,0,0.2930890791,0.439818181,0,0.1621165203,0.5570019246,0,0.5834772596,False
7486,0,0.3517200961,0.439818181,0,0.173008327,0.5570019246,0,0.6939167146,False
7487,0,0.3912990068,0.439818181,0,0.156866856,0.5570019246,0,0.7631932451,False
7488,0,0.5650966215,0.439818181,1,0.236437247,0.5570019246,0,0.9450201497,True
7489,0,0.1197544973,0.439818181,0,0.07560590774,0.5570019246,0,0.2796008444,False
7490,0,0.06642910898,0.439818181,0,0.0468663357,0.5570019246,0,0.1879677605,False
7491,1,0.6968176232,0.439818181,1,0.8416118866,0.5570019246,1,,False
7492,0,0.1260927842,0.439818181,0,0.06939653868,0.5570019246,0,0.2890999808,False
7493,0,0.2031498322,0.439818181,0,0.133863557,0.5570019246,0,0.4200729227,False
7494,0,0.3449867788,0.439818181,0,0.1733828399,0.5570019246,0,0.6832661677,False
7495,1,0.8065044727,0.439818181,1,0.8762883126,0.5570019246,1,,False
7496,0,0.2773073465,0.439818181,0,0.1220099137,0.5570019246,0,0.5530608329,False
7497,0,0.3223572389,0.439818181,0,0.1168897523,0.5570019246,0,0.641431587,False
7498,1,0.4399237322,0.439818181,1,0.7542515588,0.5570019246,1,,False
7499,0,0.3098674163,0.439818181,0,0.1591813187,0.5570019246,0,0.6163884091,False
7500,0,0.263945689,0.439818181,0,0.475088043,0.5570019246,0,0.5304164268,False
7501,0,0.4739041113,0.439818181,1,0.2514300602,0.5570019246,0,0.8693149108,False
7502,0,0.3043242199,0.439818181,0,0.2070422364,0.5570019246,0,0.6053540587,False
7503,0,0.2604885597,0.439818181,0,0.1480640981,0.5570019246,0,0.5228363078,False
7504,0,0.45124981,0.439818181,1,0.2582329248,0.5570019246,0,0.8442717329,False
7505,0,0.348886182,0.439818181,0,0.2060001897,0.5570019246,0,0.689886778,False
7506,0,0.2442527629,0.439818181,0,0.1803635953,0.5570019246,0,0.4929955863,False
7507,0,0.4134573662,0.439818181,0,0.2175766345,0.5570019246,0,0.7952408367,False
7508,1,0.4804142174,0.439818181,1,0.8089207105,0.5570019246,1,,False
7509,0,0.2910675346,0.439818181,0,0.1748021311,0.5570019246,0,0.5787756669,False
7510,0,0.4628101976,0.439818181,1,0.1248996841,0.5570019246,0,0.8565534446,False
7511,0,0.4987974022,0.439818181,1,0.2702384379,0.5570019246,0,0.8939742852,False
7512,0,0.2051455066,0.439818181,0,0.1276590558,0.5570019246,0,0.422855498,False
7513,0,0.5576729892,0.439818181,1,0.1442057832,0.5570019246,0,0.9403185569,True
7514,0,0.08630699686,0.439818181,0,0.03197859461,0.5570019246,0,0.2232776818,False
7515,0,0.1575744964,0.439818181,0,0.07831563305,0.5570019246,0,0.339666091,False
7516,0,0.174861684,0.439818181,0,0.1340234218,0.5570019246,0,0.3682594512,False
7517,1,0.7900032622,0.439818181,1,0.9290151451,0.5570019246,1,,False
7518,1,0.6030084652,0.439818181,1,0.747869374,0.5570019246,1,,False
7519,1,0.5944840817,0.439818181,1,0.8349720443,0.5570019246,1,,False
7520,1,0.561998041,0.439818181,1,0.3946333129,0.5570019246,0,,False
7521,0,0.3980698535,0.439818181,0,0.1831658354,0.5570019246,0,0.7732680867,False
7522,0,0.1984106195,0.439818181,0,0.06029385816,0.5570019246,0,0.4098061792,False
7523,0,0.5209490364,0.439818181,1,0.1734896509,0.5570019246,0,0.9135482633,True
7524,0,0.4032138431,0.439818181,0,0.4780849173,0.5570019246,0,0.7820955671,False
7525,1,0.5561613849,0.439818181,1,0.3856085934,0.5570019246,0,,False
7526,0,0.1495350826,0.439818181,0,0.09132283791,0.5570019246,0,0.3273843792,False
7527,0,0.1802673083,0.439818181,0,0.1356236692,0.5570019246,0,0.3788140472,False
7528,0,0.2585064905,0.439818181,0,0.1425472171,0.5570019246,0,0.5195739781,False
7529,0,0.371117175,0.439818181,0,0.1582904337,0.5570019246,0,0.7296104395,False
7530,0,0.1386599967,0.439818181,0,0.06640191924,0.5570019246,0,0.309345615,False
7531,0,0.1292267373,0.439818181,0,0.03897266578,0.5570019246,0,0.2949529841,False
7532,0,0.2746700728,0.439818181,0,0.1547230472,0.5570019246,0,0.5479754366,False
7533,1,0.7035144279,0.439818181,1,0.848495543,0.5570019246,1,,False
7534,0,0.2312215369,0.439818181,0,0.3795293713,0.5570019246,0,0.4673767031,False
7535,1,0.5496317938,0.439818181,1,0.4753703599,0.5570019246,0,,False
7536,0,0.3626746711,0.439818181,0,0.1919678747,0.5570019246,0,0.7144502015,False
7537,0,0.1515046813,0.439818181,0,0.07240498693,0.5570019246,0,0.3306467089,False
7538,1,0.5797133858,0.439818181,1,0.851451514,0.5570019246,1,,False
7539,0,0.4399150127,0.439818181,1,0.495087298,0.5570019246,0,0.829015544,False
7540,1,0.6208175338,0.439818181,1,0.8399330556,0.5570019246,1,,False
7541,0,0.2445618488,0.439818181,0,0.08422508239,0.5570019246,0,0.4938591441,False
7542,0,0.3264461262,0.439818181,0,0.2444925599,0.5570019246,0,0.6491076569,False
7543,0,0.4529257835,0.439818181,1,0.534762839,0.5570019246,0,0.8461907503,False
7544,0,0.3078195779,0.439818181,0,0.3831717836,0.5570019246,0,0.6130301286,False
7545,0,0.2959493996,0.439818181,0,0.09379923715,0.5570019246,0,0.5891383612,False
7546,1,0.6638297233,0.439818181,1,0.8430524977,0.5570019246,1,,False
7547,0,0.3323929482,0.439818181,0,0.1863731549,0.5570019246,0,0.6594703512,False
7548,0,0.2440875344,0.439818181,0,0.1510233866,0.5570019246,0,0.4926117828,False
7549,0,0.03418510754,0.439818181,0,0.01757959799,0.5570019246,0,0.1207061984,False
7550,0,0.323339154,0.439818181,0,0.09751266853,0.5570019246,0,0.6426789484,False
7551,1,0.6016768856,0.439818181,1,0.7558149681,0.5570019246,1,,False
7552,0,0.2860336163,0.439818181,0,0.1676228065,0.5570019246,0,0.5692765304,False
7553,0,0.1596348134,0.439818181,0,0.0690051036,0.5570019246,0,0.343408175,False
7554,0,0.3594019901,0.439818181,0,0.1924010182,0.5570019246,0,0.7074457878,False
7555,0,0.0164076502,0.439818181,0,0.01131077696,0.5570019246,0,0.07234695836,False
7556,0,0.07128209312,0.439818181,0,0.04051817738,0.5570019246,0,0.1967952408,False
7557,1,0.7284713612,0.439818181,1,0.8482730311,0.5570019246,1,,False
7558,1,0.5807735678,0.439818181,1,0.4921478547,0.5570019246,0,,False
7559,0,0.6728432042,0.439818181,1,0.2558900951,0.5570019246,0,0.9859911725,True
7560,0,0.311060054,0.439818181,0,0.5874058901,0.5570019246,1,0.6182114757,False
7561,1,0.5247644762,0.439818181,1,0.8324701418,0.5570019246,1,,False
7562,0,0.2383614597,0.439818181,0,0.179881617,0.5570019246,0,0.4815774324,False
7563,0,0.4233738969,0.439818181,0,0.1309124304,0.5570019246,0,0.8088658607,False
7564,0,0.2813081861,0.439818181,0,0.3331803766,0.5570019246,0,0.5606409518,False
7565,1,0.627374264,0.439818181,1,0.91282044,0.5570019246,1,,False
7566,0,0.4080114567,0.439818181,0,0.1255575864,0.5570019246,0,0.7880445212,False
7567,0,0.2315177028,0.439818181,0,0.4068174579,0.5570019246,0,0.4679524084,False
7568,0,0.0240179073,0.439818181,0,0.0233135061,0.5570019246,0,0.09537516791,False
7569,0,0.06660476062,0.439818181,0,0.03455891084,0.5570019246,0,0.1884475149,False
7570,0,0.2501182783,0.439818181,0,0.1382962368,0.5570019246,0,0.5034542314,False
7571,1,0.6356800365,0.439818181,1,0.6211647441,0.5570019246,1,,False
7572,0,0.3116905776,0.439818181,0,0.7413914184,0.5570019246,1,0.6199385914,False
7573,0,0.457742238,0.439818181,1,0.2776117587,0.5570019246,0,0.8510842449,False
7574,0,0.5069861517,0.439818181,1,0.3029278,0.5570019246,0,0.9013625024,True
7575,0,0.3900697349,0.439818181,0,0.4639631348,0.5570019246,0,0.7610823258,False
7576,0,0.3986543177,0.439818181,0,0.6502873048,0.5570019246,1,0.7745154481,False
7577,0,0.2304574579,0.439818181,0,0.1832376689,0.5570019246,0,0.4653617348,False
7578,0,0.3771157842,0.439818181,0,0.500896979,0.5570019246,0,0.7417962003,False
7579,1,0.7502918334,0.439818181,1,0.9090255509,0.5570019246,1,,False
7580,1,0.539901489,0.439818181,1,0.7943125188,0.5570019246,1,,False
7581,0,0.2688290642,0.439818181,0,0.08937146331,0.5570019246,0,0.5380924966,False
7582,0,0.3211283649,0.439818181,0,0.1735527626,0.5570019246,0,0.6389368643,False
7583,0,0.6221895533,0.439818181,1,0.2166471888,0.5570019246,0,0.9706390328,True
7584,1,0.717216548,0.439818181,1,0.8716506548,0.5570019246,1,,False
7585,0,0.2911029861,0.439818181,0,0.5027092102,0.5570019246,0,0.5789675686,False
7586,0,0.2236999837,0.439818181,0,0.07165794208,0.5570019246,0,0.4539435809,False
7587,0,0.189009518,0.439818181,0,0.0839732429,0.5570019246,0,0.3931107273,False
7588,0,0.5714964786,0.439818181,1,0.3442102872,0.5570019246,0,0.9486662829,True
7589,0,0.1758233263,0.439818181,0,0.08578707832,0.5570019246,0,0.3701784686,False
7590,0,0.3131104284,0.439818181,0,0.2485103839,0.5570019246,0,0.6234887737,False
7591,0,0.3123220964,0.439818181,0,0.2505466208,0.5570019246,0,0.6214738054,False
7592,0,0.2579545412,0.439818181,0,0.1440874674,0.5570019246,0,0.5184225676,False
7593,0,0.5233069454,0.439818181,1,0.8080373014,0.5570019246,1,0.9156591825,True
7594,0,0.1994972484,0.439818181,0,0.1103402031,0.5570019246,0,0.4122049511,False
7595,1,0.5437778406,0.439818181,1,0.4921475373,0.5570019246,0,,False
7596,0,0.3677272607,0.439818181,0,0.1875659813,0.5570019246,0,0.7236614853,False
7597,0,0.2968691542,0.439818181,0,0.1393126221,0.5570019246,0,0.591537133,False
7598,0,0.3491173036,0.439818181,0,0.1482624738,0.5570019246,0,0.6901746306,False
7599,0,0.3316816225,0.439818181,0,0.2006533674,0.5570019246,0,0.6576472846,False
7600,0,0.2059193458,0.439818181,0,0.1409473822,0.5570019246,0,0.4246785646,False
7601,1,0.253073134,0.439818181,0,0.2629340393,0.5570019246,0,,False
7602,0,0.0740165006,0.439818181,0,0.07887172236,0.5570019246,0,0.2017846862,False
7603,0,0.000871924835,0.439818181,0,0.001645237367,0.5570019246,0,0.001439263097,False
7604,0,0.4186839601,0.439818181,0,0.1857033445,0.5570019246,0,0.8028209557,False
7605,1,0.6955956321,0.439818181,1,0.8694453486,0.5570019246,1,,False
7606,0,0.5148485674,0.439818181,1,0.1784978416,0.5570019246,0,0.9081750144,True
7607,1,0.6453604091,0.439818181,1,0.7917089478,0.5570019246,1,,False
7608,0,0.2700044875,0.439818181,0,0.1345866654,0.5570019246,0,0.5397236615,False
7609,0,0.5567524558,0.439818181,1,0.2203150902,0.5570019246,0,0.9399347534,True
7610,0,0.6537274017,0.439818181,1,0.2143219038,0.5570019246,0,0.9805219727,True
7611,0,0.2028966002,0.439818181,0,0.1307152518,0.5570019246,0,0.4196891192,False
7612,0,0.4164172796,0.439818181,0,0.2340473217,0.5570019246,0,0.7996545769,False
7613,0,0.3543097832,0.439818181,0,0.7699051053,0.5570019246,1,0.6977547496,False
7614,0,0.4875703524,0.439818181,1,0.656588815,0.5570019246,1,0.8826520821,False
7615,0,0.5326533517,0.439818181,1,0.1415168638,0.5570019246,0,0.9219919401,True
7616,0,0.4020165769,0.439818181,0,0.2055136399,0.5570019246,0,0.7804644022,False
7617,0,0.3812617694,0.439818181,0,0.1696189666,0.5570019246,0,0.748896565,False
7618,1,0.6794857354,0.439818181,1,0.7931975481,0.5570019246,1,,False
7619,1,0.662050035,0.439818181,1,0.8285668716,0.5570019246,1,,False
7620,1,0.5593669579,0.439818181,1,0.8461062873,0.5570019246,1,,False
7621,0,0.2099859732,0.439818181,0,0.1062549058,0.5570019246,0,0.4316829783,False
7622,0,0.3196780583,0.439818181,0,0.2082338806,0.5570019246,0,0.6359623873,False
7623,0,0.3246877305,0.439818181,0,0.4358055077,0.5570019246,0,0.6450777202,False
7624,0,0.2961925778,0.439818181,0,0.1663688778,0.5570019246,0,0.5898100173,False
7625,0,0.2749079365,0.439818181,0,0.2139919545,0.5570019246,0,0.5481673383,False
7626,1,0.7544146117,0.439818181,1,0.8558967014,0.5570019246,1,,False
7627,0,0.3269360686,0.439818181,0,0.224972971,0.5570019246,0,0.6494914604,False
7628,0,0.3903914421,0.439818181,0,0.1591981882,0.5570019246,0,0.761753982,False
7629,0,0.4750556488,0.439818181,1,0.8087450148,0.5570019246,1,0.870658223,False
7630,0,0.5030781434,0.439818181,1,0.2135178809,0.5570019246,0,0.8983880253,False
7631,0,0.289557824,0.439818181,0,0.1705231469,0.5570019246,0,0.575609288,False
7632,1,0.6788019783,0.439818181,1,0.8840337995,0.5570019246,1,,False
7633,0,0.3078664807,0.439818181,0,0.1797366938,0.5570019246,0,0.6133179812,False
7634,0,0.3051096967,0.439818181,0,0.2001268642,0.5570019246,0,0.6073690271,False
7635,0,0.2285610174,0.439818181,0,0.09389050806,0.5570019246,0,0.4612358472,False
7636,0,0.01357061538,0.439818181,0,0.01249457607,0.5570019246,0,0.061648436,False
7637,0,0.1533871358,0.439818181,0,0.07874171374,0.5570019246,0,0.3331414316,False
7638,0,0.1830563168,0.439818181,0,0.4660362109,0.5570019246,0,0.3834196891,False
7639,0,0.3714035986,0.439818181,0,0.1605869133,0.5570019246,0,0.7303780464,False
7640,0,0.1525789697,0.439818181,0,0.08351580497,0.5570019246,0,0.3317981194,False
7641,0,0.4020754747,0.439818181,0,0.253309058,0.5570019246,0,0.7805603531,False
7642,1,0.6090843174,0.439818181,1,0.8224713811,0.5570019246,1,,False
7643,0,0.01419314654,0.439818181,0,0.0137222271,0.5570019246,0,0.06380733065,False
7644,0,0.4058685082,0.439818181,0,0.404872999,0.5570019246,0,0.7853578968,False
7645,0,0.1122614512,0.439818181,0,0.1155183922,0.5570019246,0,0.2675110344,False
7646,0,0.3527156789,0.439818181,0,0.2330592927,0.5570019246,0,0.695164076,False
7647,0,0.3488810736,0.439818181,0,0.1262685514,0.5570019246,0,0.6897908271,False
7648,0,0.611226178,0.439818181,1,0.5622866745,0.5570019246,1,0.9668969488,True
7649,0,0.3660617172,0.439818181,0,0.3121901067,0.5570019246,0,0.7198234504,False
7650,1,0.6859091787,0.439818181,1,0.8395635206,0.5570019246,1,,False
7651,1,0.6328144037,0.439818181,1,0.7108087978,0.5570019246,1,,False
7652,0,0.5127493169,0.439818181,1,0.2104953615,0.5570019246,0,0.9061600461,True
7653,1,0.6402407427,0.439818181,1,0.8713508187,0.5570019246,1,,False
7654,0,0.5180660802,0.439818181,1,0.3413909808,0.5570019246,0,0.9109575897,True
7655,1,0.5671982345,0.439818181,1,0.6870651697,0.5570019246,1,,False
7656,0,0.6246690607,0.439818181,1,0.198257644,0.5570019246,0,0.9712147381,True
7657,0,0.5167609707,0.439818181,1,0.2271693795,0.5570019246,0,0.9098061792,True
7658,0,0.5909241181,0.439818181,1,0.209052882,0.5570019246,0,0.9582613702,True
7659,0,0.2520026887,0.439818181,0,0.1721861755,0.5570019246,0,0.5065246594,False
7660,0,0.04942305424,0.439818181,0,0.02344600924,0.5570019246,0,0.1531375936,False
7661,0,0.4084540849,0.439818181,0,0.1521476077,0.5570019246,0,0.7889080791,False
7662,0,0.3317713351,0.439818181,0,0.4524692848,0.5570019246,0,0.6579351372,False
7663,0,0.3587872919,0.439818181,0,0.3480870289,0.5570019246,0,0.7067741316,False
7664,0,0.3326625788,0.439818181,0,0.1430426257,0.5570019246,0,0.6600460564,False
7665,0,0.5448061459,0.439818181,1,0.2643644942,0.5570019246,0,0.9307234696,True
7666,0,0.07004080606,0.439818181,0,0.05844658842,0.5570019246,0,0.1953559777,False
7667,0,0.2347861692,0.439818181,0,0.1346862037,0.5570019246,0,0.4746689695,False
7668,0,0.05711736296,0.439818181,0,0.04765983682,0.5570019246,0,0.1692573402,False
7669,0,0.3563498699,0.439818181,0,0.7330481652,0.5570019246,1,0.701208981,False
7670,1,0.6260360942,0.439818181,1,0.6555890958,0.5570019246,1,,False
7671,0,0.2463254129,0.439818181,0,0.1294361264,0.5570019246,0,0.4964498177,False
7672,0,0.1775369593,0.439818181,0,0.1069788103,0.5570019246,0,0.3731529457,False
7673,1,0.6128986546,0.439818181,1,0.4876900049,0.5570019246,0,,False
7674,0,0.3051206635,0.439818181,0,0.1368189756,0.5570019246,0,0.6074649779,False
7675,1,0.6999587087,0.439818181,1,0.916675798,0.5570019246,1,,False
7676,1,0.7937707042,0.439818181,1,0.9460659709,0.5570019246,1,,False
7677,0,0.3259298851,0.439818181,0,0.148477608,0.5570019246,0,0.6473805412,False
7678,0,0.121750277,0.439818181,0,0.1125126063,0.5570019246,0,0.2819036653,False
7679,0,0.3468683232,0.439818181,0,0.1735992214,0.5570019246,0,0.6864325465,False
7680,1,0.6651219932,0.439818181,1,0.6758951545,0.5570019246,1,,False
7681,1,0.5213621462,0.439818181,1,0.7724231812,0.5570019246,1,,False
7682,0,0.4103183899,0.439818181,0,0.1049357359,0.5570019246,0,0.7920744579,False
7683,0,0.08206681443,0.439818181,0,0.04484392072,0.5570019246,0,0.2162732681,False
7684,0,0.6361563969,0.439818181,1,0.3604782302,0.5570019246,0,0.9743811169,True
7685,0,0.1305433939,0.439818181,0,0.105518294,0.5570019246,0,0.2973517559,False
7686,0,0.03776983625,0.439818181,0,0.01870867254,0.5570019246,0,0.130109384,False
7687,1,0.5392415256,0.439818181,1,0.4259359674,0.5570019246,0,,False
7688,0,0.3617535821,0.439818181,0,0.6570439606,0.5570019246,1,0.7128190367,False
7689,0,0.3071130926,0.439818181,0,0.1569611795,0.5570019246,0,0.6113989637,False
7690,1,0.5913037196,0.439818181,1,0.7216482549,0.5570019246,1,,False
7691,0,0.4197388467,0.439818181,0,0.2843853132,0.5570019246,0,0.8044521205,False
7692,1,0.6294862309,0.439818181,1,0.6218226772,0.5570019246,1,,False
7693,0,0.2815555951,0.439818181,0,0.1130562598,0.5570019246,0,0.5610247553,False
7694,0,0.3452862999,0.439818181,0,0.1700891731,0.5570019246,0,0.6836499712,False
7695,1,0.6230269126,0.439818181,1,0.8488661441,0.5570019246,1,,False
7696,0,0.2946295171,0.439818181,0,0.2052061847,0.5570019246,0,0.5866436385,False
7697,0,0.2913775006,0.439818181,0,0.17309184,0.5570019246,0,0.5795432738,False
7698,0,0.462390367,0.439818181,1,0.1120358936,0.5570019246,0,0.8561696411,False
7699,0,0.2793829718,0.439818181,0,0.1836959631,0.5570019246,0,0.557474573,False
7700,0,0.3422546822,0.439818181,0,0.220244563,0.5570019246,0,0.6765496066,False
7701,1,0.3889912585,0.439818181,0,0.313018506,0.5570019246,0,,False
7702,0,0.2849819978,0.439818181,0,0.1183315534,0.5570019246,0,0.5679332182,False
7703,0,0.05911818781,0.439818181,0,0.04360472247,0.5570019246,0,0.1745346383,False
7704,0,0.4971996525,0.439818181,1,0.1956841896,0.5570019246,0,0.891863366,False
7705,0,0.01692435797,0.439818181,0,0.009767307155,0.5570019246,0,0.07474573019,False
7706,0,0.5343943105,0.439818181,1,0.2914648572,0.5570019246,0,0.9230473997,True
7707,0,0.2957960747,0.439818181,0,0.5881654609,0.5570019246,1,0.5887545577,False
7708,0,0.3844909696,0.439818181,0,0.2274095525,0.5570019246,0,0.7523507964,False
7709,0,0.3254172976,0.439818181,0,0.1595142584,0.5570019246,0,0.6466129342,False
7710,0,0.322301247,0.439818181,0,0.163185067,0.5570019246,0,0.6412396853,False
7711,0,0.1855928914,0.439818181,0,0.6699243617,0.5570019246,1,0.3865860679,False
7712,0,0.1125798732,0.439818181,0,0.5174718485,0.5570019246,0,0.2681826905,False
7713,1,0.617720587,0.439818181,1,0.8362017997,0.5570019246,1,,False
7714,1,0.515234922,0.439818181,1,0.8217797586,0.5570019246,1,,False
7715,0,0.3522321466,0.439818181,0,0.1467519901,0.5570019246,0,0.6947802725,False
7716,0,0.51788885,0.439818181,1,0.2097669246,0.5570019246,0,0.910765688,True
7717,0,0.03403834121,0.439818181,0,0.01674146151,0.5570019246,0,0.1200345423,False
7718,0,0.2585897575,0.439818181,0,0.1432593468,0.5570019246,0,0.5197658799,False
7719,0,0.4938914302,0.439818181,1,0.6450666698,0.5570019246,1,0.8879293802,False
7720,0,0.3665345325,0.439818181,0,0.2057949117,0.5570019246,0,0.7211667626,False
7721,0,0.4681421385,0.439818181,1,0.1730810274,0.5570019246,0,0.8631740549,False
7722,0,0.4731228212,0.439818181,1,0.7022615375,0.5570019246,1,0.8685473038,False
7723,0,0.1043924367,0.439818181,0,0.07628125917,0.5570019246,0,0.2531184034,False
7724,0,0.2178956921,0.439818181,0,0.218036702,0.5570019246,0,0.4448282479,False
7725,0,0.4071996614,0.439818181,0,0.6231879687,0.5570019246,1,0.7870850125,False
7726,0,0.2771755697,0.439818181,0,0.2167938945,0.5570019246,0,0.5527729802,False
7727,0,0.3114784464,0.439818181,0,0.09999832943,0.5570019246,0,0.6195547879,False
7728,0,0.176792086,0.439818181,0,0.5307607062,0.5570019246,0,0.3715217808,False
7729,0,0.5282370496,0.439818181,1,0.3363199366,0.5570019246,0,0.9190174631,True
7730,1,0.537265426,0.439818181,1,0.7748067865,0.5570019246,1,,False
7731,0,0.1946642676,0.439818181,0,0.1507915841,0.5570019246,0,0.4041450777,False
7732,0,0.4448611537,0.439818181,1,0.1650703085,0.5570019246,0,0.8362118595,False
7733,0,0.122169789,0.439818181,0,0.07806527776,0.5570019246,0,0.2825753214,False
7734,0,0.04744264971,0.439818181,0,0.04300621202,0.5570019246,0,0.1496833621,False
7735,1,0.7352677377,0.439818181,1,0.5277338171,0.5570019246,0,,False
7736,0,0.5071235284,0.439818181,1,0.1700383902,0.5570019246,0,0.9015544041,True
7737,1,0.5907877232,0.439818181,1,0.7325671238,0.5570019246,1,,False
7738,1,0.560478221,0.439818181,1,0.798778723,0.5570019246,1,,False
7739,0,0.2525662146,0.439818181,0,0.1810313547,0.5570019246,0,0.5074841681,False
7740,0,0.2378049356,0.439818181,0,0.1007213046,0.5570019246,0,0.4799462675,False
7741,0,0.09195685197,0.439818181,0,0.04516672545,0.5570019246,0,0.2335444253,False
7742,0,0.2029490438,0.439818181,0,0.06991692428,0.5570019246,0,0.4198810209,False
7743,0,0.1836506599,0.439818181,0,0.1932994692,0.5570019246,0,0.3841872961,False
7744,0,0.4273140827,0.439818181,0,0.6801600739,0.5570019246,1,0.8137593552,False
7745,0,0.4247220634,0.439818181,0,0.2582929873,0.5570019246,0,0.810880829,False
7746,0,0.01519220229,0.439818181,0,0.01093160369,0.5570019246,0,0.06793321819,False
7747,0,0.6832505499,0.439818181,1,0.4301423561,0.5570019246,0,0.9890616005,True
7748,0,0.2323797066,0.439818181,0,0.1939369147,0.5570019246,0,0.4698714258,False
7749,0,0.5356632499,0.439818181,1,0.6393282538,0.5570019246,1,0.924390712,True
7750,0,0.275761952,0.439818181,0,0.1058870708,0.5570019246,0,0.5496066014,False
7751,1,0.6560780878,0.439818181,1,0.8815877559,0.5570019246,1,,False
7752,0,0.1049083851,0.439818181,0,0.1098233714,0.5570019246,0,0.254173863,False
7753,0,0.2726713356,0.439818181,0,0.1084446924,0.5570019246,0,0.5441374017,False
7754,1,0.4761501978,0.439818181,1,0.8085792064,0.5570019246,1,,False
7755,0,0.1132201743,0.439818181,0,0.05980256791,0.5570019246,0,0.2691421992,False
7756,1,0.4084670929,0.439818181,0,0.760462891,0.5570019246,1,,False
7757,0,0.3473622726,0.439818181,0,0.2980808938,0.5570019246,0,0.6872001535,False
7758,0,0.2782453127,0.439818181,0,0.1328947436,0.5570019246,0,0.5549798503,False
7759,1,0.5618872814,0.439818181,1,0.7172770836,0.5570019246,1,,False
7760,0,0.4216490073,0.439818181,0,0.7724580007,0.5570019246,1,0.8068508923,False
7761,0,0.2348493866,0.439818181,0,0.07040809229,0.5570019246,0,0.4748608712,False
7762,0,0.1243808058,0.439818181,0,0.09333282135,0.5570019246,0,0.2856457494,False
7763,1,0.5535052924,0.439818181,1,0.7043940059,0.5570019246,1,,False
7764,0,0.7124693492,0.439818181,1,0.6955888773,0.5570019246,1,0.9946267511,True
7765,1,0.5032741812,0.439818181,1,0.7388289253,0.5570019246,1,,False
7766,0,0.2611784475,0.439818181,0,0.1045484951,0.5570019246,0,0.5243715218,False
7767,0,0.276128817,0.439818181,0,0.1844946931,0.5570019246,0,0.5502782575,False
7768,0,0.3201776702,0.439818181,0,0.2062283422,0.5570019246,0,0.6367299942,False
7769,0,0.3101841103,0.439818181,0,0.4572233509,0.5570019246,0,0.6170600652,False
7770,0,0.493498089,0.439818181,1,0.1962721107,0.5570019246,0,0.8873536749,False
7771,0,0.3576824756,0.439818181,0,0.5766486308,0.5570019246,1,0.7045672616,False
7772,0,0.02402898251,0.439818181,0,0.02900750338,0.5570019246,0,0.09547111879,False
7773,0,0.4577479765,0.439818181,1,0.7858327439,0.5570019246,1,0.8511801957,False
7774,0,0.3725553909,0.439818181,0,0.1197291854,0.5570019246,0,0.73296872,False
7775,1,0.5698493774,0.439818181,1,0.8151536817,0.5570019246,1,,False
7776,0,0.3216142356,0.439818181,0,0.1580557726,0.5570019246,0,0.6396085204,False
7777,0,0.2945895215,0.439818181,0,0.4745342539,0.5570019246,0,0.5865476876,False
7778,0,0.175503957,0.439818181,0,0.09506982841,0.5570019246,0,0.3697946651,False
7779,0,0.3317507843,0.439818181,0,0.6296638431,0.5570019246,1,0.6577432355,False
7780,1,0.5567334237,0.439818181,1,0.8692857301,0.5570019246,1,,False
7781,0,0.3570879433,0.439818181,0,0.4794749269,0.5570019246,0,0.7034158511,False
7782,0,0.3991194289,0.439818181,0,0.177618263,0.5570019246,0,0.7754749568,False
7783,0,0.3922813484,0.439818181,0,0.5992280863,0.5570019246,1,0.7646325082,False
7784,1,0.6193227225,0.439818181,1,0.8388810596,0.5570019246,1,,False
7785,0,0.3931694598,0.439818181,0,0.1648999424,0.5570019246,0,0.7663596239,False
7786,1,0.6125641399,0.439818181,1,0.7642790265,0.5570019246,1,,False
7787,0,0.2896328367,0.439818181,0,0.2077878405,0.5570019246,0,0.5758011898,False
7788,0,0.4090149335,0.439818181,0,0.2961908024,0.5570019246,0,0.7900594895,False
7789,1,0.7704695684,0.439818181,1,0.8935175466,0.5570019246,1,,False
7790,0,0.2623447819,0.439818181,0,0.1130960728,0.5570019246,0,0.5271540971,False
7791,0,0.2393098672,0.439818181,0,0.2043451515,0.5570019246,0,0.4832085972,False
7792,0,0.1813812264,0.439818181,0,0.137796633,0.5570019246,0,0.3808290155,False
7793,0,0.4679281282,0.439818181,1,0.1434551095,0.5570019246,0,0.862310497,False
7794,0,0.3637219716,0.439818181,0,0.7324776904,0.5570019246,1,0.7162732681,False
7795,0,0.5881480294,0.439818181,1,0.2780782175,0.5570019246,0,0.9571099597,True
7796,0,0.683611227,0.439818181,1,0.2196668984,0.5570019246,0,0.9892535022,True
7797,0,0.2483701456,0.439818181,0,0.5087985675,0.5570019246,0,0.500767607,False
7798,0,0.3923226202,0.439818181,0,0.2425078599,0.5570019246,0,0.7648244099,False
7799,0,0.3326318888,0.439818181,0,0.2335453458,0.5570019246,0,0.6599501055,False
7800,0,0.304603616,0.439818181,0,0.2053387371,0.5570019246,0,0.6064095183,False
7801,0,0.1498524349,0.439818181,0,0.09564746415,0.5570019246,0,0.3279600844,False
7802,0,0.6771212383,0.439818181,1,0.3682280623,0.5570019246,0,0.9874304356,True
7803,0,0.2465500789,0.439818181,0,0.1877045967,0.5570019246,0,0.4971214738,False
7804,1,0.4907612554,0.439818181,1,0.4784316633,0.5570019246,0,,False
7805,0,0.4632982537,0.439818181,1,0.1322617133,0.5570019246,0,0.8572251007,False
7806,1,0.6155394237,0.439818181,1,0.8740821534,0.5570019246,1,,False
7807,0,0.07371547736,0.439818181,0,0.02814324159,0.5570019246,0,0.2013049319,False
7808,0,0.2079149995,0.439818181,0,0.3495609084,0.5570019246,0,0.428132796,False
7809,0,0.3575386835,0.439818181,0,0.1504997607,0.5570019246,0,0.7042794089,False
7810,0,0.3043914269,0.439818181,0,0.1647552489,0.5570019246,0,0.6055459605,False
7811,0,0.2533673771,0.439818181,0,0.1299949695,0.5570019246,0,0.5091153329,False
7812,1,0.572189404,0.439818181,1,0.7460622032,0.5570019246,1,,False
7813,0,0.3219070037,0.439818181,0,0.1802556817,0.5570019246,0,0.6405680292,False
7814,0,0.3501335377,0.439818181,0,0.2599489472,0.5570019246,0,0.6913260411,False
7815,0,0.3278758287,0.439818181,0,0.2391554645,0.5570019246,0,0.6510266743,False
7816,1,0.5621036464,0.439818181,1,0.5890014827,0.5570019246,1,,False
7817,0,0.09051449837,0.439818181,0,0.0692193076,0.5570019246,0,0.2304739973,False
7818,1,0.6475653471,0.439818181,1,0.8281303117,0.5570019246,1,,False
7819,0,0.176501374,0.439818181,0,0.07732760514,0.5570019246,0,0.3711379774,False
7820,1,0.7355881597,0.439818181,1,0.800457372,0.5570019246,1,,False
7821,0,0.1864011014,0.439818181,0,0.1095355173,0.5570019246,0,0.3878334293,False
7822,0,0.2842111744,0.439818181,0,0.1832062079,0.5570019246,0,0.5662061025,False
7823,0,0.2537522005,0.439818181,0,0.613543292,0.5570019246,1,0.5100748417,False
7824,0,0.105835909,0.439818181,0,0.1039388152,0.5570019246,0,0.2556131261,False
7825,0,0.3243800649,0.439818181,0,0.1671615281,0.5570019246,0,0.644502015,False
7826,0,0.2750335747,0.439818181,0,0.2546651339,0.5570019246,0,0.5485511418,False
7827,0,0.03864355836,0.439818181,0,0.02885081078,0.5570019246,0,0.1321243523,False
7828,0,0.07481144557,0.439818181,0,0.045407577,0.5570019246,0,0.2039915563,False
7829,0,0.3739716487,0.439818181,0,0.4852845717,0.5570019246,0,0.7355593936,False
7830,0,0.4147894616,0.439818181,0,0.2237714689,0.5570019246,0,0.7970639033,False
7831,0,0.5308478033,0.439818181,1,0.628762134,0.5570019246,1,0.9207445788,True
7832,1,0.6617399234,0.439818181,1,0.8744129339,0.5570019246,1,,False
7833,1,0.6379083903,0.439818181,1,0.8725071766,0.5570019246,1,,False
7834,0,0.3154917448,0.439818181,0,0.1991986606,0.5570019246,0,0.6279025139,False
7835,0,0.3893918912,0.439818181,0,0.7458216602,0.5570019246,1,0.7600268662,False
7836,0,0.3639682971,0.439818181,0,0.1245212083,0.5570019246,0,0.7170408751,False
7837,1,0.61957257,0.439818181,1,0.8791184155,0.5570019246,1,,False
7838,0,0.04577074533,0.439818181,0,0.02285174215,0.5570019246,0,0.1466129342,False
7839,0,0.3109776819,0.439818181,0,0.2322672769,0.5570019246,0,0.6181155249,False
7840,1,0.6481749579,0.439818181,1,0.8899642537,0.5570019246,1,,False
7841,0,0.2419026394,0.439818181,0,0.1199050367,0.5570019246,0,0.4887737478,False
7842,1,0.5329570834,0.439818181,1,0.4826879391,0.5570019246,0,,False
7843,0,0.4152474385,0.439818181,0,0.6900694562,0.5570019246,1,0.7978315103,False
7844,0,0.2947572491,0.439818181,0,0.5011549382,0.5570019246,0,0.5867395893,False
7845,0,0.1231171064,0.439818181,0,0.07044741194,0.5570019246,0,0.2839186337,False
7846,0,0.06784091729,0.439818181,0,0.02467255224,0.5570019246,0,0.1905584341,False
7847,0,0.2178327106,0.439818181,0,0.1688500592,0.5570019246,0,0.4446363462,False
7848,0,0.01125603737,0.439818181,0,0.01037727064,0.5570019246,0,0.05421224333,False
7849,0,0.4155959407,0.439818181,0,0.177184013,0.5570019246,0,0.7985031664,False
7850,1,0.6500713173,0.439818181,1,0.8907383399,0.5570019246,1,,False
7851,0,0.2894587054,0.439818181,0,0.1834365512,0.5570019246,0,0.5754173863,False
7852,0,0.3722643754,0.439818181,0,0.2059408088,0.5570019246,0,0.7322970639,False
7853,1,0.6722986275,0.439818181,1,0.8606098096,0.5570019246,1,,False
7854,1,0.6918914195,0.439818181,1,0.8833474132,0.5570019246,1,,False
7855,1,0.6098154026,0.439818181,1,0.4420609799,0.5570019246,0,,False
7856,0,0.3083640572,0.439818181,0,0.2597969451,0.5570019246,0,0.6141815391,False
7857,1,0.6913562972,0.439818181,1,0.8259186435,0.5570019246,1,,False
7858,1,0.6782510753,0.439818181,1,0.5239438981,0.5570019246,0,,False
7859,0,0.47825826,0.439818181,1,0.2236992085,0.5570019246,0,0.874400307,False
7860,0,0.1610688635,0.439818181,0,0.1057239696,0.5570019246,0,0.3462867012,False
7861,0,0.2976757539,0.439818181,0,0.2160013003,0.5570019246,0,0.5934561505,False
7862,1,0.6230344879,0.439818181,1,0.8486651041,0.5570019246,1,,False
7863,0,0.3253125367,0.439818181,0,0.1452286011,0.5570019246,0,0.6465169833,False
7864,0,0.006135263519,0.439818181,0,0.005824680631,0.5570019246,0,0.03223949338,False
7865,1,0.6702245124,0.439818181,1,0.7924375945,0.5570019246,1,,False
7866,0,0.03029685888,0.439818181,0,0.02418246155,0.5570019246,0,0.1100556515,False
7867,0,0.411247754,0.439818181,0,0.1895611718,0.5570019246,0,0.7937056227,False
7868,0,0.2206434758,0.439818181,0,0.06112091147,0.5570019246,0,0.4487622337,False
7869,0,0.2701030065,0.439818181,0,0.0728163323,0.5570019246,0,0.540107465,False
7870,0,0.3188900409,0.439818181,0,0.1134876811,0.5570019246,0,0.6345231242,False
7871,1,0.6948482413,0.439818181,1,0.8892428218,0.5570019246,1,,False
7872,0,0.3846571451,0.439818181,0,0.2131829072,0.5570019246,0,0.7525426981,False
7873,1,0.7848893452,0.439818181,1,0.9203456034,0.5570019246,1,,False
7874,0,0.2736511231,0.439818181,0,0.119085827,0.5570019246,0,0.5457685665,False
7875,0,0.6202855907,0.439818181,1,0.7067740681,0.5570019246,1,0.9699673767,True
7876,1,0.7213838433,0.439818181,1,0.8211266171,0.5570019246,1,,False
7877,1,0.6103065091,0.439818181,1,0.8515663298,0.5570019246,1,,False
7878,0,0.1478422731,0.439818181,0,0.1299253414,0.5570019246,0,0.3241220495,False
7879,0,0.1609634097,0.439818181,0,0.1541171225,0.5570019246,0,0.3458069468,False
7880,0,0.0163002649,0.439818181,0,0.01432724407,0.5570019246,0,0.07157935137,False
7881,1,0.7005903289,0.439818181,1,0.8718864447,0.5570019246,1,,False
7882,0,0.2181683865,0.439818181,0,0.2051341587,0.5570019246,0,0.4453080023,False
7883,0,0.497403119,0.439818181,1,0.510709625,0.5570019246,0,0.8921512186,False
7884,0,0.2499109614,0.439818181,0,0.1881704104,0.5570019246,0,0.5029744771,False
7885,0,0.3165735314,0.439818181,0,0.5611256363,0.5570019246,1,0.6305891384,False
7886,0,0.01589767545,0.439818181,0,0.01367964106,0.5570019246,0,0.06985223566,False
7887,0,0.00711182053,0.439818181,0,0.007532880652,0.5570019246,0,0.03665323354,False
7888,1,0.7459745306,0.439818181,1,0.9297858737,0.5570019246,1,,False
7889,0,0.419903809,0.439818181,0,0.1669976373,0.5570019246,0,0.804835924,False
7890,0,0.1750673753,0.439818181,0,0.144325401,0.5570019246,0,0.3686432547,False
7891,0,0.252177553,0.439818181,0,0.1312121047,0.5570019246,0,0.5069084629,False
7892,1,0.4386988245,0.439818181,0,0.7482164331,0.5570019246,1,,False
7893,0,0.3405386862,0.439818181,0,0.1957951695,0.5570019246,0,0.6743427365,False
7894,0,0.3156548217,0.439818181,0,0.3868839891,0.5570019246,0,0.62857417,False
7895,1,0.6082158209,0.439818181,1,0.8674310963,0.5570019246,1,,False
7896,1,0.6186380308,0.439818181,1,0.5468716228,0.5570019246,0,,False
7897,0,0.3338284776,0.439818181,0,0.1485726866,0.5570019246,0,0.661869123,False
7898,0,0.4299559543,0.439818181,0,0.7183215553,0.5570019246,1,0.8160621762,False
7899,1,0.6837912168,0.439818181,1,0.9101423155,0.5570019246,1,,False
7900,1,0.7247743238,0.439818181,1,0.8948756925,0.5570019246,1,,False
7901,0,0.3906643486,0.439818181,0,0.2367356874,0.5570019246,0,0.7622337363,False
7902,0,0.09195770937,0.439818181,0,0.06329596892,0.5570019246,0,0.2336403761,False
7903,0,0.2573066474,0.439818181,0,0.5902226691,0.5570019246,1,0.5175590098,False
7904,1,0.5234264619,0.439818181,1,0.5338477093,0.5570019246,0,,False
7905,0,0.3249144774,0.439818181,0,0.2120397306,0.5570019246,0,0.6454615237,False
7906,0,0.3061725303,0.439818181,0,0.123371522,0.5570019246,0,0.6097677989,False
7907,0,0.2439237041,0.439818181,0,0.117427354,0.5570019246,0,0.4923239301,False
7908,0,0.4928617883,0.439818181,1,0.1366348306,0.5570019246,0,0.8869698714,False
7909,1,0.553470344,0.439818181,1,0.4571766953,0.5570019246,0,,False
7910,0,0.1697234835,0.439818181,0,0.1285360077,0.5570019246,0,0.3603914796,False
7911,0,0.517073369,0.439818181,1,0.2272048417,0.5570019246,0,0.9100940319,True
7912,0,0.3458541968,0.439818181,0,0.1779733521,0.5570019246,0,0.6844175782,False
7913,0,0.2001956705,0.439818181,0,0.1038036277,0.5570019246,0,0.4142199194,False
7914,0,0.2255709009,0.439818181,0,0.0824441653,0.5570019246,0,0.4571099597,False
7915,0,0.4068445448,0.439818181,0,0.1517784708,0.5570019246,0,0.7865093072,False
7916,1,0.7529278136,0.439818181,1,0.8676677927,0.5570019246,1,,False
7917,0,0.3093784403,0.439818181,0,0.1324198978,0.5570019246,0,0.615716753,False
7918,0,0.2290839934,0.439818181,0,0.1463997317,0.5570019246,0,0.4624832086,False
7919,0,0.5621088324,0.439818181,1,0.2381834106,0.5570019246,0,0.9431011322,True
7920,0,0.402389884,0.439818181,0,0.3309009943,0.5570019246,0,0.7810401075,False
7921,0,0.2396029384,0.439818181,0,0.1547727242,0.5570019246,0,0.4837843024,False
7922,0,0.0116939326,0.439818181,0,0.004215337714,0.5570019246,0,0.05565150643,False
7923,0,0.122753177,0.439818181,0,0.03931385899,0.5570019246,0,0.2834388793,False
7924,0,0.7012757888,0.439818181,1,0.2491763184,0.5570019246,0,0.9926117828,True
7925,0,0.2127290594,0.439818181,0,0.2079242978,0.5570019246,0,0.4354250624,False
7926,1,0.6178356257,0.439818181,1,0.658227593,0.5570019246,1,,False
7927,0,0.2708315197,0.439818181,0,0.1508536925,0.5570019246,0,0.5409710228,False
7928,0,0.2365384282,0.439818181,0,0.1351491549,0.5570019246,0,0.4771636922,False
7929,0,0.006742433665,0.439818181,0,0.006184432986,0.5570019246,0,0.03530992132,False
7930,0,0.2397615979,0.439818181,0,0.07873705299,0.5570019246,0,0.4843600077,False
7931,1,0.4542588417,0.439818181,1,0.5274285356,0.5570019246,0,,False
7932,0,0.2457490992,0.439818181,0,0.1141324355,0.5570019246,0,0.4956822107,False
7933,0,0.4551457353,0.439818181,1,0.1509895095,0.5570019246,0,0.8495490309,False
7934,0,0.224244821,0.439818181,0,0.1099860588,0.5570019246,0,0.4550949914,False
7935,0,0.03418785146,0.439818181,0,0.03333395954,0.5570019246,0,0.1208021493,False
7936,0,0.5283796065,0.439818181,1,0.2114860234,0.5570019246,0,0.9191134139,True
7937,0,0.5860632289,0.439818181,1,0.2741798058,0.5570019246,0,0.9562464018,True
7938,0,0.1366063488,0.439818181,0,0.10126857,0.5570019246,0,0.3064670889,False
7939,0,0.4304088706,0.439818181,0,0.6582886564,0.5570019246,1,0.8168297832,False
7940,1,0.7024023966,0.439818181,1,0.9040054709,0.5570019246,1,,False
7941,0,0.2465664975,0.439818181,0,0.08345748637,0.5570019246,0,0.4972174247,False
7942,0,0.321829729,0.439818181,0,0.1177313349,0.5570019246,0,0.6403761274,False
7943,1,0.6273602738,0.439818181,1,0.6899360854,0.5570019246,1,,False
7944,0,0.01665607544,0.439818181,0,0.01570206382,0.5570019246,0,0.07359431971,False
7945,0,0.313406389,0.439818181,0,0.212810197,0.5570019246,0,0.624064479,False
7946,0,0.6582086639,0.439818181,1,0.3128110993,0.5570019246,0,0.9822490885,True
7947,0,0.3122472109,0.439818181,0,0.173840748,0.5570019246,0,0.6210900019,False
7948,0,0.04928615517,0.439818181,0,0.0411735968,0.5570019246,0,0.1527537901,False
7949,0,0.6552619674,0.439818181,1,0.3808227235,0.5570019246,0,0.9814814815,True
7950,0,0.1082114616,0.439818181,0,0.07085861915,0.5570019246,0,0.2603147189,False
7951,0,0.337971288,0.439818181,0,0.2073381666,0.5570019246,0,0.6696411437,False
7952,0,0.2702415052,0.439818181,0,0.1143161189,0.5570019246,0,0.5405872193,False
7953,1,0.6941376079,0.439818181,1,0.9025150761,0.5570019246,1,,False
7954,0,0.2712062713,0.439818181,0,0.1350304205,0.5570019246,0,0.5418345807,False
7955,1,0.6504528414,0.439818181,1,0.8968417782,0.5570019246,1,,False
7956,0,0.3989308952,0.439818181,0,0.5392473175,0.5570019246,0,0.7751871042,False
7957,0,0.3792452465,0.439818181,0,0.7420315975,0.5570019246,1,0.7453463827,False
7958,0,0.1247509083,0.439818181,0,0.117784877,0.5570019246,0,0.2860295529,False
7959,0,0.6061408678,0.439818181,1,0.3512100727,0.5570019246,0,0.9648819804,True
7960,0,0.3207404801,0.439818181,0,0.3602393242,0.5570019246,0,0.6377854538,False
7961,0,0.2148481199,0.439818181,0,0.1730391726,0.5570019246,0,0.4391671464,False
7962,1,0.5714355269,0.439818181,1,0.847949989,0.5570019246,1,,False
7963,0,0.1624854135,0.439818181,0,0.05395172547,0.5570019246,0,0.3485895222,False
7964,1,0.6343267517,0.439818181,1,0.8918386867,0.5570019246,1,,False
7965,1,0.6665316933,0.439818181,1,0.7814944663,0.5570019246,1,,False
7966,0,0.3480750387,0.439818181,0,0.1879894383,0.5570019246,0,0.6882556131,False
7967,0,0.5389663638,0.439818181,1,0.1699063857,0.5570019246,0,0.9268854347,True
7968,0,0.3310742704,0.439818181,0,0.327002526,0.5570019246,0,0.6566877759,False
7969,0,0.3611495347,0.439818181,0,0.08820451358,0.5570019246,0,0.7109959701,False
7970,0,0.1573441548,0.439818181,0,0.08109999043,0.5570019246,0,0.3391863366,False
7971,0,0.3726259085,0.439818181,0,0.2547821966,0.5570019246,0,0.7332565726,False
7972,0,0.2477147176,0.439818181,0,0.1521686308,0.5570019246,0,0.4996161965,False
7973,1,0.4443483895,0.439818181,1,0.8330593207,0.5570019246,1,,False
7974,0,0.2509008304,0.439818181,0,0.2807835397,0.5570019246,0,0.504509691,False
7975,0,0.3729892941,0.439818181,0,0.1232282819,0.5570019246,0,0.7338322779,False
7976,0,0.3020876024,0.439818181,0,0.2026569764,0.5570019246,0,0.6014200729,False
7977,0,0.3704772324,0.439818181,0,0.2103592258,0.5570019246,0,0.7281711764,False
7978,0,0.3704222114,0.439818181,0,0.2320756891,0.5570019246,0,0.7280752255,False
7979,0,0.2761760882,0.439818181,0,0.1611690167,0.5570019246,0,0.5504701593,False
7980,0,0.1590729215,0.439818181,0,0.09699645222,0.5570019246,0,0.3420648628,False
7981,1,0.6277281574,0.439818181,1,0.8102870382,0.5570019246,1,,False
7982,0,0.2021219927,0.439818181,0,0.09743274849,0.5570019246,0,0.4180579543,False
7983,0,0.002205612197,0.439818181,0,0.002299854369,0.5570019246,0,0.01204183458,False
7984,0,0.1881684659,0.439818181,0,0.131739308,0.5570019246,0,0.3916714642,False
7985,0,0.4333765636,0.439818181,0,0.1712376636,0.5570019246,0,0.8204759163,False
7986,0,0.4229730909,0.439818181,0,0.117309245,0.5570019246,0,0.8083861063,False
7987,0,0.1912824009,0.439818181,0,0.1368746189,0.5570019246,0,0.3969487622,False
7988,0,0.2647174457,0.439818181,0,0.1610169496,0.5570019246,0,0.5316637881,False
7989,0,0.3536817981,0.439818181,0,0.3391295328,0.5570019246,0,0.6961235847,False
7990,0,0.3191377627,0.439818181,0,0.120125634,0.5570019246,0,0.6347150259,False
7991,1,0.4461377197,0.439818181,1,0.4022206317,0.5570019246,0,,False
7992,0,0.5626890891,0.439818181,1,0.6743747359,0.5570019246,1,0.9436768375,True
7993,0,0.2290102948,0.439818181,0,0.1723393539,0.5570019246,0,0.4623872577,False
7994,0,0.1264690581,0.439818181,0,0.1031055936,0.5570019246,0,0.2901554404,False
7995,0,0.3549901628,0.439818181,0,0.2973896677,0.5570019246,0,0.6988102092,False
7996,0,0.3640792154,0.439818181,0,0.3319045782,0.5570019246,0,0.7172327768,False
7997,0,0.5574134198,0.439818181,1,0.4689016225,0.5570019246,0,0.940222606,True
7998,0,0.03236537679,0.439818181,0,0.03521151638,0.5570019246,0,0.1151410478,False
7999,0,0.2804550481,0.439818181,0,0.1267976426,0.5570019246,0,0.5593935905,False
8000,0,0.4804588542,0.439818181,1,0.3163820434,0.5570019246,0,0.876703128,False
8001,0,0.4039635112,0.439818181,0,0.2375713543,0.5570019246,0,0.7831510267,False
8002,0,0.02506692452,0.439818181,0,0.02295904206,0.5570019246,0,0.09691038188,False
8003,0,0.2420589953,0.439818181,0,0.1905213288,0.5570019246,0,0.4893494531,False
8004,0,0.5238782551,0.439818181,1,0.1632803729,0.5570019246,0,0.9161389369,True
8005,0,0.5159113831,0.439818181,1,0.3175797571,0.5570019246,0,0.9089426214,True
8006,0,0.1568853307,0.439818181,0,0.06342860269,0.5570019246,0,0.3382268279,False
8007,0,0.6261799037,0.439818181,1,0.2414889136,0.5570019246,0,0.9714066398,True
8008,0,0.1360691013,0.439818181,0,0.04615662835,0.5570019246,0,0.3056994819,False
8009,0,0.1986618086,0.439818181,0,0.2045085431,0.5570019246,0,0.4102859336,False
8010,0,0.5352672967,0.439818181,1,0.396246386,0.5570019246,0,0.9241028593,True
8011,1,0.6004473367,0.439818181,1,0.5463434456,0.5570019246,0,,False
8012,0,0.001559795409,0.439818181,0,0.006738769682,0.5570019246,0,0.00700441374,False
8013,0,0.2918496236,0.439818181,0,0.237832432,0.5570019246,0,0.5804068317,False
8014,0,0.4588311261,0.439818181,1,0.2478966735,0.5570019246,0,0.8530032623,False
8015,0,0.4443454379,0.439818181,1,0.2662131503,0.5570019246,0,0.8350604491,False
8016,1,0.6908567676,0.439818181,1,0.8842289811,0.5570019246,1,,False
8017,0,0.4569204487,0.439818181,1,0.308679348,0.5570019246,0,0.8507004414,False
8018,0,0.3985661276,0.439818181,0,0.4089420762,0.5570019246,0,0.7742275955,False
8019,1,0.6466969576,0.439818181,1,0.5138694638,0.5570019246,0,,False
8020,0,0.01487535329,0.439818181,0,0.01271846996,0.5570019246,0,0.06649395509,False
8021,1,0.6736705069,0.439818181,1,0.6121595889,0.5570019246,1,,False
8022,0,0.03493958037,0.439818181,0,0.03335302831,0.5570019246,0,0.1227211668,False
8023,0,0.3443272742,0.439818181,0,0.4918988742,0.5570019246,0,0.6818269046,False
8024,0,0.1797305276,0.439818181,0,0.08164736719,0.5570019246,0,0.3777585876,False
8025,0,0.4314643136,0.439818181,0,0.164385228,0.5570019246,0,0.8182690462,False
8026,0,0.05137564212,0.439818181,0,0.01394517073,0.5570019246,0,0.1578391863,False
8027,1,0.7584220887,0.439818181,1,0.8450745473,0.5570019246,1,,False
8028,0,0.3155343183,0.439818181,0,0.1267133547,0.5570019246,0,0.6280944157,False
8029,0,0.3055145082,0.439818181,0,0.2282085594,0.5570019246,0,0.608136634,False
8030,0,0.0744161154,0.439818181,0,0.05980414218,0.5570019246,0,0.2029360967,False
8031,0,0.6036562745,0.439818181,1,0.366014515,0.5570019246,0,0.9640184226,True
8032,0,0.2617649458,0.439818181,0,0.06792024308,0.5570019246,0,0.5258107849,False
8033,0,0.4863321451,0.439818181,1,0.3008162398,0.5570019246,0,0.8818844751,False
8034,0,0.4031335289,0.439818181,0,0.1790072088,0.5570019246,0,0.7819996162,False
8035,0,0.1955756459,0.439818181,0,0.1431900381,0.5570019246,0,0.4061600461,False
8036,0,0.3038142346,0.439818181,0,0.1658655561,0.5570019246,0,0.6040107465,False
8037,0,0.3595846218,0.439818181,0,0.1758146485,0.5570019246,0,0.7078295912,False
8038,0,0.6219704224,0.439818181,1,0.3960436031,0.5570019246,0,0.9704471311,True
8039,1,0.7227032575,0.439818181,1,0.9143685336,0.5570019246,1,,False
8040,0,0.5781855857,0.439818181,1,0.3190992493,0.5570019246,0,0.952312416,True
8041,0,0.3763734393,0.439818181,0,0.4998322329,0.5570019246,0,0.7401650355,False
8042,0,0.3995411476,0.439818181,0,0.1544585699,0.5570019246,0,0.7765304164,False
8043,0,0.1324026623,0.439818181,0,0.05786396717,0.5570019246,0,0.3002302821,False
8044,0,0.1471278606,0.439818181,0,0.08117087726,0.5570019246,0,0.3226827864,False
8045,1,0.7980867796,0.439818181,1,0.9441285948,0.5570019246,1,,False
8046,1,0.4968361232,0.439818181,1,0.4294361773,0.5570019246,0,,False
8047,0,0.4588014213,0.439818181,1,0.2171093744,0.5570019246,0,0.8529073115,False
8048,0,0.2476739255,0.439818181,0,0.2064376517,0.5570019246,0,0.4995202456,False
8049,0,0.07210013769,0.439818181,0,0.05966649371,0.5570019246,0,0.1979466513,False
8050,0,0.5943523502,0.439818181,1,0.1029168151,0.5570019246,0,0.9597965841,True
8051,1,0.8176076774,0.439818181,1,0.9153005121,0.5570019246,1,,False
8052,0,0.5369908787,0.439818181,1,0.3132333456,0.5570019246,0,0.9252542698,True
8053,0,0.03428242543,0.439818181,0,0.03366157714,0.5570019246,0,0.1211859528,False
8054,0,0.4141310828,0.439818181,0,0.1539372725,0.5570019246,0,0.7961043945,False
8055,1,0.8150514673,0.439818181,1,0.9336677552,0.5570019246,1,,False
8056,0,0.1001843311,0.439818181,0,0.05947879221,0.5570019246,0,0.2463058914,False
8057,0,0.3449505561,0.439818181,0,0.1510804109,0.5570019246,0,0.6831702168,False
8058,0,0.2429070425,0.439818181,0,0.1898036033,0.5570019246,0,0.4908846671,False
8059,0,0.5354190775,0.439818181,1,0.147625548,0.5570019246,0,0.9241988102,True
8060,0,0.169498127,0.439818181,0,0.1440478667,0.5570019246,0,0.3601036269,False
8061,0,0.4444394122,0.439818181,1,0.1705821009,0.5570019246,0,0.8353483017,False
8062,0,0.4715193754,0.439818181,1,0.4048873581,0.5570019246,0,0.8671080407,False
8063,0,0.3847521028,0.439818181,0,0.1125877311,0.5570019246,0,0.7528305508,False
8064,1,0.8117257819,0.439818181,1,0.5865088615,0.5570019246,1,,False
8065,0,0.03028299251,0.439818181,0,0.0243682331,0.5570019246,0,0.1099597006,False
8066,0,0.1261491728,0.439818181,0,0.05229885884,0.5570019246,0,0.2892918826,False
8067,1,0.8603803042,0.439818181,1,0.8926377957,0.5570019246,1,,False
8068,0,0.1160005194,0.439818181,0,0.1213423771,0.5570019246,0,0.2740356937,False
8069,1,0.8071094253,0.439818181,1,0.8648282807,0.5570019246,1,,False
8070,0,0.02830439018,0.439818181,0,0.01178127509,0.5570019246,0,0.1049702552,False
8071,0,0.3671388245,0.439818181,0,0.2043446878,0.5570019246,0,0.7227019766,False
8072,0,0.3198424012,0.439818181,0,0.2272198577,0.5570019246,0,0.6364421416,False
8073,0,0.4650493041,0.439818181,1,0.3249806465,0.5570019246,0,0.8588562656,False
8074,1,0.6281961037,0.439818181,1,0.9046187885,0.5570019246,1,,False
8075,0,0.01598989522,0.439818181,0,0.018159833,0.5570019246,0,0.07033199002,False
8076,0,0.2585704697,0.439818181,0,0.1584380337,0.5570019246,0,0.519669929,False
8077,0,0.5861666763,0.439818181,1,0.4169960944,0.5570019246,0,0.9564383036,True
8078,0,0.1610106366,0.439818181,0,0.1404194066,0.5570019246,0,0.3460947995,False
8079,1,0.6643064074,0.439818181,1,0.8814544877,0.5570019246,1,,False
8080,0,0.001363644069,0.439818181,0,0.002518768237,0.5570019246,0,0.005853003262,False
8081,0,0.351194978,0.439818181,0,0.1188039694,0.5570019246,0,0.692861255,False
8082,0,0.440029591,0.439818181,1,0.3671171211,0.5570019246,0,0.8293993475,False
8083,0,0.09060817341,0.439818181,0,0.07425005525,0.5570019246,0,0.2307618499,False
8084,0,0.1739281383,0.439818181,0,0.1548450455,0.5570019246,0,0.3674918442,False
8085,1,0.6158351606,0.439818181,1,0.889940365,0.5570019246,1,,False
8086,0,0.02032355428,0.439818181,0,0.009615782425,0.5570019246,0,0.08539627711,False
8087,0,0.0445133557,0.439818181,0,0.02480350878,0.5570019246,0,0.1436384571,False
8088,0,0.2665994364,0.439818181,0,0.2093497021,0.5570019246,0,0.5351180196,False
8089,0,0.5618600967,0.439818181,1,0.4404647635,0.5570019246,0,0.9427173287,True
8090,0,0.3364017049,0.439818181,0,0.1892569516,0.5570019246,0,0.6668585684,False
8091,0,0.1084778885,0.439818181,0,0.03224091576,0.5570019246,0,0.2607944732,False
8092,1,0.6539170555,0.439818181,1,0.7416319207,0.5570019246,1,,False
8093,1,0.6765045859,0.439818181,1,0.8719844209,0.5570019246,1,,False
8094,0,0.6401914008,0.439818181,1,0.6940611731,0.5570019246,1,0.9756284782,True
8095,1,0.7698259912,0.439818181,1,0.8334148633,0.5570019246,1,,False
8096,0,0.5115908808,0.439818181,1,0.3420894194,0.5570019246,0,0.9055843408,True
8097,0,0.3488133223,0.439818181,0,0.7127296996,0.5570019246,1,0.6895989254,False
8098,0,0.2819400843,0.439818181,0,0.2243401049,0.5570019246,0,0.5621761658,False
8099,0,0.6974230994,0.439818181,1,0.2074141417,0.5570019246,0,0.9917482249,True
8100,0,0.1757029071,0.439818181,0,0.06933609047,0.5570019246,0,0.3699865669,False
8101,0,0.1368337903,0.439818181,0,0.09507983513,0.5570019246,0,0.3065630397,False
8102,0,0.1220229794,0.439818181,0,0.0824992714,0.5570019246,0,0.2822874688,False
8103,0,0.3633363926,0.439818181,0,0.1174911415,0.5570019246,0,0.7150259067,False
8104,0,0.4135500823,0.439818181,0,0.2001958345,0.5570019246,0,0.7955286893,False
8105,0,0.07549446137,0.439818181,0,0.07269778456,0.5570019246,0,0.2047591633,False
8106,0,0.3407397191,0.439818181,0,0.1850627965,0.5570019246,0,0.6748224909,False
8107,1,0.4894852532,0.439818181,1,0.4714291546,0.5570019246,0,,False
8108,0,0.3670577282,0.439818181,0,0.1667091733,0.5570019246,0,0.7226060257,False
8109,0,0.555530128,0.439818181,1,0.3582362041,0.5570019246,0,0.9387833429,True
8110,1,0.6247536039,0.439818181,1,0.5169873534,0.5570019246,0,,False
8111,0,0.2929738753,0.439818181,0,0.2498890001,0.5570019246,0,0.5833813088,False
8112,0,0.3608680538,0.439818181,0,0.2221807531,0.5570019246,0,0.710324314,False
8113,0,0.3123021908,0.439818181,0,0.1338622632,0.5570019246,0,0.6213778545,False
8114,1,0.648399608,0.439818181,1,0.5141220223,0.5570019246,0,,False
8115,0,0.08589632894,0.439818181,0,0.05009852851,0.5570019246,0,0.2227979275,False
8116,0,0.3322672558,0.439818181,0,0.1295026959,0.5570019246,0,0.6591824986,False
8117,0,0.6964496726,0.439818181,1,0.5322813984,0.5570019246,0,0.9915563232,True
8118,0,0.5583908041,0.439818181,1,0.381978202,0.5570019246,0,0.9407983113,True
8119,0,0.3195338199,0.439818181,0,0.7164841145,0.5570019246,1,0.6355785838,False
8120,0,0.7427839574,0.439818181,1,0.7519897637,0.5570019246,1,0.9979850317,True
8121,0,0.4436328139,0.439818181,1,0.5254536864,0.5570019246,0,0.8343887929,False
8122,0,0.6955637473,0.439818181,1,0.2085504308,0.5570019246,0,0.9914603723,True
8123,1,0.6726674813,0.439818181,1,0.8077785561,0.5570019246,1,,False
8124,0,0.6116479312,0.439818181,1,0.2325108064,0.5570019246,0,0.9673767031,True
8125,0,0.1422242692,0.439818181,0,0.08767567605,0.5570019246,0,0.3149107657,False
8126,0,0.7728560595,0.439818181,1,0.4601307536,0.5570019246,0,0.9994242948,True
8127,1,0.7630463787,0.439818181,1,0.9419058636,0.5570019246,1,,False
8128,0,0.5415499612,0.439818181,1,0.3969492727,0.5570019246,0,0.9286125504,True
8129,1,0.5421233905,0.439818181,1,0.48081104,0.5570019246,0,,False
8130,1,0.7650883331,0.439818181,1,0.9203823545,0.5570019246,1,,False
8131,0,0.167821604,0.439818181,0,0.1227813757,0.5570019246,0,0.3579927077,False
8132,1,0.7471511885,0.439818181,1,0.6610275173,0.5570019246,1,,False
8133,0,0.3696885626,0.439818181,0,0.1174020738,0.5570019246,0,0.7262521589,False
8134,0,0.04839220758,0.439818181,0,0.0360832262,0.5570019246,0,0.1516023796,False
8135,0,0.484008847,0.439818181,1,0.2613610172,0.5570019246,0,0.8794857033,False
8136,0,0.3389955756,0.439818181,0,0.08939923582,0.5570019246,0,0.6712723086,False
8137,0,0.2447317282,0.439818181,0,0.1154892689,0.5570019246,0,0.4943388985,False
8138,0,0.6323081754,0.439818181,1,0.5073941121,0.5570019246,0,0.9733256573,True
8139,1,0.7610062175,0.439818181,1,0.628102801,0.5570019246,1,,False
8140,0,0.177416593,0.439818181,0,0.1384687528,0.5570019246,0,0.3729610439,False
8141,0,0.1621996808,0.439818181,0,0.06181102378,0.5570019246,0,0.3478219152,False
8142,0,0.2318404559,0.439818181,0,0.1578924103,0.5570019246,0,0.4688159662,False
8143,0,0.2141679999,0.439818181,0,0.1359979767,0.5570019246,0,0.4381116868,False
8144,0,0.6012135684,0.439818181,1,0.2977340655,0.5570019246,0,0.9627710612,True
8145,1,0.6587765543,0.439818181,1,0.8935819456,0.5570019246,1,,False
8146,0,0.486896379,0.439818181,1,0.3552433085,0.5570019246,0,0.8821723278,False
8147,0,0.2442612376,0.439818181,0,0.1979973734,0.5570019246,0,0.4930915371,False
8148,0,0.1104984688,0.439818181,0,0.08016540701,0.5570019246,0,0.2644406064,False
8149,0,0.3245299065,0.439818181,0,0.1337612727,0.5570019246,0,0.6447898676,False
8150,0,0.2334667411,0.439818181,0,0.1705521349,0.5570019246,0,0.4716944924,False
8151,0,0.2121078144,0.439818181,0,0.2067997527,0.5570019246,0,0.4342736519,False
8152,1,0.7951665627,0.439818181,1,0.9181165355,0.5570019246,1,,False
8153,0,0.1380690858,0.439818181,0,0.06825204245,0.5570019246,0,0.3086739589,False
8154,0,0.5253508373,0.439818181,1,0.2609760796,0.5570019246,0,0.9171943965,True
8155,0,0.2394501855,0.439818181,0,0.07224909782,0.5570019246,0,0.4834964498,False
8156,0,0.5302192845,0.439818181,1,0.2773858299,0.5570019246,0,0.9202648244,True
8157,0,0.116837562,0.439818181,0,0.1040503362,0.5570019246,0,0.2756668586,False
8158,0,0.3896761811,0.439818181,0,0.2690389313,0.5570019246,0,0.7604106697,False
8159,0,0.445076117,0.439818181,1,0.1996102439,0.5570019246,0,0.8364997121,False
8160,0,0.265013635,0.439818181,0,0.1986142326,0.5570019246,0,0.5322394934,False
8161,0,0.4886051712,0.439818181,1,0.2956872763,0.5570019246,0,0.8837075417,False
8162,0,0.4709189152,0.439818181,1,0.1436563997,0.5570019246,0,0.866148532,False
8163,0,0.02550117809,0.439818181,0,0.03427375559,0.5570019246,0,0.09815774324,False
8164,0,0.2908841779,0.439818181,0,0.1983062201,0.5570019246,0,0.5784878142,False
8165,1,0.7699902928,0.439818181,1,0.9418446494,0.5570019246,1,,False
8166,0,0.05947441317,0.439818181,0,0.03088941174,0.5570019246,0,0.1752062944,False
8167,0,0.01033838309,0.439818181,0,0.01252947859,0.5570019246,0,0.05003838035,False
8168,0,0.3899538086,0.439818181,0,0.6942161492,0.5570019246,1,0.7607944732,False
8169,0,0.2512722648,0.439818181,0,0.4858765407,0.5570019246,0,0.5051813472,False
8170,0,0.02689158879,0.439818181,0,0.01600250377,0.5570019246,0,0.1019957782,False
8171,0,0.221604406,0.439818181,0,0.09374547645,0.5570019246,0,0.4504893495,False
8172,0,0.3072197662,0.439818181,0,0.1148522437,0.5570019246,0,0.6116868164,False
8173,0,0.5394320836,0.439818181,1,0.3577114624,0.5570019246,0,0.9271732873,True
8174,1,0.7116766067,0.439818181,1,0.7725347918,0.5570019246,1,,False
8175,0,0.6895261388,0.439818181,1,0.2766517462,0.5570019246,0,0.9903089618,True
8176,1,0.6014825183,0.439818181,1,0.5195551345,0.5570019246,0,,False
8177,0,0.2847283715,0.439818181,0,0.1435978826,0.5570019246,0,0.5669737095,False
8178,0,0.09930739575,0.439818181,0,0.09351766114,0.5570019246,0,0.2446747265,False
8179,0,0.2834228371,0.439818181,0,0.1857519741,0.5570019246,0,0.5646708885,False
8180,0,0.6655754711,0.439818181,1,0.3278377113,0.5570019246,0,0.9839762042,True
8181,0,0.1971162888,0.439818181,0,0.2173863711,0.5570019246,0,0.4085588179,False
8182,0,0.4554535993,0.439818181,1,0.1384118086,0.5570019246,0,0.8497409326,False
8183,1,0.5280100369,0.439818181,1,0.4716804882,0.5570019246,0,,False
8184,0,0.1735491505,0.439818181,0,0.1105267588,0.5570019246,0,0.3667242372,False
8185,0,0.0525066277,0.439818181,0,0.02515338146,0.5570019246,0,0.1598541547,False
8186,0,0.3867409176,0.439818181,0,0.2805709607,0.5570019246,0,0.7548455191,False
8187,0,0.3471669074,0.439818181,0,0.2488456411,0.5570019246,0,0.6869123009,False
8188,0,0.2667137559,0.439818181,0,0.1020671173,0.5570019246,0,0.5353099213,False
8189,1,0.6532747505,0.439818181,1,0.7708041225,0.5570019246,1,,False
8190,0,0.1166371386,0.439818181,0,0.09047851592,0.5570019246,0,0.2748992516,False
8191,0,0.6547396715,0.439818181,1,0.7111096951,0.5570019246,1,0.9811936289,True
8192,0,0.4013405254,0.439818181,0,0.5827838995,0.5570019246,1,0.7797927461,False
8193,0,0.1370152401,0.439818181,0,0.06822015806,0.5570019246,0,0.307138745,False
8194,0,0.4245667053,0.439818181,0,0.3480725435,0.5570019246,0,0.8107848781,False
8195,0,0.3547874228,0.439818181,0,0.163458934,0.5570019246,0,0.6985223566,False
8196,0,0.007385206538,0.439818181,0,0.002824366993,0.5570019246,0,0.03766071771,False
8197,0,0.4175829266,0.439818181,0,0.2456835687,0.5570019246,0,0.80109384,False
8198,0,0.7425943509,0.439818181,1,0.5887944553,0.5570019246,1,0.9978890808,True
8199,0,0.1874479722,0.439818181,0,0.1013746403,0.5570019246,0,0.3904241029,False
8200,1,0.6842007395,0.439818181,1,0.5683814574,0.5570019246,1,,False
8201,0,0.3852580146,0.439818181,0,0.2292853475,0.5570019246,0,0.7533103051,False
8202,0,0.4058386526,0.439818181,0,0.2014640532,0.5570019246,0,0.785165995,False
8203,0,0.206125756,0.439818181,0,0.06327474019,0.5570019246,0,0.4251583189,False
8204,0,0.6743827681,0.439818181,1,0.5174858417,0.5570019246,0,0.9865668778,True
8205,0,0.5946556069,0.439818181,1,0.109789475,0.5570019246,0,0.959892535,True
8206,0,0.2221509179,0.439818181,0,0.1349302852,0.5570019246,0,0.4515448091,False
8207,0,0.5744496417,0.439818181,1,0.3402942613,0.5570019246,0,0.9506812512,True
8208,0,0.3395986219,0.439818181,0,0.2388280741,0.5570019246,0,0.6726156208,False
8209,0,0.6415319297,0.439818181,1,0.2637141152,0.5570019246,0,0.9763960852,True
8210,0,0.4628051188,0.439818181,1,0.2055510597,0.5570019246,0,0.8564574938,False
8211,0,0.03865473287,0.439818181,0,0.03347751052,0.5570019246,0,0.1322203032,False
8212,0,0.5130043855,0.439818181,1,0.1073659802,0.5570019246,0,0.9063519478,True
8213,0,0.2892293999,0.439818181,0,0.1602056794,0.5570019246,0,0.5749376319,False
8214,0,0.2255113053,0.439818181,0,0.1348643923,0.5570019246,0,0.456918058,False
8215,1,0.7514765752,0.439818181,1,0.9199562342,0.5570019246,1,,False
8216,0,0.2241712765,0.439818181,0,0.123873533,0.5570019246,0,0.4548071387,False
8217,0,0.3362434504,0.439818181,0,0.108813613,0.5570019246,0,0.6666666667,False
8218,1,0.7190653141,0.439818181,1,0.9153587285,0.5570019246,1,,False
8219,0,0.5617678257,0.439818181,1,0.1747633473,0.5570019246,0,0.9426213779,True
8220,1,0.6115863478,0.439818181,1,0.4963616893,0.5570019246,0,,False
8221,0,0.1467388585,0.439818181,0,0.09995939328,0.5570019246,0,0.3221070812,False
8222,0,0.06412029975,0.439818181,0,0.06270265096,0.5570019246,0,0.1829783151,False
8223,0,0.1009517208,0.439818181,0,0.05149535834,0.5570019246,0,0.2476492036,False
8224,0,0.1393393272,0.439818181,0,0.07047135672,0.5570019246,0,0.3109767799,False
8225,0,0.01982835632,0.439818181,0,0.01866832628,0.5570019246,0,0.08357321052,False
8226,0,0.5912070984,0.439818181,1,0.2922581864,0.5570019246,0,0.9586451737,True
8227,0,0.4766342094,0.439818181,1,0.6233277839,0.5570019246,1,0.8723853387,False
8228,0,0.01448879835,0.439818181,0,0.009556186598,0.5570019246,0,0.065054692,False
8229,1,0.5054808678,0.439818181,1,0.6155496488,0.5570019246,1,,False
8230,0,0.2994821761,0.439818181,0,0.1788130696,0.5570019246,0,0.5977739397,False
8231,0,0.7056475442,0.439818181,1,0.7533604179,0.5570019246,1,0.9934753406,True
8232,0,0.3149501952,0.439818181,0,0.1318892342,0.5570019246,0,0.6267511034,False
8233,0,0.2654830825,0.439818181,0,0.1840526491,0.5570019246,0,0.5330071004,False
8234,0,0.5838495693,0.439818181,1,0.3446165064,0.5570019246,0,0.955382844,True
8235,0,0.5358545028,0.439818181,1,0.3800777218,0.5570019246,0,0.9247745154,True
8236,0,0.1737298612,0.439818181,0,0.1338763897,0.5570019246,0,0.3672039916,False
8237,0,0.05052649857,0.439818181,0,0.02074405102,0.5570019246,0,0.1559201689,False
8238,0,0.4451777038,0.439818181,1,0.1317780253,0.5570019246,0,0.836595663,False
8239,1,0.781928432,0.439818181,1,0.8204628513,0.5570019246,1,,False
8240,0,0.1060377465,0.439818181,0,0.0708014276,0.5570019246,0,0.2559969296,False
8241,0,0.4412103724,0.439818181,1,0.329348379,0.5570019246,0,0.8314143159,False
8242,0,0.4891303291,0.439818181,1,0.3670021695,0.5570019246,0,0.8843791979,False
8243,0,0.01490697774,0.439818181,0,0.009257059614,0.5570019246,0,0.06668585684,False
8244,1,0.7381966366,0.439818181,1,0.9098169425,0.5570019246,1,,False
8245,0,0.332526954,0.439818181,0,0.1851325868,0.5570019246,0,0.6597582038,False
8246,1,0.8174411739,0.439818181,1,0.8828110698,0.5570019246,1,,False
8247,0,0.1874389656,0.439818181,0,0.1071588885,0.5570019246,0,0.390328152,False
8248,0,0.001473649867,0.439818181,0,0.00569817524,0.5570019246,0,0.006812511994,False
8249,0,0.7089995314,0.439818181,1,0.7061350178,0.5570019246,1,0.993955095,True
8250,0,0.08384055863,0.439818181,0,0.06235909058,0.5570019246,0,0.2191517943,False
8251,0,0.5233381317,0.439818181,1,0.3210007061,0.5570019246,0,0.9157551334,True
8252,1,0.675275583,0.439818181,1,0.9024495861,0.5570019246,1,,False
8253,0,0.3626071225,0.439818181,0,0.2823350123,0.5570019246,0,0.7141623489,False
8254,0,0.4575095645,0.439818181,1,0.2271697585,0.5570019246,0,0.8508923431,False
8255,0,0.6082117925,0.439818181,1,0.7140158129,0.5570019246,1,0.9653617348,True
8256,0,0.3900755822,0.439818181,0,0.1920309827,0.5570019246,0,0.7611782767,False
8257,0,0.3726686597,0.439818181,0,0.1230544739,0.5570019246,0,0.7333525235,False
8258,0,0.5203510482,0.439818181,1,0.1771163749,0.5570019246,0,0.9131644598,True
8259,0,0.5841499547,0.439818181,1,0.2778776831,0.5570019246,0,0.9556706966,True
8260,0,0.0557848807,0.439818181,0,0.031992299,0.5570019246,0,0.1658990597,False
8261,1,0.7899992915,0.439818181,1,0.9058469216,0.5570019246,1,,False
8262,0,0.08339347873,0.439818181,0,0.09812679449,0.5570019246,0,0.2182882364,False
8263,1,0.7438076717,0.439818181,1,0.87074138,0.5570019246,1,,False
8264,0,0.3512858641,0.439818181,0,0.180437626,0.5570019246,0,0.6934369603,False
8265,1,0.7050657772,0.439818181,1,0.8496525895,0.5570019246,1,,False
8266,0,0.1484615347,0.439818181,0,0.07521605765,0.5570019246,0,0.3251775091,False
8267,0,0.3116548936,0.439818181,0,0.1870168929,0.5570019246,0,0.6198426406,False
8268,0,0.07277455806,0.439818181,0,0.02651482875,0.5570019246,0,0.1990980618,False
8269,1,0.5742855199,0.439818181,1,0.508566984,0.5570019246,0,,False
8270,0,0.6042345073,0.439818181,1,0.5869109606,0.5570019246,1,0.9644981769,True
8271,1,0.8450359127,0.439818181,1,0.9149286665,0.5570019246,1,,False
8272,0,0.5663719363,0.439818181,1,0.213242864,0.5570019246,0,0.9457877567,True
8273,0,0.2161080574,0.439818181,0,0.1824681482,0.5570019246,0,0.4413740165,False
8274,0,0.2260897963,0.439818181,0,0.2752705091,0.5570019246,0,0.4575897141,False
8275,1,0.8375852232,0.439818181,1,0.8587325335,0.5570019246,1,,False
8276,0,0.2124664429,0.439818181,0,0.1914916332,0.5570019246,0,0.434945308,False
8277,0,0.1661631063,0.439818181,0,0.1493429258,0.5570019246,0,0.354730378,False
8278,1,0.7858062238,0.439818181,1,0.8200428812,0.5570019246,1,,False
8279,1,0.8472622977,0.439818181,1,0.855324966,0.5570019246,1,,False
8280,0,0.7413230555,0.439818181,1,0.5711521027,0.5570019246,1,0.9977931299,True
8281,0,0.1917539645,0.439818181,0,0.1053889996,0.5570019246,0,0.3978123201,False
8282,0,0.6364503039,0.439818181,1,0.4953182576,0.5570019246,0,0.9746689695,True
8283,1,0.6184800286,0.439818181,1,0.6691019874,0.5570019246,1,,False
8284,0,0.167243722,0.439818181,0,0.158085722,0.5570019246,0,0.3563615429,False
8285,1,0.8655240858,0.439818181,1,0.8912563238,0.5570019246,1,,False
8286,0,0.2367935337,0.439818181,0,0.2191911631,0.5570019246,0,0.4778353483,False
8287,0,0.3997786948,0.439818181,0,0.3100215299,0.5570019246,0,0.7771061217,False
8288,0,0.2962581929,0.439818181,0,0.1912908604,0.5570019246,0,0.5899059681,False
8289,0,0.08150469388,0.439818181,0,0.08510866677,0.5570019246,0,0.2153137594,False
8290,1,0.4346346845,0.439818181,0,0.7874684505,0.5570019246,1,,False
8291,1,0.723752763,0.439818181,1,0.9133480069,0.5570019246,1,,False
8292,0,0.5197043758,0.439818181,1,0.393163188,0.5570019246,0,0.9125887546,True
8293,1,0.6227055259,0.439818181,1,0.8599129571,0.5570019246,1,,False
8294,1,0.7502559636,0.439818181,1,0.9107167536,0.5570019246,1,,False
8295,0,0.05811032719,0.439818181,0,0.04778068239,0.5570019246,0,0.1717520629,False
8296,0,0.4141086583,0.439818181,0,0.1666087599,0.5570019246,0,0.7959124928,False
8297,1,0.7950454416,0.439818181,1,0.8959322836,0.5570019246,1,,False
8298,0,0.2054580528,0.439818181,0,0.06311650005,0.5570019246,0,0.4238150067,False
8299,0,0.1273712213,0.439818181,0,0.09521084647,0.5570019246,0,0.2918825561,False
8300,1,0.4817905773,0.439818181,1,0.8050922257,0.5570019246,1,,False
8301,0,0.4777508885,0.439818181,1,0.1538919047,0.5570019246,0,0.8736327001,False
8302,0,0.5814253276,0.439818181,1,0.4441820337,0.5570019246,0,0.9537516791,True
8303,0,0.2344173862,0.439818181,0,0.08778557372,0.5570019246,0,0.473517559,False
8304,0,0.4543914356,0.439818181,1,0.481916282,0.5570019246,0,0.8483016695,False
8305,0,0.2778150591,0.439818181,0,0.1433039936,0.5570019246,0,0.5536365381,False
8306,0,0.3361595962,0.439818181,0,0.1425491362,0.5570019246,0,0.6662828632,False
8307,1,0.6062276833,0.439818181,1,0.381615813,0.5570019246,0,,False
8308,0,0.05646993716,0.439818181,0,0.03300652196,0.5570019246,0,0.167914028,False
8309,0,0.6877026039,0.439818181,1,0.6935822935,0.5570019246,1,0.9899251583,True
8310,0,0.3310932761,0.439818181,0,0.2490753931,0.5570019246,0,0.6567837267,False
8311,0,0.1724915985,0.439818181,0,0.1638454551,0.5570019246,0,0.3643254654,False
8312,0,0.3125771063,0.439818181,0,0.2873265809,0.5570019246,0,0.6222414124,False
8313,0,0.3848714595,0.439818181,0,0.1150797474,0.5570019246,0,0.7531184034,False
8314,1,0.5892378148,0.439818181,1,0.4313394268,0.5570019246,0,,False
8315,0,0.2516950046,0.439818181,0,0.08458633795,0.5570019246,0,0.5058530033,False
8316,0,0.0497122033,0.439818181,0,0.05009469009,0.5570019246,0,0.1538572251,False
8317,0,0.06580618598,0.439818181,0,0.06094614176,0.5570019246,0,0.1861926694,False
8318,1,0.5385583074,0.439818181,1,0.7351425957,0.5570019246,1,,False
8319,0,0.02463127906,0.439818181,0,0.02850084964,0.5570019246,0,0.09633467665,False
8320,0,0.1081494392,0.439818181,0,0.06131722394,0.5570019246,0,0.2599309154,False
8321,0,0.6527239062,0.439818181,1,0.3509897202,0.5570019246,0,0.9801381693,True
8322,0,0.3698994511,0.439818181,0,0.1751171656,0.5570019246,0,0.726923815,False
8323,0,0.366410279,0.439818181,0,0.3012202538,0.5570019246,0,0.72087891,False
8324,1,0.675760224,0.439818181,1,0.8480809318,0.5570019246,1,,False
8325,0,0.149074532,0.439818181,0,0.1446760897,0.5570019246,0,0.3264248705,False
8326,1,0.689569631,0.439818181,1,0.5248525312,0.5570019246,0,,False
8327,1,0.5689511562,0.439818181,1,0.8120802582,0.5570019246,1,,False
8328,1,0.7064501237,0.439818181,1,0.8618505538,0.5570019246,1,,False
8329,1,0.5234742381,0.439818181,1,0.4352848793,0.5570019246,0,,False
8330,0,0.6613665104,0.439818181,1,0.2041691383,0.5570019246,0,0.9825369411,True
8331,0,0.6413753654,0.439818181,1,0.4178240529,0.5570019246,0,0.9763001343,True
8332,0,0.6511212723,0.439818181,1,0.3456725956,0.5570019246,0,0.9792746114,True
8333,1,0.8293372576,0.439818181,1,0.7640196478,0.5570019246,1,,False
8334,1,0.7804409191,0.439818181,1,0.9498544377,0.5570019246,1,,False
8335,0,0.2661590455,0.439818181,0,0.1038410021,0.5570019246,0,0.5342544617,False
8336,0,0.5504827985,0.439818181,1,0.4997007379,0.5570019246,0,0.9346574554,True
8337,0,0.3249503377,0.439818181,0,0.1464016696,0.5570019246,0,0.6456534254,False
8338,1,0.8364932463,0.439818181,1,0.8870192507,0.5570019246,1,,False
8339,1,0.6874674034,0.439818181,1,0.553664378,0.5570019246,0,,False
8340,0,0.4247367145,0.439818181,0,0.291945238,0.5570019246,0,0.8109767799,False
8341,1,0.7103736448,0.439818181,1,0.9066982603,0.5570019246,1,,False
8342,0,0.2417461574,0.439818181,0,0.1722322736,0.5570019246,0,0.4885818461,False
8343,0,0.3612017072,0.439818181,0,0.2636152379,0.5570019246,0,0.7114757244,False
8344,1,0.7700437884,0.439818181,1,0.5936203353,0.5570019246,1,,False
8345,1,0.8111720675,0.439818181,1,0.8686433051,0.5570019246,1,,False
8346,0,0.3796505843,0.439818181,0,0.6643558269,0.5570019246,1,0.7463058914,False
8347,0,0.6878372586,0.439818181,1,0.3465895463,0.5570019246,0,0.9901170601,True
8348,0,0.7122866839,0.439818181,1,0.3673030562,0.5570019246,0,0.9945308002,True
8349,1,0.6866993163,0.439818181,1,0.6232412774,0.5570019246,1,,False
8350,1,0.8657589074,0.439818181,1,0.8699694308,0.5570019246,1,,False
8351,0,0.5979227496,0.439818181,1,0.2489631919,0.5570019246,0,0.9611398964,True
8352,0,0.3149759526,0.439818181,0,0.1785828455,0.5570019246,0,0.6270389561,False
8353,1,0.7503395245,0.439818181,1,0.8892652858,0.5570019246,1,,False
8354,0,0.3019836706,0.439818181,0,0.2144874074,0.5570019246,0,0.6011322203,False
8355,0,0.3958719066,0.439818181,0,0.1970702608,0.5570019246,0,0.7705814623,False
8356,0,0.5897021259,0.439818181,1,0.5890564575,0.5570019246,1,0.9573978123,True
8357,1,0.6391253985,0.439818181,1,0.8843147759,0.5570019246,1,,False
8358,1,0.5551353483,0.439818181,1,0.7549803021,0.5570019246,1,,False
8359,0,0.5670040695,0.439818181,1,0.2812762,0.5570019246,0,0.9463634619,True
8360,0,0.1425990357,0.439818181,0,0.07060621639,0.5570019246,0,0.3154864709,False
8361,1,0.7714061128,0.439818181,1,0.5698234871,0.5570019246,1,,False
8362,1,0.7160832595,0.439818181,1,0.8940316942,0.5570019246,1,,False
8363,0,0.1525966869,0.439818181,0,0.1026563413,0.5570019246,0,0.3318940702,False
8364,0,0.2921052602,0.439818181,0,0.2990430053,0.5570019246,0,0.5810784878,False
8365,1,0.6471374883,0.439818181,1,0.5464269386,0.5570019246,0,,False
8366,1,0.6036239415,0.439818181,1,0.4369518563,0.5570019246,0,,False
8367,0,0.3338094461,0.439818181,0,0.628918985,0.5570019246,1,0.6617731721,False
8368,0,0.06664979276,0.439818181,0,0.05267870527,0.5570019246,0,0.1886394166,False
8369,0,0.5645630098,0.439818181,1,0.228823792,0.5570019246,0,0.9448282479,True
8370,1,0.5905155702,0.439818181,1,0.864445472,0.5570019246,1,,False
8371,0,0.5478864484,0.439818181,1,0.1973844543,0.5570019246,0,0.9331222414,True
8372,0,0.2719497999,0.439818181,0,0.3600698248,0.5570019246,0,0.5427940894,False
8373,0,0.3886312228,0.439818181,0,0.2474697865,0.5570019246,0,0.7584916523,False
8374,0,0.3056966825,0.439818181,0,0.1584946342,0.5570019246,0,0.6083285358,False
8375,0,0.2080935758,0.439818181,0,0.157957828,0.5570019246,0,0.428900403,False
8376,0,0.6881412131,0.439818181,1,0.7093841558,0.5570019246,1,0.9902130109,True
8377,1,0.7189276479,0.439818181,1,0.8880209083,0.5570019246,1,,False
8378,1,0.8299923139,0.439818181,1,0.9193686042,0.5570019246,1,,False
8379,0,0.7530452481,0.439818181,1,0.4715833332,0.5570019246,0,0.9985607369,True
8380,0,0.4527584732,0.439818181,1,0.7854787432,0.5570019246,1,0.8460947995,False
8381,0,0.2535113275,0.439818181,0,0.1457695684,0.5570019246,0,0.5094991364,False
8382,0,0.5832183088,0.439818181,1,0.6857747788,0.5570019246,1,0.9549990405,True
8383,1,0.7037136409,0.439818181,1,0.8455312041,0.5570019246,1,,False
8384,1,0.8091463412,0.439818181,1,0.8944799423,0.5570019246,1,,False
8385,0,0.07616231421,0.439818181,0,0.05374426869,0.5570019246,0,0.2060065247,False
8386,0,0.2239901014,0.439818181,0,0.2144764041,0.5570019246,0,0.4544233353,False
8387,0,0.37671625,0.439818181,0,0.2119969813,0.5570019246,0,0.7410285934,False
8388,0,0.3824567657,0.439818181,0,0.1207344925,0.5570019246,0,0.7496641719,False
8389,0,0.5247357266,0.439818181,1,0.2690853531,0.5570019246,0,0.9166186912,True
8390,0,0.2719739832,0.439818181,0,0.1353675666,0.5570019246,0,0.5428900403,False
8391,1,0.8125235528,0.439818181,1,0.8754254994,0.5570019246,1,,False
8392,0,0.6471265574,0.439818181,1,0.4494909812,0.5570019246,0,0.9781232009,True
8393,0,0.409414015,0.439818181,0,0.3294517348,0.5570019246,0,0.7905392439,False
8394,0,0.238076597,0.439818181,0,0.1568292834,0.5570019246,0,0.4807138745,False
8395,0,0.3165385485,0.439818181,0,0.1871423674,0.5570019246,0,0.6304931875,False
8396,0,0.6404270547,0.439818181,1,0.355941261,0.5570019246,0,0.9757244291,True
8397,0,0.2956048887,0.439818181,0,0.2123561827,0.5570019246,0,0.5883707542,False
8398,1,0.6042913394,0.439818181,1,0.5017518303,0.5570019246,0,,False
8399,0,0.489772035,0.439818181,1,0.2196729352,0.5570019246,0,0.8849549031,False
8400,0,0.5457345282,0.439818181,1,0.2821456324,0.5570019246,0,0.9317789292,True
8401,0,0.1063460045,0.439818181,0,0.1101442826,0.5570019246,0,0.2569564383,False
8402,1,0.5575859428,0.439818181,1,0.8677161499,0.5570019246,1,,False
8403,0,0.4761119872,0.439818181,1,0.3104570712,0.5570019246,0,0.8719055843,False
8404,0,0.5350160934,0.439818181,1,0.4594425486,0.5570019246,0,0.9238150067,True
8405,0,0.2449102068,0.439818181,0,0.2400599337,0.5570019246,0,0.4948186528,False
8406,0,0.4270991726,0.439818181,0,0.2884787769,0.5570019246,0,0.8135674535,False
8407,0,0.3529206739,0.439818181,0,0.2232426924,0.5570019246,0,0.6955478795,False
8408,0,0.2206221114,0.439818181,0,0.09921023406,0.5570019246,0,0.4486662829,False
8409,0,0.3308462484,0.439818181,0,0.08816297384,0.5570019246,0,0.6560161197,False
8410,0,0.1988776297,0.439818181,0,0.04914546924,0.5570019246,0,0.410765688,False
8411,1,0.3968127088,0.439818181,0,0.3996909831,0.5570019246,0,,False
8412,0,0.06481190561,0.439818181,0,0.03718763081,0.5570019246,0,0.1844175782,False
8413,1,0.8068020829,0.439818181,1,0.8266352739,0.5570019246,1,,False
8414,0,0.3579267465,0.439818181,0,0.3189101423,0.5570019246,0,0.7050470159,False
8415,0,0.165448151,0.439818181,0,0.09870329608,0.5570019246,0,0.3530032623,False
8416,0,0.6703045542,0.439818181,1,0.4376397885,0.5570019246,0,0.9854154673,True
8417,0,0.30066507,0.439818181,0,0.5632203346,0.5570019246,1,0.5992132028,False
8418,1,0.8229473615,0.439818181,1,0.6056824234,0.5570019246,1,,False
8419,1,0.6272328147,0.439818181,1,0.7315478624,0.5570019246,1,,False
8420,0,0.5036112568,0.439818181,1,0.8339747819,0.5570019246,1,0.8988677797,False
8421,0,0.3519813292,0.439818181,0,0.2622305159,0.5570019246,0,0.6942045673,False
8422,0,0.3570058841,0.439818181,0,0.1378055468,0.5570019246,0,0.7032239493,False
8423,1,0.6089169414,0.439818181,1,0.5210109572,0.5570019246,0,,False
8424,0,0.6728406049,0.439818181,1,0.3497389801,0.5570019246,0,0.9858952216,True
8425,0,0.612510783,0.439818181,1,0.4093740307,0.5570019246,0,0.9681443101,True
8426,0,0.2265017252,0.439818181,0,0.1918951828,0.5570019246,0,0.4585492228,False
8427,0,0.1390015303,0.439818181,0,0.1057575366,0.5570019246,0,0.3102091729,False
8428,0,0.2805979524,0.439818181,0,0.2035158699,0.5570019246,0,0.5596814431,False
8429,1,0.6890414948,0.439818181,1,0.5783691213,0.5570019246,1,,False
8430,0,0.4382891551,0.439818181,0,0.7296037853,0.5570019246,1,0.8272884283,False
8431,0,0.04520877485,0.439818181,0,0.04559889923,0.5570019246,0,0.1453175974,False
8432,0,0.5904343237,0.439818181,1,0.4589383806,0.5570019246,0,0.9577816158,True
8433,0,0.1174698834,0.439818181,0,0.1187611617,0.5570019246,0,0.2770101708,False
8434,0,0.4182581706,0.439818181,0,0.290188274,0.5570019246,0,0.8019573978,False
8435,0,0.1344837706,0.439818181,0,0.1655546983,0.5570019246,0,0.3034926118,False
8436,0,0.3644158039,0.439818181,0,0.4657774834,0.5570019246,0,0.7177125312,False
8437,1,0.6564668042,0.439818181,1,0.881405327,0.5570019246,1,,False
8438,0,0.3545616209,0.439818181,0,0.1508805854,0.5570019246,0,0.6982345039,False
8439,0,0.7665650389,0.439818181,1,0.4642341452,0.5570019246,0,0.9989445404,True
8440,0,0.06112543646,0.439818181,0,0.03235006319,0.5570019246,0,0.1781807714,False
8441,0,0.09209697035,0.439818181,0,0.04043832394,0.5570019246,0,0.2338322779,False
8442,0,0.4380458035,0.439818181,0,0.3674428653,0.5570019246,0,0.8269046248,False
8443,1,0.672404444,0.439818181,1,0.5824196337,0.5570019246,1,,False
8444,0,0.1030183869,0.439818181,0,0.09268973406,0.5570019246,0,0.251103435,False
8445,0,0.2700394967,0.439818181,0,0.2958717538,0.5570019246,0,0.5398196124,False
8446,0,0.591045556,0.439818181,1,0.4887531959,0.5570019246,0,0.9583573211,True
8447,0,0.284807166,0.439818181,0,0.1138650562,0.5570019246,0,0.5671656112,False
8448,1,0.6857000159,0.439818181,1,0.8386237133,0.5570019246,1,,False
8449,0,0.208982381,0.439818181,0,0.06442922625,0.5570019246,0,0.4299558626,False
8450,0,0.3399184529,0.439818181,0,0.5514608135,0.5570019246,0,0.6730953752,False
8451,0,0.3745125838,0.439818181,0,0.7090006468,0.5570019246,1,0.7365189023,False
8452,0,0.3761978811,0.439818181,0,0.3040186941,0.5570019246,0,0.739781232,False
8453,1,0.8150487394,0.439818181,1,0.8670890217,0.5570019246,1,,False
8454,1,0.5719483266,0.439818181,1,0.3979098722,0.5570019246,0,,False
8455,1,0.822831134,0.439818181,1,0.6517155722,0.5570019246,1,,False
8456,0,0.2866893871,0.439818181,0,0.208147094,0.5570019246,0,0.5702360391,False
8457,0,0.1873200786,0.439818181,0,0.09003996651,0.5570019246,0,0.3901362502,False
8458,0,0.2276547293,0.439818181,0,0.1751120917,0.5570019246,0,0.4600844368,False
8459,0,0.2351869003,0.439818181,0,0.4377844549,0.5570019246,0,0.4754365765,False
8460,0,0.5400049011,0.439818181,1,0.1873240869,0.5570019246,0,0.9276530416,True
8461,0,0.5108929259,0.439818181,1,0.1334719509,0.5570019246,0,0.9052005373,True
8462,0,0.09445579772,0.439818181,0,0.1161253085,0.5570019246,0,0.2374784111,False
8463,0,0.1443872779,0.439818181,0,0.1235222195,0.5570019246,0,0.318460948,False
8464,0,0.5134416729,0.439818181,1,0.3138749577,0.5570019246,0,0.9072155057,True
8465,0,0.2900722261,0.439818181,0,0.2441961439,0.5570019246,0,0.5772404529,False
8466,0,0.1303953298,0.439818181,0,0.1073359019,0.5570019246,0,0.2970639033,False
8467,0,0.5347583324,0.439818181,1,0.737545369,0.5570019246,1,0.9235271541,True
8468,0,0.3236356921,0.439818181,0,0.2810626236,0.5570019246,0,0.642966801,False
8469,0,0.560633542,0.439818181,1,0.347301929,0.5570019246,0,0.9419497217,True
8470,0,0.08704759726,0.439818181,0,0.02616396527,0.5570019246,0,0.2239493379,False
8471,0,0.1952232601,0.439818181,0,0.120258693,0.5570019246,0,0.4051045865,False
8472,0,0.3433526488,0.439818181,0,0.09155353472,0.5570019246,0,0.679236231,False
8473,0,0.431236897,0.439818181,0,0.3885416129,0.5570019246,0,0.8179811936,False
8474,0,0.1573591891,0.439818181,0,0.09753384097,0.5570019246,0,0.3392822875,False
8475,0,0.3743544526,0.439818181,0,0.2264324503,0.5570019246,0,0.7363270006,False
8476,0,0.1467385458,0.439818181,0,0.07541328956,0.5570019246,0,0.3220111303,False
8477,0,0.4925491196,0.439818181,1,0.4026953367,0.5570019246,0,0.8865860679,False
8478,0,0.4994811118,0.439818181,1,0.3839733977,0.5570019246,0,0.894837843,False
8479,0,0.2999826766,0.439818181,0,0.6101483547,0.5570019246,1,0.5985415467,False
8480,1,0.8256549388,0.439818181,1,0.8726038285,0.5570019246,1,,False
8481,0,0.4549208558,0.439818181,1,0.1178327426,0.5570019246,0,0.8491652274,False
8482,1,0.8514695765,0.439818181,1,0.9170191763,0.5570019246,1,,False
8483,0,0.1929338329,0.439818181,0,0.125694252,0.5570019246,0,0.4004029937,False
8484,0,0.05749814375,0.439818181,0,0.04669286,0.5570019246,0,0.1701208981,False
8485,0,0.003012120431,0.439818181,0,0.005053541061,0.5570019246,0,0.01506428709,False
8486,1,0.7540098427,0.439818181,1,0.5781464354,0.5570019246,1,,False
8487,1,0.7823936085,0.439818181,1,0.842556558,0.5570019246,1,,False
8488,1,0.7762766801,0.439818181,1,0.870068619,0.5570019246,1,,False
8489,0,0.261826014,0.439818181,0,0.1547747931,0.5570019246,0,0.5259067358,False
8490,0,0.06049521472,0.439818181,0,0.0219919155,0.5570019246,0,0.1774131645,False
8491,0,0.2921376713,0.439818181,0,0.1046073235,0.5570019246,0,0.5812703896,False
8492,0,0.03582157242,0.439818181,0,0.03506907113,0.5570019246,0,0.1252158895,False
8493,1,0.7259713223,0.439818181,1,0.5508492963,0.5570019246,0,,False
8494,0,0.01467348523,0.439818181,0,0.009214044716,0.5570019246,0,0.06563039724,False
8495,0,0.09496726025,0.439818181,0,0.1183583108,0.5570019246,0,0.2375743619,False
8496,0,0.08805629359,0.439818181,0,0.05734120717,0.5570019246,0,0.2255805028,False
8497,1,0.7356229677,0.439818181,1,0.8055610052,0.5570019246,1,,False
8498,0,0.3879735651,0.439818181,0,0.2144059907,0.5570019246,0,0.7573402418,False
8499,0,0.2046065842,0.439818181,0,0.07270576258,0.5570019246,0,0.422087891,False
8500,0,0.594851748,0.439818181,1,0.488619319,0.5570019246,0,0.9599884859,True
8501,0,0.171217861,0.439818181,0,0.103792989,0.5570019246,0,0.3627902514,False
8502,1,0.4309092969,0.439818181,0,0.40031458,0.5570019246,0,,False
8503,0,0.6329701788,0.439818181,1,0.3981990991,0.5570019246,0,0.9737094608,True
8504,0,0.2575305705,0.439818181,0,0.08089977987,0.5570019246,0,0.5178468624,False
8505,0,0.2097458363,0.439818181,0,0.2072273296,0.5570019246,0,0.4311072731,False
8506,0,0.2961845544,0.439818181,0,0.1552688762,0.5570019246,0,0.5897140664,False
8507,0,0.4262815494,0.439818181,0,0.1469824729,0.5570019246,0,0.8128957974,False
8508,0,0.2526413863,0.439818181,0,0.1849835461,0.5570019246,0,0.5079639225,False
8509,0,0.5215051798,0.439818181,1,0.7801997051,0.5570019246,1,0.9143158703,True
8510,0,0.3434840905,0.439818181,0,0.2924590267,0.5570019246,0,0.6796200345,False
8511,1,0.5854792969,0.439818181,1,0.5156746203,0.5570019246,0,,False
8512,0,0.2329875207,0.439818181,0,0.153146332,0.5570019246,0,0.4710228363,False
8513,0,0.01091101012,0.439818181,0,0.006550205375,0.5570019246,0,0.05258107849,False
8514,0,0.1097413015,0.439818181,0,0.07420343105,0.5570019246,0,0.2632891959,False
8515,1,0.8454643593,0.439818181,1,0.8985775485,0.5570019246,1,,False
8516,1,0.6652762922,0.439818181,1,0.8633897516,0.5570019246,1,,False
8517,0,0.2326111385,0.439818181,0,0.1282801097,0.5570019246,0,0.4704471311,False
8518,0,0.4329497047,0.439818181,0,0.163841136,0.5570019246,0,0.8198042602,False
8519,0,0.3042875382,0.439818181,0,0.2228198995,0.5570019246,0,0.605162157,False
8520,1,0.6220273298,0.439818181,1,0.7501898228,0.5570019246,1,,False
8521,0,0.1998953548,0.439818181,0,0.1020261037,0.5570019246,0,0.4131644598,False
8522,0,0.7769605818,0.439818181,1,0.4858375362,0.5570019246,0,0.9996161965,True
8523,0,0.4169578507,0.439818181,0,0.2622544981,0.5570019246,0,0.7999424295,False
8524,0,0.7399580858,0.439818181,1,0.5012490319,0.5570019246,0,0.9976012282,True
8525,0,0.2620525652,0.439818181,0,0.2473881221,0.5570019246,0,0.526482441,False
8526,0,0.2918157572,0.439818181,0,0.2796157555,0.5570019246,0,0.5803108808,False
8527,0,0.1686303127,0.439818181,0,0.09419661042,0.5570019246,0,0.3587603147,False
8528,1,0.8580881576,0.439818181,1,0.8943411705,0.5570019246,1,,False
8529,0,0.137545334,0.439818181,0,0.08462757443,0.5570019246,0,0.3079063519,False
8530,0,0.4234991913,0.439818181,0,0.3768906691,0.5570019246,0,0.8091537133,False
8531,0,0.4359800212,0.439818181,0,0.3347005405,0.5570019246,0,0.8246977547,False
8532,0,0.002634324364,0.439818181,0,0.005697649247,0.5570019246,0,0.01357704855,False
8533,0,0.6009566741,0.439818181,1,0.2024216878,0.5570019246,0,0.9625791595,True
8534,0,0.4372046361,0.439818181,0,0.6846773102,0.5570019246,1,0.8254653617,False
8535,0,0.1810979864,0.439818181,0,0.06227368162,0.5570019246,0,0.3798695068,False
8536,0,0.5640544287,0.439818181,1,0.4146341694,0.5570019246,0,0.9442525427,True
8537,0,0.02504989934,0.439818181,0,0.01531718604,0.5570019246,0,0.09681443101,False
8538,0,0.03282977933,0.439818181,0,0.03583120458,0.5570019246,0,0.1165803109,False
8539,0,0.4977486693,0.439818181,1,0.3037069266,0.5570019246,0,0.8928228747,False
8540,0,0.4355719516,0.439818181,0,0.1613550169,0.5570019246,0,0.8239301478,False
8541,0,0.4485068831,0.439818181,1,0.2537317032,0.5570019246,0,0.8409134523,False
8542,0,0.07477968967,0.439818181,0,0.0896252507,0.5570019246,0,0.2037037037,False
8543,0,0.255262664,0.439818181,0,0.1010519092,0.5570019246,0,0.5130493187,False
8544,0,0.2840563892,0.439818181,0,0.2239666135,0.5570019246,0,0.5657263481,False
8545,0,0.06580618598,0.439818181,0,0.06094614176,0.5570019246,0,0.1861926694,False
8546,0,0.5416248291,0.439818181,1,0.5196250499,0.5570019246,0,0.928900403,True
8547,0,0.4474484176,0.439818181,1,0.3999447725,0.5570019246,0,0.8392822875,False
8548,0,0.3656827401,0.439818181,0,0.6154638634,0.5570019246,1,0.719343696,False
8549,1,0.7737267535,0.439818181,1,0.8225954957,0.5570019246,1,,False
8550,0,0.03491431799,0.439818181,0,0.01591816836,0.5570019246,0,0.1226252159,False
8551,1,0.6309948863,0.439818181,1,0.4760983094,0.5570019246,0,,False
8552,0,0.1872717067,0.439818181,0,0.4817530693,0.5570019246,0,0.3898483976,False
8553,1,0.6481652085,0.439818181,1,0.7903409383,0.5570019246,1,,False
8554,0,0.4444452002,0.439818181,1,0.820078232,0.5570019246,1,0.8354442525,False
8555,0,0.3158987361,0.439818181,0,0.1109869457,0.5570019246,0,0.6290539244,False
8556,0,0.477206632,0.439818181,1,0.3039809182,0.5570019246,0,0.8730569948,False
8557,0,0.1020538991,0.439818181,0,0.0758748519,0.5570019246,0,0.2495682211,False
8558,1,0.8359185245,0.439818181,1,0.8549945691,0.5570019246,1,,False
8559,0,0.2242322498,0.439818181,0,0.2163534678,0.5570019246,0,0.4549990405,False
8560,0,0.4336077685,0.439818181,0,0.1901034045,0.5570019246,0,0.8209556707,False
8561,1,0.7700211107,0.439818181,1,0.8681468544,0.5570019246,1,,False
8562,0,0.214148947,0.439818181,0,0.142099643,0.5570019246,0,0.4380157359,False
8563,0,0.1857714477,0.439818181,0,0.149310962,0.5570019246,0,0.3870658223,False
8564,0,0.5517494783,0.439818181,1,0.2940654054,0.5570019246,0,0.935712915,True
8565,0,0.4329636757,0.439818181,0,0.3844531138,0.5570019246,0,0.8199002111,False
8566,0,0.1493274326,0.439818181,0,0.1269477052,0.5570019246,0,0.3270005757,False
8567,1,0.4964505696,0.439818181,1,0.4043861572,0.5570019246,0,,False
8568,0,0.4614616942,0.439818181,1,0.1466678999,0.5570019246,0,0.8549222798,False
8569,0,0.2555784907,0.439818181,0,0.1381760562,0.5570019246,0,0.5141047784,False
8570,0,0.5390444837,0.439818181,1,0.3579479177,0.5570019246,0,0.9270773364,True
8571,1,0.5937846346,0.439818181,1,0.6620666,0.5570019246,1,,False
8572,0,0.09984026279,0.439818181,0,0.02828211323,0.5570019246,0,0.2456342353,False
8573,0,0.1171567052,0.439818181,0,0.07879639187,0.5570019246,0,0.2764344656,False
8574,1,0.6874785457,0.439818181,1,0.916103441,0.5570019246,1,,False
8575,0,0.6698890589,0.439818181,1,0.4590888771,0.5570019246,0,0.9852235655,True
8576,0,0.2988558374,0.439818181,0,0.1480606232,0.5570019246,0,0.596046824,False
8577,0,0.4102930544,0.439818181,0,0.2380672745,0.5570019246,0,0.791978507,False
8578,0,0.3702673742,0.439818181,0,0.3593888234,0.5570019246,0,0.7275954711,False
8579,0,0.2774426455,0.439818181,0,0.1873659731,0.5570019246,0,0.5533486855,False
8580,1,0.7196327816,0.439818181,1,0.8931863265,0.5570019246,1,,False
8581,0,0.1406912576,0.439818181,0,0.06482070396,0.5570019246,0,0.3126079447,False
8582,1,0.6124090399,0.439818181,1,0.8678755617,0.5570019246,1,,False
8583,1,0.7842671189,0.439818181,1,0.8314131585,0.5570019246,1,,False
8584,0,0.4535921709,0.439818181,1,0.299913265,0.5570019246,0,0.8471502591,False
8585,0,0.2987645417,0.439818181,0,0.1786868478,0.5570019246,0,0.5955670697,False
8586,0,0.5528302088,0.439818181,1,0.3837530841,0.5570019246,0,0.9367683746,True
8587,1,0.7342480177,0.439818181,1,0.8307063011,0.5570019246,1,,False
8588,0,0.5025425015,0.439818181,1,0.2532285282,0.5570019246,0,0.897908271,False
8589,0,0.4845387585,0.439818181,1,0.2332391367,0.5570019246,0,0.8802533103,False
8590,0,0.2444011089,0.439818181,0,0.6465680914,0.5570019246,1,0.4936672424,False
8591,0,0.3926198088,0.439818181,0,0.6619795008,0.5570019246,1,0.7652082134,False
8592,0,0.06119687989,0.439818181,0,0.06849692674,0.5570019246,0,0.1784686241,False
8593,0,0.5312869025,0.439818181,1,0.3285479928,0.5570019246,0,0.921320284,True
8594,0,0.6363271563,0.439818181,1,0.4373111,0.5570019246,0,0.9744770677,True
8595,0,0.7363956366,0.439818181,1,0.4854245531,0.5570019246,0,0.9971214738,True
8596,0,0.1552260215,0.439818181,0,0.05796177747,0.5570019246,0,0.3356361543,False
8597,0,0.521180618,0.439818181,1,0.3282384012,0.5570019246,0,0.9139320668,True
8598,0,0.4768012831,0.439818181,1,0.1675215595,0.5570019246,0,0.8725772405,False
8599,0,0.1595184891,0.439818181,0,0.110258621,0.5570019246,0,0.3429284206,False
8600,0,0.01750262127,0.439818181,0,0.01403751665,0.5570019246,0,0.07714450201,False
8601,0,0.7672565965,0.439818181,1,0.4563771257,0.5570019246,0,0.9990404913,True
8602,0,0.4303417938,0.439818181,0,0.1368129128,0.5570019246,0,0.8165419305,False
8603,0,0.6494497159,0.439818181,1,0.4167227965,0.5570019246,0,0.978794857,True
8604,0,0.1896911104,0.439818181,0,0.07905086755,0.5570019246,0,0.394070236,False
8605,0,0.3511887965,0.439818181,0,0.1571013941,0.5570019246,0,0.6927653042,False
8606,0,0.1495910072,0.439818181,0,0.1026988289,0.5570019246,0,0.3275762809,False
8607,0,0.1304805076,0.439818181,0,0.04644465325,0.5570019246,0,0.297255805,False
8608,0,0.1453559255,0.439818181,0,0.08063541268,0.5570019246,0,0.3200921128,False
8609,1,0.831089439,0.439818181,1,0.87806223,0.5570019246,1,,False
8610,1,0.7766933309,0.439818181,1,0.5321140477,0.5570019246,0,,False
8611,0,0.08091483637,0.439818181,0,0.03970280955,0.5570019246,0,0.2144502015,False
8612,0,0.3368545702,0.439818181,0,0.1469495667,0.5570019246,0,0.6676261754,False
8613,1,0.797894974,0.439818181,1,0.8732882332,0.5570019246,1,,False
8614,0,0.2013095011,0.439818181,0,0.1304144616,0.5570019246,0,0.4169065438,False
8615,0,0.1947095037,0.439818181,0,0.1678082648,0.5570019246,0,0.4044329303,False
8616,0,0.1640680127,0.439818181,0,0.09109130949,0.5570019246,0,0.3505085396,False
8617,1,0.5896516256,0.439818181,1,0.8671687502,0.5570019246,1,,False
8618,0,0.03255114565,0.439818181,0,0.02428571473,0.5570019246,0,0.1159086548,False
8619,1,0.8722571356,0.439818181,1,0.9251631227,0.5570019246,1,,False
8620,1,0.7695604842,0.439818181,1,0.935232642,0.5570019246,1,,False
8621,0,0.0440070473,0.439818181,0,0.02085953312,0.5570019246,0,0.1425829975,False
8622,0,0.2765689591,0.439818181,0,0.1044177366,0.5570019246,0,0.5510458645,False
8623,0,0.1629078523,0.439818181,0,0.1558054625,0.5570019246,0,0.3490692765,False
8624,1,0.7121261338,0.439818181,1,0.7462881506,0.5570019246,1,,False
8625,0,0.1069990309,0.439818181,0,0.1117243168,0.5570019246,0,0.2582037997,False
8626,0,0.3338830273,0.439818181,0,0.1851442164,0.5570019246,0,0.6619650739,False
8627,0,0.2346828869,0.439818181,0,0.22455886,0.5570019246,0,0.474285166,False
8628,1,0.5963136181,0.439818181,1,0.7919220656,0.5570019246,1,,False
8629,0,0.2152012006,0.439818181,0,0.1346520344,0.5570019246,0,0.439454999,False
8630,1,0.6014630402,0.439818181,1,0.6495292381,0.5570019246,1,,False
8631,0,0.6038613429,0.439818181,1,0.3952028228,0.5570019246,0,0.9643062752,True
8632,0,0.247633325,0.439818181,0,0.4530419169,0.5570019246,0,0.4994242948,False
8633,1,0.7529738573,0.439818181,1,0.7771830125,0.5570019246,1,,False
8634,0,0.2057479497,0.439818181,0,0.1052174668,0.5570019246,0,0.424390712,False
8635,0,0.4477689712,0.439818181,1,0.3989434098,0.5570019246,0,0.839666091,False
8636,1,0.747581799,0.439818181,1,0.9142220498,0.5570019246,1,,False
8637,0,0.02285536779,0.439818181,0,0.02299127565,0.5570019246,0,0.09259259259,False
8638,1,0.5645917856,0.439818181,1,0.4268270077,0.5570019246,0,,False
8639,0,0.09255222929,0.439818181,0,0.04068574853,0.5570019246,0,0.2345998849,False
8640,0,0.3207419931,0.439818181,0,0.6294804635,0.5570019246,1,0.6378814047,False
8641,0,0.1753546465,0.439818181,0,0.06535648907,0.5570019246,0,0.3694108616,False
8642,0,0.00936271267,0.439818181,0,0.01108013269,0.5570019246,0,0.04452120514,False
8643,0,0.05634753498,0.439818181,0,0.03434185206,0.5570019246,0,0.1673383228,False
8644,0,0.01311132164,0.439818181,0,0.02382486257,0.5570019246,0,0.06044905009,False
8645,0,0.3198076843,0.439818181,0,0.1741641656,0.5570019246,0,0.6362502399,False
8646,1,0.648230183,0.439818181,1,0.774608132,0.5570019246,1,,False
8647,0,0.07430913478,0.439818181,0,0.0507720156,0.5570019246,0,0.2024563424,False
8648,0,0.4037841608,0.439818181,0,0.1436854161,0.5570019246,0,0.7828631741,False
8649,1,0.6699981031,0.439818181,1,0.8043977463,0.5570019246,1,,False
8650,0,0.2508243943,0.439818181,0,0.1473207655,0.5570019246,0,0.5043177893,False
8651,0,0.05869939009,0.439818181,0,0.04283635437,0.5570019246,0,0.1736710804,False
8652,0,0.04388905647,0.439818181,0,0.05151989076,0.5570019246,0,0.1423910958,False
8653,0,0.5364650656,0.439818181,1,0.2203178507,0.5570019246,0,0.9249664172,True
8654,0,0.3714233448,0.439818181,0,0.157656489,0.5570019246,0,0.7304739973,False
8655,0,0.08553841851,0.439818181,0,0.104621561,0.5570019246,0,0.2222222222,False
8656,0,0.713927108,0.439818181,1,0.7556984391,0.5570019246,1,0.994722702,True
8657,0,0.006412987173,0.439818181,0,0.0101290753,0.5570019246,0,0.03425446172,False
8658,0,0.185357697,0.439818181,0,0.1652857106,0.5570019246,0,0.3862982153,False
8659,0,0.3441457433,0.439818181,0,0.1816481917,0.5570019246,0,0.681539052,False
8660,0,0.5029394139,0.439818181,1,0.2902728883,0.5570019246,0,0.8981961236,False
8661,1,0.7060057585,0.439818181,1,0.8091853431,0.5570019246,1,,False
8662,0,0.002226927032,0.439818181,0,0.002987400438,0.5570019246,0,0.01228171176,False
8663,1,0.5939506179,0.439818181,1,0.7815279502,0.5570019246,1,,False
8664,1,0.6848372389,0.439818181,1,0.8845765477,0.5570019246,1,,False
8665,0,0.5555949964,0.439818181,1,0.4240404316,0.5570019246,0,0.9388792938,True
8666,0,0.2066965097,0.439818181,0,0.6226708647,0.5570019246,1,0.4259259259,False
8667,0,0.3406640847,0.439818181,0,0.6397122627,0.5570019246,1,0.6745346383,False
8668,0,0.1822955169,0.439818181,0,0.0611813144,0.5570019246,0,0.3820763769,False
8669,0,0.03351921943,0.439818181,0,0.01986603495,0.5570019246,0,0.1184993283,False
8670,0,0.02997140531,0.439818181,0,0.02248957671,0.5570019246,0,0.1088082902,False
8671,1,0.693079347,0.439818181,1,0.8577991809,0.5570019246,1,,False
8672,0,0.2655663264,0.439818181,0,0.2382921542,0.5570019246,0,0.533294953,False
8673,0,0.6087158449,0.439818181,1,0.7543350333,0.5570019246,1,0.9657455383,True
8674,0,0.3748004066,0.439818181,0,0.4550476741,0.5570019246,0,0.7366148532,False
8675,0,0.0976596385,0.439818181,0,0.02818469952,0.5570019246,0,0.2423719056,False
8676,1,0.4739519001,0.439818181,1,0.7591879963,0.5570019246,1,,False
8677,0,0.5487593676,0.439818181,1,0.3526534911,0.5570019246,0,0.9336019958,True
8678,1,0.86450366,0.439818181,1,0.6943204868,0.5570019246,1,,False
8679,0,0.4955776447,0.439818181,1,0.2748290381,0.5570019246,0,0.8902322011,False
8680,0,0.1485607524,0.439818181,0,0.09975888609,0.5570019246,0,0.3256572635,False
8681,0,0.2326351208,0.439818181,0,0.08662512032,0.5570019246,0,0.4706390328,False
8682,1,0.7595209271,0.439818181,1,0.5864067863,0.5570019246,1,,False
8683,0,0.481408071,0.439818181,1,0.4350350582,0.5570019246,0,0.8776626367,False
8684,1,0.5835451424,0.439818181,1,0.6427725606,0.5570019246,1,,False
8685,0,0.06215699815,0.439818181,0,0.0414222443,0.5570019246,0,0.1799078872,False
8686,0,0.3977201964,0.439818181,0,0.1518146142,0.5570019246,0,0.7727883324,False
8687,0,0.3611894879,0.439818181,0,0.7657301308,0.5570019246,1,0.7112838227,False
8688,0,0.6672722628,0.439818181,1,0.4405968685,0.5570019246,0,0.9846478603,True
8689,0,0.3354579919,0.439818181,0,0.266583168,0.5570019246,0,0.6652274036,False
8690,0,0.3878036765,0.439818181,0,0.3362659416,0.5570019246,0,0.7564766839,False
8691,0,0.5039948069,0.439818181,1,0.2998228947,0.5570019246,0,0.8992515832,False
8692,0,0.7625762283,0.439818181,1,0.4996459547,0.5570019246,0,0.9988485895,True
8693,1,0.7155702459,0.439818181,1,0.8105090541,0.5570019246,1,,False
8694,0,0.0452163439,0.439818181,0,0.04093895699,0.5570019246,0,0.1454615237,False
8695,0,0.5151363092,0.439818181,1,0.2814549378,0.5570019246,0,0.9083669161,True
8696,0,0.5598511082,0.439818181,1,0.2852831191,0.5570019246,0,0.9416618691,True
8697,0,0.2364871293,0.439818181,0,0.1252062576,0.5570019246,0,0.4769717904,False
8698,1,0.7308703562,0.439818181,1,0.8588011638,0.5570019246,1,,False
8699,0,0.07761794339,0.439818181,0,0.04543303692,0.5570019246,0,0.2085971982,False
8700,0,0.3057759387,0.439818181,0,0.1561502894,0.5570019246,0,0.6086163884,False
8701,0,0.06692443953,0.439818181,0,0.07051898114,0.5570019246,0,0.1890232201,False
8702,0,0.5970659795,0.439818181,1,0.4634305621,0.5570019246,0,0.9608520438,True
8703,0,0.1784469855,0.439818181,0,0.07278180846,0.5570019246,0,0.3753598158,False
8704,1,0.5052995382,0.439818181,1,0.5093884525,0.5570019246,0,,False
8705,0,0.7193878021,0.439818181,1,0.4990303574,0.5570019246,0,0.9952024563,True
8706,0,0.1358669067,0.439818181,0,0.6049265143,0.5570019246,1,0.3054116292,False
8707,0,0.3991500708,0.439818181,0,0.193367627,0.5570019246,0,0.7758587603,False
8708,0,0.5157058811,0.439818181,1,0.3681559957,0.5570019246,0,0.9087507196,True
8709,0,0.06605296498,0.439818181,0,0.0261617859,0.5570019246,0,0.1869123009,False
8710,0,0.573422442,0.439818181,1,0.2700868568,0.5570019246,0,0.9497217425,True
8711,0,0.3512730845,0.439818181,0,0.2491818279,0.5570019246,0,0.6933410094,False
8712,0,0.3145994213,0.439818181,0,0.1841817377,0.5570019246,0,0.6259834964,False
8713,0,0.09973666996,0.439818181,0,0.1008291197,0.5570019246,0,0.2454423335,False
8714,0,0.08720291321,0.439818181,0,0.04012842864,0.5570019246,0,0.2240452888,False
8715,0,0.4855548998,0.439818181,1,0.2848439618,0.5570019246,0,0.8811168682,False
8716,0,0.1812363168,0.439818181,0,0.1090254372,0.5570019246,0,0.3802533103,False
8717,0,0.2032986001,0.439818181,0,0.1999141131,0.5570019246,0,0.4202648244,False
8718,1,0.6420141694,0.439818181,1,0.3506131747,0.5570019246,0,,False
8719,1,0.6079775277,0.439818181,1,0.8017479127,0.5570019246,1,,False
8720,0,0.3729330987,0.439818181,0,0.3533025462,0.5570019246,0,0.733736327,False
8721,1,0.4477961547,0.439818181,1,0.3904489899,0.5570019246,0,,False
8722,0,0.2948300482,0.439818181,0,0.1799776594,0.5570019246,0,0.5869314911,False
8723,0,0.05538743377,0.439818181,0,0.04107819241,0.5570019246,0,0.1650355018,False
8724,1,0.6170233862,0.439818181,1,0.4917868155,0.5570019246,0,,False
8725,0,0.1977114105,0.439818181,0,0.1069428748,0.5570019246,0,0.409230474,False
8726,0,0.6539213065,0.439818181,1,0.552228496,0.5570019246,0,0.9807138745,True
8727,0,0.6016283151,0.439818181,1,0.4290402584,0.5570019246,0,0.9630589138,True
8728,1,0.5592397372,0.439818181,1,0.7782580802,0.5570019246,1,,False
8729,0,0.2898953362,0.439818181,0,0.6052228608,0.5570019246,1,0.5767606985,False
8730,1,0.6844428147,0.439818181,1,0.8775579917,0.5570019246,1,,False
8731,0,0.4714760915,0.439818181,1,0.3108100049,0.5570019246,0,0.8670120898,False
8732,0,0.477647605,0.439818181,1,0.3581643613,0.5570019246,0,0.8734407983,False
8733,0,0.08654422425,0.439818181,0,0.07671224618,0.5570019246,0,0.2237574362,False
8734,1,0.8086336857,0.439818181,1,0.9368500619,0.5570019246,1,,False
8735,0,0.4221405445,0.439818181,0,0.5161538447,0.5570019246,0,0.8074265976,False
8736,0,0.5537573387,0.439818181,1,0.2369048021,0.5570019246,0,0.9376319325,True
8737,1,0.6367037904,0.439818181,1,0.8507949235,0.5570019246,1,,False
8738,0,0.3240562608,0.439818181,0,0.1634316753,0.5570019246,0,0.643734408,False
8739,1,0.6042816785,0.439818181,1,0.5319454007,0.5570019246,0,,False
8740,1,0.6496436307,0.439818181,1,0.7592959841,0.5570019246,1,,False
8741,1,0.6844661695,0.439818181,1,0.8087779945,0.5570019246,1,,False
8742,0,0.2779934273,0.439818181,0,0.1287327235,0.5570019246,0,0.5544041451,False
8743,0,0.0429065606,0.439818181,0,0.0470842415,0.5570019246,0,0.1407599309,False
8744,0,0.6449251794,0.439818181,1,0.4831825632,0.5570019246,0,0.9771636922,True
8745,0,0.03924911301,0.439818181,0,0.03504517222,0.5570019246,0,0.1331798119,False
8746,0,0.1432347331,0.439818181,0,0.1130199892,0.5570019246,0,0.3164459797,False
8747,1,0.4127741158,0.439818181,0,0.3366035881,0.5570019246,0,,False
8748,0,0.4999741747,0.439818181,1,0.7040573451,0.5570019246,1,0.8951256956,False
8749,0,0.09117988709,0.439818181,0,0.07483037291,0.5570019246,0,0.2320092113,False
8750,0,0.548959438,0.439818181,1,0.1070340198,0.5570019246,0,0.9337938975,True
8751,0,0.4681615177,0.439818181,1,0.2354261851,0.5570019246,0,0.8632700058,False
8752,0,0.2718429788,0.439818181,0,0.2052259598,0.5570019246,0,0.5425062368,False
8753,0,0.002130244532,0.439818181,0,0.003037794703,0.5570019246,0,0.01084244867,False
8754,0,0.03285827538,0.439818181,0,0.04503093831,0.5570019246,0,0.1166762618,False
8755,0,0.1536766751,0.439818181,0,0.04117363648,0.5570019246,0,0.3337171368,False
8756,0,0.1788723403,0.439818181,0,0.1281019497,0.5570019246,0,0.3762233736,False
8757,0,0.3545195355,0.439818181,0,0.4038716528,0.5570019246,0,0.6980426022,False
8758,1,0.6691058893,0.439818181,1,0.604509623,0.5570019246,1,,False
8759,0,0.2429978149,0.439818181,0,0.1355177062,0.5570019246,0,0.4911725197,False
8760,0,0.0035281924,0.439818181,0,0.005785212742,0.5570019246,0,0.01890232201,False
8761,0,0.2978149684,0.439818181,0,0.1664963506,0.5570019246,0,0.5942237574,False
8762,0,0.5201245286,0.439818181,1,0.3253869985,0.5570019246,0,0.9127806563,True
8763,1,0.7527999421,0.439818181,1,0.9190681726,0.5570019246,1,,False
8764,0,0.2779711479,0.439818181,0,0.1843853193,0.5570019246,0,0.5542122433,False
8765,0,0.5413011737,0.439818181,1,0.536444854,0.5570019246,0,0.9284206486,True
8766,0,0.3724039444,0.439818181,0,0.2198474373,0.5570019246,0,0.7326808674,False
8767,0,0.05439754844,0.439818181,0,0.0572732761,0.5570019246,0,0.1627326809,False
8768,0,0.02283352941,0.439818181,0,0.01269006242,0.5570019246,0,0.09249664172,False
8769,1,0.7696002069,0.439818181,1,0.8810695562,0.5570019246,1,,False
8770,0,0.3764349247,0.439818181,0,0.2261047978,0.5570019246,0,0.7403569372,False
8771,0,0.4701644144,0.439818181,1,0.5529197924,0.5570019246,0,0.865380925,False
8772,0,0.1673232146,0.439818181,0,0.1883056922,0.5570019246,0,0.3566493955,False
8773,0,0.6164453151,0.439818181,1,0.4234571181,0.5570019246,0,0.9689119171,True
8774,0,0.1636241998,0.439818181,0,0.1094032943,0.5570019246,0,0.3498368835,False
8775,0,0.2974125858,0.439818181,0,0.1713500279,0.5570019246,0,0.5929763961,False
8776,0,0.13550734,0.439818181,0,0.1384192398,0.5570019246,0,0.3050278258,False
8777,0,0.3099502956,0.439818181,0,0.267599885,0.5570019246,0,0.6168681635,False
8778,0,0.3995340318,0.439818181,0,0.2536859367,0.5570019246,0,0.7764344656,False
8779,0,0.5005115557,0.439818181,1,0.6470265467,0.5570019246,1,0.8958933026,False
8780,0,0.2028118373,0.439818181,0,0.1420501432,0.5570019246,0,0.4195931683,False
8781,0,0.4179912218,0.439818181,0,0.4128475107,0.5570019246,0,0.8016695452,False
8782,0,0.1647486585,0.439818181,0,0.08159235609,0.5570019246,0,0.3516599501,False
8783,0,0.3183731191,0.439818181,0,0.1875872392,0.5570019246,0,0.6335636154,False
8784,0,0.05659685539,0.439818181,0,0.02423132556,0.5570019246,0,0.1682978315,False
8785,1,0.7786773912,0.439818181,1,0.8412566881,0.5570019246,1,,False
8786,0,0.2465405405,0.439818181,0,0.1125671711,0.5570019246,0,0.4970255229,False
8787,0,0.1692964101,0.439818181,0,0.1332158953,0.5570019246,0,0.3594319708,False
8788,0,0.3447438906,0.439818181,0,0.1754052876,0.5570019246,0,0.683074266,False
8789,0,0.2723213377,0.439818181,0,0.09518329337,0.5570019246,0,0.5434657455,False
8790,0,0.2688801168,0.439818181,0,0.1192967654,0.5570019246,0,0.5382843984,False
8791,0,0.0305827981,0.439818181,0,0.03739080727,0.5570019246,0,0.1108232585,False
8792,0,0.3580022366,0.439818181,0,0.5389667337,0.5570019246,0,0.7053348685,False
8793,0,0.346420141,0.439818181,0,0.2777972863,0.5570019246,0,0.6855689887,False
8794,0,0.1250242647,0.439818181,0,0.1045381343,0.5570019246,0,0.2865093072,False
8795,1,0.7716598957,0.439818181,1,0.9095250161,0.5570019246,1,,False
8796,0,0.1804987703,0.439818181,0,0.1143007253,0.5570019246,0,0.3791018998,False
8797,0,0.007188965749,0.439818181,0,0.008770264961,0.5570019246,0,0.03722893878,False
8798,0,0.2441665944,0.439818181,0,0.1907819534,0.5570019246,0,0.4928036845,False
8799,1,0.8014033904,0.439818181,1,0.9072778477,0.5570019246,1,,False
8800,1,0.7868440689,0.439818181,1,0.8187453027,0.5570019246,1,,False
8801,1,0.5989216385,0.439818181,1,0.8598477837,0.5570019246,1,,False
8802,0,0.102131337,0.439818181,0,0.1065044194,0.5570019246,0,0.2496641719,False
8803,1,0.6889962719,0.439818181,1,0.8399967847,0.5570019246,1,,False
8804,0,0.4672709617,0.439818181,1,0.1357495461,0.5570019246,0,0.86154289,False
8805,1,0.8078716477,0.439818181,1,0.6006052287,0.5570019246,1,,False
8806,0,0.2481758018,0.439818181,0,0.1134478284,0.5570019246,0,0.5004797544,False
8807,0,0.6570028574,0.439818181,1,0.2846931786,0.5570019246,0,0.981865285,True
8808,0,0.479257274,0.439818181,1,0.3658050624,0.5570019246,0,0.8758395701,False
8809,0,0.3722836952,0.439818181,0,0.5532139524,0.5570019246,0,0.7323930148,False
8810,0,0.393339133,0.439818181,0,0.3059626068,0.5570019246,0,0.7666474765,False
8811,0,0.2167782855,0.439818181,0,0.2129668933,0.5570019246,0,0.442525427,False
8812,1,0.643916336,0.439818181,1,0.8504996709,0.5570019246,1,,False
8813,0,0.1193433776,0.439818181,0,0.08847929931,0.5570019246,0,0.2794089426,False
8814,1,0.6342913318,0.439818181,1,0.5275453198,0.5570019246,0,,False
8815,1,0.6125479227,0.439818181,1,0.5363453921,0.5570019246,0,,False
8816,0,0.2503005958,0.439818181,0,0.2132693923,0.5570019246,0,0.5037420841,False
8817,1,0.8492166888,0.439818181,1,0.8817346616,0.5570019246,1,,False
8818,0,0.157878068,0.439818181,0,0.1035845811,0.5570019246,0,0.3404336979,False
8819,1,0.6775922623,0.439818181,1,0.7962489613,0.5570019246,1,,False
8820,0,0.1221536314,0.439818181,0,0.0610277769,0.5570019246,0,0.2824793706,False
8821,0,0.1884135545,0.439818181,0,0.1495773607,0.5570019246,0,0.3920552677,False
8822,0,0.1483239011,0.439818181,0,0.1048140831,0.5570019246,0,0.3247937056,False
8823,0,0.3146393493,0.439818181,0,0.1728144415,0.5570019246,0,0.6261753982,False
8824,0,0.1294306534,0.439818181,0,0.1152772271,0.5570019246,0,0.2955286893,False
8825,1,0.575529218,0.439818181,1,0.7394505037,0.5570019246,1,,False
8826,0,0.6532576667,0.439818181,1,0.359064463,0.5570019246,0,0.980330071,True
8827,0,0.4735914014,0.439818181,1,0.6283852043,0.5570019246,1,0.8689311073,False
8828,1,0.53542302,0.439818181,1,0.4597465492,0.5570019246,0,,False
8829,0,0.05646161193,0.439818181,0,0.06358262061,0.5570019246,0,0.1676741508,False
8830,0,0.5021139278,0.439818181,1,0.233160312,0.5570019246,0,0.8974285166,False
8831,1,0.8659630752,0.439818181,1,0.8765475242,0.5570019246,1,,False
8832,1,0.7058605369,0.439818181,1,0.8176866193,0.5570019246,1,,False
8833,1,0.7294594736,0.439818181,1,0.864763433,0.5570019246,1,,False
8834,0,0.7122518889,0.439818181,1,0.62698236,0.5570019246,1,0.9944348494,True
8835,0,0.2079348285,0.439818181,0,0.07725122191,0.5570019246,0,0.4284206486,False
8836,0,0.2346844927,0.439818181,0,0.2076661359,0.5570019246,0,0.4743811169,False
8837,1,0.7445514639,0.439818181,1,0.6054734834,0.5570019246,1,,False
8838,0,0.1343348788,0.439818181,0,0.1017208165,0.5570019246,0,0.30330071,False
8839,1,0.7172786511,0.439818181,1,0.9239598618,0.5570019246,1,,False
8840,0,0.2041561348,0.439818181,0,0.1382715557,0.5570019246,0,0.4217040875,False
8841,1,0.7693802617,0.439818181,1,0.6185037106,0.5570019246,1,,False
8842,0,0.155557148,0.439818181,0,0.07531367892,0.5570019246,0,0.335828056,False
8843,0,0.410287002,0.439818181,0,0.2688401916,0.5570019246,0,0.7918825561,False
8844,1,0.5279290258,0.439818181,1,0.7145281341,0.5570019246,1,,False
8845,0,0.388614263,0.439818181,0,0.2677150981,0.5570019246,0,0.7583957014,False
8846,0,0.5015481431,0.439818181,1,0.3464319927,0.5570019246,0,0.8966609096,False
8847,0,0.5001977124,0.439818181,1,0.437182889,0.5570019246,0,0.89560545,False
8848,0,0.1654304302,0.439818181,0,0.1541737388,0.5570019246,0,0.3529073115,False
8849,0,0.07702010765,0.439818181,0,0.08080728423,0.5570019246,0,0.2073498369,False
8850,1,0.6614629289,0.439818181,1,0.5085342893,0.5570019246,0,,False
8851,0,0.3997217162,0.439818181,0,0.4854750013,0.5570019246,0,0.7769142199,False
8852,0,0.1127653426,0.439818181,0,0.07620553753,0.5570019246,0,0.2683745922,False
8853,0,0.2989992768,0.439818181,0,0.446065871,0.5570019246,0,0.5965265784,False
8854,0,0.1662001496,0.439818181,0,0.1115096917,0.5570019246,0,0.3549222798,False
8855,0,0.4035055141,0.439818181,0,0.2816143203,0.5570019246,0,0.7825753214,False
8856,0,0.544891511,0.439818181,1,0.6545758242,0.5570019246,1,0.9308194205,True
8857,0,0.5378042693,0.439818181,1,0.1819907291,0.5570019246,0,0.9259259259,True
8858,0,0.5704371826,0.439818181,1,0.430354674,0.5570019246,0,0.947802725,True
8859,0,0.2846514186,0.439818181,0,0.1593833697,0.5570019246,0,0.5667818077,False
8860,0,0.2737083633,0.439818181,0,0.207271634,0.5570019246,0,0.5459604682,False
8861,0,0.5844677866,0.439818181,1,0.7694429627,0.5570019246,1,0.9558625983,True
8862,0,0.4920972891,0.439818181,1,0.7459115032,0.5570019246,1,0.8864901171,False
8863,1,0.4781448328,0.439818181,1,0.4395224812,0.5570019246,0,,False
8864,1,0.5912467851,0.439818181,1,0.7901753897,0.5570019246,1,,False
8865,0,0.2269691864,0.439818181,0,0.1538593879,0.5570019246,0,0.4590289772,False
8866,0,0.07310854606,0.439818181,0,0.07385521644,0.5570019246,0,0.1997697179,False
8867,0,0.4378658636,0.439818181,0,0.1433122884,0.5570019246,0,0.8266167722,False
8868,0,0.3880352819,0.439818181,0,0.2506228869,0.5570019246,0,0.7575321435,False
8869,0,0.04777586686,0.439818181,0,0.0411494377,0.5570019246,0,0.1506428709,False
8870,0,0.6033263336,0.439818181,1,0.6957900638,0.5570019246,1,0.9637305699,True
8871,1,0.7521672277,0.439818181,1,0.8231479952,0.5570019246,1,,False
8872,0,0.2317605045,0.439818181,0,0.5368284268,0.5570019246,0,0.4686240645,False
8873,0,0.5952317036,0.439818181,1,0.4086697152,0.5570019246,0,0.9600844368,True
8874,0,0.01643624439,0.439818181,0,0.01205484916,0.5570019246,0,0.07249088467,False
8875,0,0.5955280398,0.439818181,1,0.4370307416,0.5570019246,0,0.9603722894,True
8876,0,0.1062564103,0.439818181,0,0.0776595739,0.5570019246,0,0.2565726348,False
8877,0,0.3239004726,0.439818181,0,0.1304381388,0.5570019246,0,0.6433506045,False
8878,1,0.8279194782,0.439818181,1,0.8298801192,0.5570019246,1,,False
8879,1,0.7462049104,0.439818181,1,0.6451786221,0.5570019246,1,,False
8880,0,0.5453498578,0.439818181,1,0.8105346058,0.5570019246,1,0.9311072731,True
8881,0,0.03793379562,0.439818181,0,0.03354837771,0.5570019246,0,0.1303972366,False
8882,0,0.05920781422,0.439818181,0,0.05924905556,0.5570019246,0,0.1748224909,False
8883,0,0.05842103779,0.439818181,0,0.03926178074,0.5570019246,0,0.1726635962,False
8884,0,0.4068638881,0.439818181,0,0.5919692694,0.5570019246,1,0.7866052581,False
8885,1,0.7251258041,0.439818181,1,0.924104684,0.5570019246,1,,False
8886,0,0.6266768241,0.439818181,1,0.6433090166,0.5570019246,1,0.9715985415,True
8887,0,0.3569127815,0.439818181,0,0.133400803,0.5570019246,0,0.7028401458,False
8888,0,0.5654034467,0.439818181,1,0.2956987232,0.5570019246,0,0.945499904,True
8889,0,0.3636523386,0.439818181,0,0.2420402021,0.5570019246,0,0.7161773172,False
8890,0,0.3718637572,0.439818181,0,0.2187125518,0.5570019246,0,0.7312416043,False
8891,1,0.7103469697,0.439818181,1,0.8344923024,0.5570019246,1,,False
8892,0,0.2781514024,0.439818181,0,0.2143555177,0.5570019246,0,0.5546919977,False
8893,0,0.1907891372,0.439818181,0,0.1612739879,0.5570019246,0,0.3960852044,False
8894,0,0.3475301352,0.439818181,0,0.08334646142,0.5570019246,0,0.6876799079,False
8895,0,0.3027844089,0.439818181,0,0.5969588579,0.5570019246,1,0.6026674343,False
8896,1,0.5419008536,0.439818181,1,0.6601352393,0.5570019246,1,,False
8897,0,0.3883078749,0.439818181,0,0.1336192867,0.5570019246,0,0.7578199962,False
8898,0,0.1350579728,0.439818181,0,0.06902002127,0.5570019246,0,0.3043561696,False
8899,0,0.03039398049,0.439818181,0,0.01669167864,0.5570019246,0,0.1101516024,False
8900,0,0.5383833702,0.439818181,1,0.6646603634,0.5570019246,1,0.9263097294,True
8901,1,0.798625613,0.439818181,1,0.8654932929,0.5570019246,1,,False
8902,0,0.6591655008,0.439818181,1,0.7140846415,0.5570019246,1,0.9824409902,True
8903,0,0.2221367645,0.439818181,0,0.1198649131,0.5570019246,0,0.4513529073,False
8904,0,0.08917231987,0.439818181,0,0.1099912774,0.5570019246,0,0.2277873729,False
8905,0,0.1593863518,0.439818181,0,0.09888099455,0.5570019246,0,0.342640568,False
8906,0,0.1190471683,0.439818181,0,0.05167061023,0.5570019246,0,0.2788332374,False
8907,1,0.7145774543,0.439818181,1,0.8044538049,0.5570019246,1,,False
8908,1,0.8757953512,0.439818181,1,0.9125400698,0.5570019246,1,,False
8909,0,0.5185533621,0.439818181,1,0.6573614297,0.5570019246,1,0.911533295,True
8910,0,0.1265489067,0.439818181,0,0.1181373029,0.5570019246,0,0.2903473422,False
8911,0,0.4846307931,0.439818181,1,0.3560580886,0.5570019246,0,0.8804452121,False
8912,0,0.5589775261,0.439818181,1,0.3320115905,0.5570019246,0,0.9408942621,True
8913,0,0.07127037994,0.439818181,0,0.06733131223,0.5570019246,0,0.19669929,False
8914,0,0.4399818633,0.439818181,1,0.2704999651,0.5570019246,0,0.8293033967,False
8915,0,0.02707649123,0.439818181,0,0.02123781665,0.5570019246,0,0.1022836308,False
8916,0,0.3529459092,0.439818181,0,0.3686148518,0.5570019246,0,0.6956438304,False
8917,0,0.5490461764,0.439818181,1,0.2673943576,0.5570019246,0,0.9340817501,True
8918,1,0.7431614318,0.439818181,1,0.8722279255,0.5570019246,1,,False
8919,0,0.4345427298,0.439818181,0,0.4129262895,0.5570019246,0,0.8224908847,False
8920,0,0.3413198466,0.439818181,0,0.1836382957,0.5570019246,0,0.675494147,False
8921,0,0.1533282861,0.439818181,0,0.05620428701,0.5570019246,0,0.3329495298,False
8922,1,0.4612412843,0.439818181,1,0.6896503453,0.5570019246,1,,False
8923,0,0.233688472,0.439818181,0,0.1730368249,0.5570019246,0,0.4722701977,False
8924,0,0.02614655868,0.439818181,0,0.0187071061,0.5570019246,0,0.1002686624,False
8925,0,0.1425820722,0.439818181,0,0.05838515108,0.5570019246,0,0.3153905201,False
8926,0,0.4809149501,0.439818181,1,0.5417113828,0.5570019246,0,0.8772788332,False
8927,0,0.448011619,0.439818181,1,0.2599281994,0.5570019246,0,0.8399539436,False
8928,0,0.6295799293,0.439818181,1,0.6190674898,0.5570019246,1,0.9726540012,True
8929,0,0.28291415,0.439818181,0,0.6197918804,0.5570019246,1,0.5637113798,False
8930,0,0.6483837699,0.439818181,1,0.4398058358,0.5570019246,0,0.9784110535,True
8931,0,0.2138619126,0.439818181,0,0.09559816023,0.5570019246,0,0.4373440798,False
8932,1,0.7942715396,0.439818181,1,0.9394141799,0.5570019246,1,,False
8933,0,0.1800830095,0.439818181,0,0.1576625801,0.5570019246,0,0.3783342928,False
8934,0,0.2401059777,0.439818181,0,0.1596937677,0.5570019246,0,0.4853195164,False
8935,0,0.3662743646,0.439818181,0,0.1456413843,0.5570019246,0,0.7205910574,False
8936,1,0.7036011071,0.439818181,1,0.5961227855,0.5570019246,1,,False
8937,0,0.155495791,0.439818181,0,0.08519016116,0.5570019246,0,0.3357321052,False
8938,0,0.2142315098,0.439818181,0,0.1969793106,0.5570019246,0,0.4383035886,False
8939,0,0.02786244475,0.439818181,0,0.04038544174,0.5570019246,0,0.1040107465,False
8940,0,0.1722112649,0.439818181,0,0.172980923,0.5570019246,0,0.3639416619,False
8941,0,0.5798104938,0.439818181,1,0.3699970337,0.5570019246,0,0.9532719248,True
8942,0,0.04685970534,0.439818181,0,0.02545640638,0.5570019246,0,0.1485319516,False
8943,0,0.5531529404,0.439818181,1,0.2758859395,0.5570019246,0,0.9369602763,True
8944,0,0.003157839564,0.439818181,0,0.004447564533,0.5570019246,0,0.01611974669,False
8945,0,0.2127417667,0.439818181,0,0.1450099696,0.5570019246,0,0.4355210132,False
8946,0,0.1015603639,0.439818181,0,0.1065151918,0.5570019246,0,0.2486087123,False
8947,1,0.6629805893,0.439818181,1,0.5796735722,0.5570019246,1,,False
8948,1,0.8032261031,0.439818181,1,0.7293737055,0.5570019246,1,,False
8949,0,0.3759290837,0.439818181,0,0.2467177482,0.5570019246,0,0.7393974285,False
8950,0,0.033667557,0.439818181,0,0.01691440209,0.5570019246,0,0.1191709845,False
8951,0,0.2092035899,0.439818181,0,0.1218955827,0.5570019246,0,0.4301477643,False
8952,0,0.3141326232,0.439818181,0,0.1376806169,0.5570019246,0,0.6251199386,False
8953,0,0.5838080406,0.439818181,1,0.4311563448,0.5570019246,0,0.9552868931,True
8954,1,0.6506460927,0.439818181,1,0.557281109,0.5570019246,1,,False
8955,0,0.5471436474,0.439818181,1,0.2916173434,0.5570019246,0,0.9324505853,True
8956,0,0.2116082409,0.439818181,0,0.189110796,0.5570019246,0,0.4339857993,False
8957,0,0.6650999722,0.439818181,1,0.2340998993,0.5570019246,0,0.9835924007,True
8958,0,0.5007249929,0.439818181,1,0.7673379101,0.5570019246,1,0.8960852044,False
8959,1,0.4403803249,0.439818181,1,0.3904930342,0.5570019246,0,,False
8960,0,0.09537639965,0.439818181,0,0.05326661285,0.5570019246,0,0.2387257724,False
8961,0,0.2233843121,0.439818181,0,0.0976635333,0.5570019246,0,0.4536557283,False
8962,0,0.4680423143,0.439818181,1,0.392977916,0.5570019246,0,0.8625983496,False
8963,1,0.4417373425,0.439818181,1,0.4256881723,0.5570019246,0,,False
8964,0,0.1350433959,0.439818181,0,0.1466500944,0.5570019246,0,0.3042602188,False
8965,0,0.08544034599,0.439818181,0,0.07335837981,0.5570019246,0,0.2219343696,False
8966,0,0.6808903292,0.439818181,1,0.728834897,0.5570019246,1,0.9881980426,True
8967,0,0.2768296337,0.439818181,0,0.2144105438,0.5570019246,0,0.5519094224,False
8968,0,0.01633685043,0.439818181,0,0.01355076442,0.5570019246,0,0.0720111303,False
8969,1,0.7782977846,0.439818181,1,0.9240703228,0.5570019246,1,,False
8970,0,0.6262684691,0.439818181,1,0.6880885671,0.5570019246,1,0.9715025907,True
8971,0,0.03417238324,0.439818181,0,0.0317706183,0.5570019246,0,0.1206102476,False
8972,0,0.04282502018,0.439818181,0,0.04096959442,0.5570019246,0,0.14066398,False
8973,1,0.8796272412,0.439818181,1,0.9110076569,0.5570019246,1,,False
8974,0,0.2679898236,0.439818181,0,0.1590152359,0.5570019246,0,0.537037037,False
8975,0,0.4110291905,0.439818181,0,0.2085504982,0.5570019246,0,0.7930339666,False
8976,1,0.8398312657,0.439818181,1,0.9052688815,0.5570019246,1,,False
8977,1,0.7666719507,0.439818181,1,0.8611684354,0.5570019246,1,,False
8978,0,0.444694362,0.439818181,1,0.1806712588,0.5570019246,0,0.8359240069,False
8979,0,0.02842957649,0.439818181,0,0.03795675382,0.5570019246,0,0.1052581078,False
8980,0,0.02679640113,0.439818181,0,0.02290651831,0.5570019246,0,0.1017079255,False
8981,0,0.3647094802,0.439818181,0,0.3072922249,0.5570019246,0,0.7183841873,False
8982,0,0.1029836366,0.439818181,0,0.03526963053,0.5570019246,0,0.2510074842,False
8983,0,0.228371585,0.439818181,0,0.1258878823,0.5570019246,0,0.4610439455,False
8984,0,0.3842339601,0.439818181,0,0.2507685607,0.5570019246,0,0.7517750912,False
8985,0,0.4895655451,0.439818181,1,0.3810717462,0.5570019246,0,0.8846670505,False
8986,0,0.4888486089,0.439818181,1,0.1137961112,0.5570019246,0,0.8840913452,False
8987,0,0.474286367,0.439818181,1,0.1304188786,0.5570019246,0,0.8700825178,False
8988,0,0.09055422498,0.439818181,0,0.05900582428,0.5570019246,0,0.2305699482,False
8989,0,0.1276207382,0.439818181,0,0.1167943043,0.5570019246,0,0.2922663596,False
8990,1,0.6771089438,0.439818181,1,0.790079799,0.5570019246,1,,False
8991,1,0.7472378994,0.439818181,1,0.9293265877,0.5570019246,1,,False
8992,0,0.3679228166,0.439818181,0,0.2835944016,0.5570019246,0,0.7242371906,False
8993,0,0.001452678239,0.439818181,0,0.002735766378,0.5570019246,0,0.006524659374,False
8994,1,0.5481272412,0.439818181,1,0.6952745956,0.5570019246,1,,False
8995,0,0.3098402307,0.439818181,0,0.2101198684,0.5570019246,0,0.6162924583,False
8996,0,0.3289337441,0.439818181,0,0.1963620081,0.5570019246,0,0.6529456918,False
8997,1,0.739120776,0.439818181,1,0.8364295227,0.5570019246,1,,False
8998,0,0.5741657996,0.439818181,1,0.5643663104,0.5570019246,1,0.9503933986,True
8999,0,0.07456929283,0.439818181,0,0.02674622461,0.5570019246,0,0.2032239493,False
9000,1,0.6625671108,0.439818181,1,0.7315427024,0.5570019246,1,,False
9001,0,0.01060777864,0.439818181,0,0.01286713416,0.5570019246,0,0.05114181539,False
9002,0,0.4577781016,0.439818181,1,0.3870407429,0.5570019246,0,0.8514680484,False
9003,0,0.09530342077,0.439818181,0,0.1026967424,0.5570019246,0,0.2383419689,False
9004,0,0.6272257977,0.439818181,1,0.5107274863,0.5570019246,0,0.9720782959,True
9005,0,0.5793200814,0.439818181,1,0.4656309634,0.5570019246,0,0.9529840722,True
9006,0,0.6105474739,0.439818181,1,0.4384864356,0.5570019246,0,0.9665131453,True
9007,0,0.2484185818,0.439818181,0,0.1329032764,0.5570019246,0,0.5010554596,False
9008,0,0.01663174718,0.439818181,0,0.02205999874,0.5570019246,0,0.07330646709,False
9009,0,0.1282244649,0.439818181,0,0.05190115228,0.5570019246,0,0.2931299175,False
9010,0,0.5927433629,0.439818181,1,0.4738615806,0.5570019246,0,0.9590289772,True
9011,1,0.7416297592,0.439818181,1,0.4916275825,0.5570019246,0,,False
9012,0,0.6321594754,0.439818181,1,0.7603582482,0.5570019246,1,0.9732297064,True
9013,0,0.09281998394,0.439818181,0,0.04479866885,0.5570019246,0,0.235271541,False
9014,0,0.1442767525,0.439818181,0,0.08374175812,0.5570019246,0,0.3183649971,False
9015,0,0.448779252,0.439818181,1,0.2286370539,0.5570019246,0,0.8412013049,False
9016,0,0.3685503345,0.439818181,0,0.198559135,0.5570019246,0,0.7249088467,False
9017,0,0.6220292226,0.439818181,1,0.4659945703,0.5570019246,0,0.9705430819,True
9018,0,0.6582142562,0.439818181,1,0.1901792408,0.5570019246,0,0.9823450393,True
9019,1,0.7887894006,0.439818181,1,0.8291860996,0.5570019246,1,,False
9020,1,0.8786011005,0.439818181,1,0.9258819118,0.5570019246,1,,False
9021,0,0.445571459,0.439818181,1,0.09233760065,0.5570019246,0,0.8374592209,False
9022,0,0.5740666149,0.439818181,1,0.1706568322,0.5570019246,0,0.9502014968,True
9023,1,0.5401978003,0.439818181,1,0.5882802864,0.5570019246,1,,False
9024,1,0.6950152513,0.439818181,1,0.5507874032,0.5570019246,0,,False
9025,0,0.3859255149,0.439818181,0,0.3136188364,0.5570019246,0,0.7540779121,False
9026,0,0.3194353914,0.439818181,0,0.1096629409,0.5570019246,0,0.6351947803,False
9027,0,0.2415591747,0.439818181,0,0.1724670093,0.5570019246,0,0.4878142391,False
9028,0,0.5536795262,0.439818181,1,0.3045453975,0.5570019246,0,0.9375359816,True
9029,0,0.5745655059,0.439818181,1,0.3896004061,0.5570019246,0,0.9507772021,True
9030,0,0.1257716225,0.439818181,0,0.089159389,0.5570019246,0,0.2879485703,False
9031,1,0.625943385,0.439818181,1,0.789414482,0.5570019246,1,,False
9032,1,0.7673855989,0.439818181,1,0.8076191057,0.5570019246,1,,False
9033,0,0.2444026259,0.439818181,0,0.1560061674,0.5570019246,0,0.4937631932,False
9034,0,0.2014846259,0.439818181,0,0.09237783508,0.5570019246,0,0.4170024947,False
9035,1,0.6239242342,0.439818181,1,0.6130406632,0.5570019246,1,,False
9036,0,0.7193626078,0.439818181,1,0.489529729,0.5570019246,0,0.9951065055,True
9037,0,0.3345287641,0.439818181,0,0.09031470986,0.5570019246,0,0.663404337,False
9038,0,0.4845791297,0.439818181,1,0.6830061657,0.5570019246,1,0.8803492612,False
9039,0,0.1392626163,0.439818181,0,0.06770112446,0.5570019246,0,0.3105929764,False
9040,0,0.6037433656,0.439818181,1,0.2120755537,0.5570019246,0,0.9641143734,True
9041,1,0.7307669989,0.439818181,1,0.8175449307,0.5570019246,1,,False
9042,1,0.62469682,0.439818181,1,0.7252275753,0.5570019246,1,,False
9043,1,0.4453216934,0.439818181,1,0.3990583631,0.5570019246,0,,False
9044,0,0.469869157,0.439818181,1,0.5373993672,0.5570019246,0,0.8647092689,False
9045,0,0.5868580272,0.439818181,1,0.6830450182,0.5570019246,1,0.9565342545,True
9046,0,0.3862459472,0.439818181,0,0.1893819555,0.5570019246,0,0.7542698139,False
9047,0,0.04580814878,0.439818181,0,0.04274303947,0.5570019246,0,0.1467088851,False
9048,0,0.348080351,0.439818181,0,0.2404404095,0.5570019246,0,0.688351564,False
9049,0,0.1782402621,0.439818181,0,0.1826398541,0.5570019246,0,0.3746881597,False
9050,0,0.03668764214,0.439818181,0,0.05667950369,0.5570019246,0,0.1276146613,False
9051,0,0.3914822679,0.439818181,0,0.2929175308,0.5570019246,0,0.7635770486,False
9052,0,0.06608263656,0.439818181,0,0.05247929129,0.5570019246,0,0.1871042026,False
9053,1,0.7617404304,0.439818181,1,0.6340522042,0.5570019246,1,,False
9054,0,0.424175813,0.439818181,0,0.2300797715,0.5570019246,0,0.8103051238,False
9055,0,0.3227054278,0.439818181,0,0.5598645312,0.5570019246,1,0.6416234888,False
9056,0,0.08969759163,0.439818181,0,0.07330088957,0.5570019246,0,0.2287468816,False
9057,0,0.265429357,0.439818181,0,0.1379810099,0.5570019246,0,0.5327192477,False
9058,0,0.5549679438,0.439818181,1,0.3415885466,0.5570019246,0,0.9382076377,True
9059,0,0.3060863936,0.439818181,0,0.2611112693,0.5570019246,0,0.6094799463,False
9060,0,0.6423548757,0.439818181,1,0.5178139175,0.5570019246,0,0.976587987,True
9061,0,0.004214248313,0.439818181,0,0.004716611436,0.5570019246,0,0.02302820956,False
9062,0,0.5108003782,0.439818181,1,0.1534440913,0.5570019246,0,0.9050086356,True
9063,0,0.1752548926,0.439818181,0,0.152981141,0.5570019246,0,0.3692189599,False
9064,0,0.2468144374,0.439818181,0,0.2152749234,0.5570019246,0,0.497697179,False
9065,0,0.1694178991,0.439818181,0,0.118716351,0.5570019246,0,0.3598157743,False
9066,1,0.6299248506,0.439818181,1,0.6330620431,0.5570019246,1,,False
9067,0,0.5831562616,0.439818181,1,0.4400788364,0.5570019246,0,0.9549030896,True
9068,0,0.2093350103,0.439818181,0,0.127486388,0.5570019246,0,0.430435617,False
9069,0,0.1866733473,0.439818181,0,0.1694351851,0.5570019246,0,0.3886010363,False
9070,0,0.5709690109,0.439818181,1,0.552307781,0.5570019246,0,0.9482824794,True
9071,1,0.7396136214,0.439818181,1,0.662350468,0.5570019246,1,,False
9072,0,0.09098192026,0.439818181,0,0.09316134872,0.5570019246,0,0.2317213587,False
9073,0,0.494532029,0.439818181,1,0.2346486962,0.5570019246,0,0.8888888889,False
9074,0,0.3960038723,0.439818181,0,0.4079816744,0.5570019246,0,0.770773364,False
9075,0,0.2625086797,0.439818181,0,0.1290627328,0.5570019246,0,0.5276338515,False
9076,0,0.1877138346,0.439818181,0,0.1434353649,0.5570019246,0,0.3909998081,False
9077,0,0.06436865867,0.439818181,0,0.06469390137,0.5570019246,0,0.1834580695,False
9078,1,0.7457891688,0.439818181,1,0.9039073619,0.5570019246,1,,False
9079,0,0.6571405968,0.439818181,1,0.656044969,0.5570019246,1,0.9819612358,True
9080,0,0.6628956751,0.439818181,1,0.2669076751,0.5570019246,0,0.9828247937,True
9081,0,0.6293308078,0.439818181,1,0.336431296,0.5570019246,0,0.9724620994,True
9082,1,0.7818170935,0.439818181,1,0.9062388447,0.5570019246,1,,False
9083,0,0.459844991,0.439818181,1,0.5655874227,0.5570019246,1,0.8535789676,False
9084,1,0.4803320637,0.439818181,1,0.4236588677,0.5570019246,0,,False
9085,0,0.4172807193,0.439818181,0,0.2774404149,0.5570019246,0,0.8007100365,False
9086,0,0.1030381594,0.439818181,0,0.05620425979,0.5570019246,0,0.2511993859,False
9087,0,0.1619783418,0.439818181,0,0.1036510631,0.5570019246,0,0.3476300134,False
9088,0,0.1798002929,0.439818181,0,0.08728661413,0.5570019246,0,0.3778545385,False
9089,0,0.5356309367,0.439818181,1,0.2987233345,0.5570019246,0,0.9242947611,True
9090,1,0.7065499184,0.439818181,1,0.9232922188,0.5570019246,1,,False
9091,0,0.2208125532,0.439818181,0,0.223284817,0.5570019246,0,0.4494338898,False
9092,0,0.2766130995,0.439818181,0,0.1366195698,0.5570019246,0,0.5512377663,False
9093,0,0.108025426,0.439818181,0,0.107905215,0.5570019246,0,0.2597390136,False
9094,0,0.2858016941,0.439818181,0,0.1341974574,0.5570019246,0,0.5690846287,False
9095,0,0.08012159907,0.439818181,0,0.03992890162,0.5570019246,0,0.2129149875,False
9096,0,0.2800265965,0.439818181,0,0.1072881637,0.5570019246,0,0.55824218,False
9097,0,0.5627002297,0.439818181,1,0.2609274238,0.5570019246,0,0.9437727883,True
9098,1,0.7158512289,0.439818181,1,0.8459024889,0.5570019246,1,,False
9099,0,0.2610630323,0.439818181,0,0.2181374621,0.5570019246,0,0.52417962,False
9100,0,0.4399245675,0.439818181,1,0.7179182823,0.5570019246,1,0.8291114949,False
9101,1,0.3537085703,0.439818181,0,0.7946940508,0.5570019246,1,,False
9102,1,0.5137621538,0.439818181,1,0.6469512573,0.5570019246,1,,False
9103,1,0.6960925897,0.439818181,1,0.7450887975,0.5570019246,1,,False
9104,0,0.1905592864,0.439818181,0,0.1786523665,0.5570019246,0,0.39560545,False
9105,1,0.6881733939,0.439818181,1,0.5846880637,0.5570019246,1,,False
9106,0,0.4700133298,0.439818181,1,0.1357246766,0.5570019246,0,0.8648052197,False
9107,0,0.5709435762,0.439818181,1,0.6229377801,0.5570019246,1,0.9481865285,True
9108,0,0.3980588153,0.439818181,0,0.7610140013,0.5570019246,1,0.7731721359,False
9109,0,0.2125482151,0.439818181,0,0.1137043441,0.5570019246,0,0.4351372097,False
9110,0,0.4605597737,0.439818181,1,0.3545609374,0.5570019246,0,0.8542506237,False
9111,0,0.4259711472,0.439818181,0,0.1481885461,0.5570019246,0,0.8125119939,False
9112,0,0.2891197582,0.439818181,0,0.1421700078,0.5570019246,0,0.5743619267,False
9113,0,0.2861805169,0.439818181,0,0.2245734365,0.5570019246,0,0.569564383,False
9114,0,0.5788724717,0.439818181,1,0.3831391778,0.5570019246,0,0.9526002687,True
9115,1,0.7986215779,0.439818181,1,0.91115932,0.5570019246,1,,False
9116,1,0.7383036993,0.439818181,1,0.8522159132,0.5570019246,1,,False
9117,0,0.04932081733,0.439818181,0,0.04869309427,0.5570019246,0,0.1528497409,False
9118,0,0.4456534657,0.439818181,1,0.1724604932,0.5570019246,0,0.8376511226,False
9119,1,0.5723475455,0.439818181,1,0.525507476,0.5570019246,0,,False
9120,0,0.1054859184,0.439818181,0,0.03547566617,0.5570019246,0,0.2552293226,False
9121,0,0.4183258886,0.439818181,0,0.1794492732,0.5570019246,0,0.8022452504,False
9122,0,0.1565652033,0.439818181,0,0.09573831477,0.5570019246,0,0.3375551718,False
9123,1,0.8695050713,0.439818181,1,0.8947432504,0.5570019246,1,,False
9124,0,0.1876712055,0.439818181,0,0.09218411166,0.5570019246,0,0.3909038572,False
9125,0,0.4356464698,0.439818181,0,0.274777765,0.5570019246,0,0.8242180004,False
9126,0,0.6634227715,0.439818181,1,0.3916222355,0.5570019246,0,0.9830166955,True
9127,0,0.1451631071,0.439818181,0,0.09038353147,0.5570019246,0,0.3198042602,False
9128,0,0.5999579471,0.439818181,1,0.2570338192,0.5570019246,0,0.9620994051,True
9129,0,0.4112226332,0.439818181,0,0.1517948291,0.5570019246,0,0.7936096718,False
9130,0,0.004278440913,0.439818181,0,0.006686916494,0.5570019246,0,0.02341201305,False
9131,1,0.807544999,0.439818181,1,0.8719963311,0.5570019246,1,,False
9132,0,0.224175253,0.439818181,0,0.09361663868,0.5570019246,0,0.4549030896,False
9133,0,0.1427616654,0.439818181,0,0.1373705701,0.5570019246,0,0.3156783727,False
9134,1,0.4323979983,0.439818181,0,0.4110187517,0.5570019246,0,,False
9135,0,0.2272438953,0.439818181,0,0.2090027738,0.5570019246,0,0.4597006333,False
9136,0,0.3152899014,0.439818181,0,0.1311340719,0.5570019246,0,0.6275187104,False
9137,0,0.1273360622,0.439818181,0,0.08330628838,0.5570019246,0,0.2916906544,False
9138,0,0.4243014929,0.439818181,0,0.7288615928,0.5570019246,1,0.8104970255,False
9139,1,0.507506678,0.439818181,1,0.4678212245,0.5570019246,0,,False
9140,0,0.08504351819,0.439818181,0,0.05794889758,0.5570019246,0,0.2213586644,False
9141,0,0.1485365017,0.439818181,0,0.1279531796,0.5570019246,0,0.3255613126,False
9142,0,0.2218356789,0.439818181,0,0.06364827594,0.5570019246,0,0.4509691038,False
9143,0,0.3636511773,0.439818181,0,0.3217085972,0.5570019246,0,0.7160813663,False
9144,0,0.3750373381,0.439818181,0,0.1406698466,0.5570019246,0,0.7371905584,False
9145,0,0.33884391,0.439818181,0,0.2381442088,0.5570019246,0,0.670984456,False
9146,0,0.4136196317,0.439818181,0,0.1354394636,0.5570019246,0,0.7956246402,False
9147,0,0.2182899882,0.439818181,0,0.1207210754,0.5570019246,0,0.4456918058,False
9148,0,0.5933894702,0.439818181,1,0.6525227743,0.5570019246,1,0.9595087315,True
9149,0,0.07841542034,0.439818181,0,0.04513924748,0.5570019246,0,0.2100364613,False
9150,1,0.6101852049,0.439818181,1,0.9123855439,0.5570019246,1,,False
9151,0,0.4816339024,0.439818181,1,0.7241781006,0.5570019246,1,0.8779504893,False
9152,0,0.2714804964,0.439818181,0,0.1733233148,0.5570019246,0,0.5421224333,False
9153,0,0.3486836296,0.439818181,0,0.2016997485,0.5570019246,0,0.6894070236,False
9154,1,0.8108428001,0.439818181,1,0.8932546706,0.5570019246,1,,False
9155,0,0.2799198253,0.439818181,0,0.1713277501,0.5570019246,0,0.5581462291,False
9156,0,0.08468261334,0.439818181,0,0.02744302526,0.5570019246,0,0.2209748609,False
9157,0,0.3102290293,0.439818181,0,0.1934671888,0.5570019246,0,0.6171560161,False
9158,1,0.6816110506,0.439818181,1,0.8482990871,0.5570019246,1,,False
9159,0,0.2112060004,0.439818181,0,0.08128826491,0.5570019246,0,0.4336979467,False
9160,0,0.6363397096,0.439818181,1,0.3643212028,0.5570019246,0,0.9745730186,True
9161,1,0.6830717554,0.439818181,1,0.79348859,0.5570019246,1,,False
9162,0,0.5892688309,0.439818181,1,0.3685156299,0.5570019246,0,0.9573018614,True
9163,0,0.05617399548,0.439818181,0,0.01538094336,0.5570019246,0,0.1669545193,False
9164,0,0.5524201609,0.439818181,1,0.6184285048,0.5570019246,1,0.9362886202,True
9165,0,0.704949938,0.439818181,1,0.3935852177,0.5570019246,0,0.9930915371,True
9166,0,0.640728739,0.439818181,1,0.2461039256,0.5570019246,0,0.9760122817,True
9167,1,0.6924696951,0.439818181,1,0.7005087239,0.5570019246,1,,False
9168,0,0.008586275167,0.439818181,0,0.01152527735,0.5570019246,0,0.04154672808,False
9169,0,0.4484069699,0.439818181,1,0.3390704098,0.5570019246,0,0.8407215506,False
9170,0,0.4712025773,0.439818181,1,0.3657332324,0.5570019246,0,0.8665323354,False
9171,0,0.2034479176,0.439818181,0,0.1361991257,0.5570019246,0,0.4206486279,False
9172,0,0.5248118432,0.439818181,1,0.2975751074,0.5570019246,0,0.9167146421,True
9173,0,0.3997380307,0.439818181,0,0.3063803721,0.5570019246,0,0.7770101708,False
9174,0,0.27352725,0.439818181,0,0.2998512674,0.5570019246,0,0.5452888121,False
9175,0,0.05669455746,0.439818181,0,0.02433152021,0.5570019246,0,0.1684897333,False
9176,0,0.1343240515,0.439818181,0,0.09638045045,0.5570019246,0,0.3032047592,False
9177,0,0.07282686119,0.439818181,0,0.05212776561,0.5570019246,0,0.1991940127,False
9178,0,0.5050268169,0.439818181,1,0.3069685161,0.5570019246,0,0.8999232393,False
9179,0,0.446509791,0.439818181,1,0.1604630447,0.5570019246,0,0.8383227787,False
9180,0,0.2337072836,0.439818181,0,0.472019995,0.5570019246,0,0.4726540012,False
9181,0,0.01834037569,0.439818181,0,0.01122943057,0.5570019246,0,0.07877566686,False
9182,1,0.8042152036,0.439818181,1,0.9104308114,0.5570019246,1,,False
9183,0,0.5079735841,0.439818181,1,0.4358432681,0.5570019246,0,0.9022260603,True
9184,0,0.09309470091,0.439818181,0,0.06028350101,0.5570019246,0,0.2355593936,False
9185,0,0.06891285796,0.439818181,0,0.04822168888,0.5570019246,0,0.1926693533,False
9186,0,0.08817504733,0.439818181,0,0.04391209643,0.5570019246,0,0.2259643063,False
9187,1,0.5029439178,0.439818181,1,0.7549325335,0.5570019246,1,,False
9188,0,0.03796336718,0.439818181,0,0.03368410021,0.5570019246,0,0.1304931875,False
9189,0,0.3795163294,0.439818181,0,0.1421139905,0.5570019246,0,0.7459220879,False
9190,0,0.1269764365,0.439818181,0,0.08742077457,0.5570019246,0,0.2908270965,False
9191,0,0.1178632469,0.439818181,0,0.04248211919,0.5570019246,0,0.277585876,False
9192,0,0.4511034685,0.439818181,1,0.3042953826,0.5570019246,0,0.8440798311,False
9193,0,0.2290073553,0.439818181,0,0.09814016186,0.5570019246,0,0.4622913069,False
9194,0,0.2722579051,0.439818181,0,0.129576377,0.5570019246,0,0.5432738438,False
9195,0,0.3099390268,0.439818181,0,0.07886666762,0.5570019246,0,0.6166762618,False
9196,1,0.779152378,0.439818181,1,0.8456491536,0.5570019246,1,,False
9197,0,0.4880517947,0.439818181,1,0.3159457905,0.5570019246,0,0.8831318365,False
9198,0,0.3525537612,0.439818181,0,0.5184666607,0.5570019246,0,0.6948762234,False
9199,0,0.02011355083,0.439818181,0,0.0152207293,0.5570019246,0,0.08491652274,False
9200,0,0.4630236377,0.439818181,1,0.1242564391,0.5570019246,0,0.8567453464,False
9201,0,0.1054274557,0.439818181,0,0.04198652088,0.5570019246,0,0.2550374208,False
9202,0,0.098398853,0.439818181,0,0.056981141,0.5570019246,0,0.2436192669,False
9203,1,0.7524772591,0.439818181,1,0.8474642975,0.5570019246,1,,False
9204,0,0.1119511151,0.439818181,0,0.06058281631,0.5570019246,0,0.26703128,False
9205,0,0.3343115654,0.439818181,0,0.2884340366,0.5570019246,0,0.6629245826,False
9206,0,0.2736207019,0.439818181,0,0.2240606887,0.5570019246,0,0.5456726156,False
9207,0,0.3121729059,0.439818181,0,0.1250151951,0.5570019246,0,0.6208021493,False
9208,0,0.2376846175,0.439818181,0,0.07039607813,0.5570019246,0,0.4796584149,False
9209,0,0.6014533421,0.439818181,1,0.375796387,0.5570019246,0,0.962962963,True
9210,0,0.1866206897,0.439818181,0,0.1285645616,0.5570019246,0,0.3883131836,False
9211,0,0.1953599327,0.439818181,0,0.1335633682,0.5570019246,0,0.4052964882,False
9212,0,0.5710234435,0.439818181,1,0.236439594,0.5570019246,0,0.9483784302,True
9213,0,0.2848716487,0.439818181,0,0.2309673257,0.5570019246,0,0.567357513,False
9214,1,0.8417241472,0.439818181,1,0.9019831723,0.5570019246,1,,False
9215,1,0.8087141956,0.439818181,1,0.8698366584,0.5570019246,1,,False
9216,0,0.5357372688,0.439818181,1,0.2074446491,0.5570019246,0,0.9244866628,True
9217,1,0.7356556249,0.439818181,1,0.8747580556,0.5570019246,1,,False
9218,0,0.5234324492,0.439818181,1,0.2266260144,0.5570019246,0,0.9159470351,True
9219,0,0.3677457246,0.439818181,0,0.1250531512,0.5570019246,0,0.7237574362,False
9220,0,0.1061401711,0.439818181,0,0.07367247425,0.5570019246,0,0.2561888313,False
9221,0,0.268718362,0.439818181,0,0.191792812,0.5570019246,0,0.537804644,False
9222,0,0.6150964358,0.439818181,1,0.4738511972,0.5570019246,0,0.9684321627,True
9223,0,0.05529695034,0.439818181,0,0.05038324271,0.5570019246,0,0.1645557475,False
9224,1,0.5786852158,0.439818181,1,0.6509472153,0.5570019246,1,,False
9225,0,0.5637101612,0.439818181,1,0.4071642846,0.5570019246,0,0.9441565918,True
9226,1,0.581588965,0.439818181,1,0.3979770372,0.5570019246,0,,False
9227,0,0.2000370477,0.439818181,0,0.08491617159,0.5570019246,0,0.413740165,False
9228,0,0.03939451692,0.439818181,0,0.04201420002,0.5570019246,0,0.1334676646,False
9229,0,0.6453829657,0.439818181,1,0.2321920126,0.5570019246,0,0.9773555939,True
9230,0,0.5152629575,0.439818181,1,0.6441130577,0.5570019246,1,0.908462867,True
9231,0,0.07246046648,0.439818181,0,0.03349910156,0.5570019246,0,0.1985223566,False
9232,0,0.3262628227,0.439818181,0,0.1616746671,0.5570019246,0,0.6485319516,False
9233,0,0.1441111908,0.439818181,0,0.1037324781,0.5570019246,0,0.3179811936,False
9234,0,0.2624176867,0.439818181,0,0.3601981496,0.5570019246,0,0.5273459988,False
9235,1,0.5730839206,0.439818181,1,0.8710572783,0.5570019246,1,,False
9236,0,0.3948515638,0.439818181,0,0.3216181495,0.5570019246,0,0.7692381501,False
9237,0,0.4741565346,0.439818181,1,0.192142153,0.5570019246,0,0.8697946651,False
9238,0,0.4244872513,0.439818181,0,0.1380805569,0.5570019246,0,0.8106889273,False
9239,0,0.3126534968,0.439818181,0,0.1924300778,0.5570019246,0,0.6223373633,False
9240,1,0.7407413861,0.439818181,1,0.9306120831,0.5570019246,1,,False
9241,0,0.03273572278,0.439818181,0,0.01688249114,0.5570019246,0,0.1163884091,False
9242,0,0.2079629038,0.439818181,0,0.1532584436,0.5570019246,0,0.4286125504,False
9243,1,0.8527791285,0.439818181,1,0.9028136394,0.5570019246,1,,False
9244,0,0.1356219472,0.439818181,0,0.04700954283,0.5570019246,0,0.3051237766,False
9245,0,0.481600982,0.439818181,1,0.2313849965,0.5570019246,0,0.8778545385,False
9246,0,0.4407354363,0.439818181,1,0.4182699526,0.5570019246,0,0.8304548071,False
9247,0,0.4671295241,0.439818181,1,0.1892892545,0.5570019246,0,0.8611590865,False
9248,0,0.06460580096,0.439818181,0,0.07687363527,0.5570019246,0,0.183841873,False
9249,0,0.5791555549,0.439818181,1,0.7061005384,0.5570019246,1,0.9526962195,True
9250,0,0.6309185063,0.439818181,1,0.7204311213,0.5570019246,1,0.9731337555,True
9251,0,0.3152018941,0.439818181,0,0.1827898454,0.5570019246,0,0.6274227595,False
9252,0,0.2327963755,0.439818181,0,0.1409975074,0.5570019246,0,0.4708309346,False
9253,0,0.6143248609,0.439818181,1,0.7627127311,0.5570019246,1,0.9683362119,True
9254,1,0.8253440368,0.439818181,1,0.8988912467,0.5570019246,1,,False
9255,1,0.6861663662,0.439818181,1,0.8319318339,0.5570019246,1,,False
9256,1,0.6945303991,0.439818181,1,0.6551261324,0.5570019246,1,,False
9257,0,0.6102358552,0.439818181,1,0.298138259,0.5570019246,0,0.9662252927,True
9258,0,0.2621706298,0.439818181,0,0.2193389791,0.5570019246,0,0.5265783919,False
9259,1,0.7083007947,0.439818181,1,0.9366178023,0.5570019246,1,,False
9260,0,0.2428913431,0.439818181,0,0.1902214841,0.5570019246,0,0.4907887162,False
9261,0,0.4836050773,0.439818181,1,0.6289414342,0.5570019246,1,0.8791018998,False
9262,0,0.2923982444,0.439818181,0,0.171762613,0.5570019246,0,0.5820379965,False
9263,0,0.1422275315,0.439818181,0,0.1136778556,0.5570019246,0,0.3150067166,False
9264,1,0.805045363,0.439818181,1,0.6390721439,0.5570019246,1,,False
9265,0,0.1198331733,0.439818181,0,0.1113353197,0.5570019246,0,0.2796967952,False
9266,0,0.1598287206,0.439818181,0,0.05791612805,0.5570019246,0,0.3437919785,False
9267,1,0.5716276433,0.439818181,1,0.780282617,0.5570019246,1,,False
9268,0,0.495317887,0.439818181,1,0.2192451804,0.5570019246,0,0.8899443485,False
9269,1,0.7189031958,0.439818181,1,0.675356723,0.5570019246,1,,False
9270,0,0.3736715903,0.439818181,0,0.1426663289,0.5570019246,0,0.7351755901,False
9271,0,0.1576872544,0.439818181,0,0.1052929836,0.5570019246,0,0.3398579927,False
9272,0,0.1895632478,0.439818181,0,0.1678675021,0.5570019246,0,0.3937823834,False
9273,0,0.2108955588,0.439818181,0,0.1121720227,0.5570019246,0,0.4330262905,False
9274,1,0.4815591699,0.439818181,1,0.4437509833,0.5570019246,0,,False
9275,0,0.2089399914,0.439818181,0,0.1574835899,0.5570019246,0,0.4298599117,False
9276,0,0.1965185373,0.439818181,0,0.1345674159,0.5570019246,0,0.4073114565,False
9277,0,0.02345752606,0.439818181,0,0.02023665707,0.5570019246,0,0.09412780656,False
9278,0,0.4672212186,0.439818181,1,0.693671441,0.5570019246,1,0.8613509883,False
9279,1,0.7920581791,0.439818181,1,0.9520488576,0.5570019246,1,,False
9280,0,0.6835005579,0.439818181,1,0.7342152963,0.5570019246,1,0.9891575513,True
9281,1,0.7845563816,0.439818181,1,0.8861850484,0.5570019246,1,,False
9282,0,0.4517401132,0.439818181,1,0.1621568929,0.5570019246,0,0.8447514872,False
9283,0,0.4624955562,0.439818181,1,0.276628446,0.5570019246,0,0.856265592,False
9284,0,0.4754633541,0.439818181,1,0.7515996846,0.5570019246,1,0.8711379774,False
9285,0,0.4111073586,0.439818181,0,0.3475177158,0.5570019246,0,0.7932258684,False
9286,0,0.2793626579,0.439818181,0,0.1132826789,0.5570019246,0,0.5573786221,False
9287,1,0.5498523331,0.439818181,1,0.8415424741,0.5570019246,1,,False
9288,0,0.2302325896,0.439818181,0,0.1784282597,0.5570019246,0,0.4650738822,False
9289,0,0.07823013127,0.439818181,0,0.01997117602,0.5570019246,0,0.2097486087,False
9290,0,0.2537231453,0.439818181,0,0.2263804042,0.5570019246,0,0.5099788908,False
9291,0,0.07415959075,0.439818181,0,0.03224417765,0.5570019246,0,0.2020725389,False
9292,1,0.7920121362,0.439818181,1,0.8684756296,0.5570019246,1,,False
9293,0,0.2378479807,0.439818181,0,0.1006796761,0.5570019246,0,0.4801381693,False
9294,1,0.5524671072,0.439818181,1,0.6423449366,0.5570019246,1,,False
9295,0,0.4036500789,0.439818181,0,0.2015533927,0.5570019246,0,0.7827672232,False
9296,0,0.003607318036,0.439818181,0,0.005265797071,0.5570019246,0,0.01904624832,False
9297,0,0.4023719927,0.439818181,0,0.1847948573,0.5570019246,0,0.7809441566,False
9298,1,0.8309571402,0.439818181,1,0.9204148722,0.5570019246,1,,False
9299,1,0.8355251182,0.439818181,1,0.8914325209,0.5570019246,1,,False
9300,0,0.5608845064,0.439818181,1,0.2829826776,0.5570019246,0,0.9421416235,True
9301,0,0.5621748224,0.439818181,1,0.5257215145,0.5570019246,0,0.9431970831,True
9302,0,0.2804413038,0.439818181,0,0.1452878074,0.5570019246,0,0.5592016887,False
9303,0,0.1661869861,0.439818181,0,0.1549644789,0.5570019246,0,0.3548263289,False
9304,1,0.5265162463,0.439818181,1,0.7527402174,0.5570019246,1,,False
9305,0,0.2864806065,0.439818181,0,0.08708009909,0.5570019246,0,0.5699481865,False
9306,0,0.08454896406,0.439818181,0,0.07122203811,0.5570019246,0,0.2204951065,False
9307,0,0.003607318036,0.439818181,0,0.005265797071,0.5570019246,0,0.01904624832,False
9308,0,0.4165653769,0.439818181,0,0.5284788252,0.5570019246,0,0.7998464786,False
9309,0,0.5424556604,0.439818181,1,0.361341012,0.5570019246,0,0.9292842065,True
9310,0,0.2464163431,0.439818181,0,0.1730212919,0.5570019246,0,0.4966417194,False
9311,0,0.4549082583,0.439818181,1,0.291448145,0.5570019246,0,0.8490692765,False
9312,0,0.4334960961,0.439818181,0,0.1899127845,0.5570019246,0,0.8206678181,False
9313,0,0.07812970948,0.439818181,0,0.07547775766,0.5570019246,0,0.2096526578,False
9314,0,0.3119490662,0.439818181,0,0.1830400308,0.5570019246,0,0.6202264441,False
9315,0,0.2243030922,0.439818181,0,0.2207406185,0.5570019246,0,0.4551909422,False
9316,0,0.3709748131,0.439818181,0,0.2122682072,0.5570019246,0,0.7291306851,False
9317,0,0.6105430732,0.439818181,1,0.4185546474,0.5570019246,0,0.9664171944,True
9318,0,0.6017341295,0.439818181,1,0.5603666077,0.5570019246,1,0.9631548647,True
9319,0,0.2976834433,0.439818181,0,0.1640916034,0.5570019246,0,0.5936480522,False
9320,0,0.3239534591,0.439818181,0,0.1777024218,0.5570019246,0,0.6434465554,False
9321,0,0.03744353973,0.439818181,0,0.04972454813,0.5570019246,0,0.1296296296,False
9322,0,0.5321084398,0.439818181,1,0.3349993073,0.5570019246,0,0.9218959893,True
9323,0,0.2959000302,0.439818181,0,0.1096626338,0.5570019246,0,0.5890424103,False
9324,0,0.3695238345,0.439818181,0,0.1950483928,0.5570019246,0,0.7260602571,False
9325,1,0.5931093024,0.439818181,1,0.7222093155,0.5570019246,1,,False
9326,0,0.1100960697,0.439818181,0,0.1020570177,0.5570019246,0,0.263960852,False
9327,0,0.2443849335,0.439818181,0,0.1597060185,0.5570019246,0,0.4933793898,False
9328,0,0.5592678524,0.439818181,1,0.2888116531,0.5570019246,0,0.9411821148,True
9329,0,0.07965230911,0.439818181,0,0.03479516002,0.5570019246,0,0.2118595279,False
9330,0,0.3661892666,0.439818181,0,0.1361829621,0.5570019246,0,0.7203032048,False
9331,0,0.2956421861,0.439818181,0,0.1459944488,0.5570019246,0,0.588466705,False
9332,0,0.4026595608,0.439818181,0,0.2570602612,0.5570019246,0,0.7815198618,False
9333,0,0.666719744,0.439818181,1,0.7454459458,0.5570019246,1,0.9843600077,True
9334,0,0.2592576083,0.439818181,0,0.5022530484,0.5570019246,0,0.521205143,False
9335,0,0.5830567118,0.439818181,1,0.5692792805,0.5570019246,1,0.9548071387,True
9336,1,0.7467258163,0.439818181,1,0.8972195013,0.5570019246,1,,False
9337,1,0.8503289812,0.439818181,1,0.8406913534,0.5570019246,1,,False
9338,0,0.06842116147,0.439818181,0,0.03512917598,0.5570019246,0,0.1916138937,False
9339,1,0.5996607977,0.439818181,1,0.4468365541,0.5570019246,0,,False
9340,0,0.3429638269,0.439818181,0,0.2298718772,0.5570019246,0,0.6784686241,False
9341,0,0.6203215927,0.439818181,1,0.4569361842,0.5570019246,0,0.9700633276,True
9342,1,0.6914291503,0.439818181,1,0.8027280094,0.5570019246,1,,False
9343,0,0.008478232683,0.439818181,0,0.007482677891,0.5570019246,0,0.04087507196,False
9344,0,0.6456018279,0.439818181,1,0.2727670575,0.5570019246,0,0.9776434466,True
9345,0,0.2133844994,0.439818181,0,0.1120482661,0.5570019246,0,0.4366724237,False
9346,0,0.04426595653,0.439818181,0,0.04576129492,0.5570019246,0,0.1432546536,False
9347,1,0.6504029948,0.439818181,1,0.7589338076,0.5570019246,1,,False
9348,1,0.8142360224,0.439818181,1,0.6366024674,0.5570019246,1,,False
9349,0,0.1937737488,0.439818181,0,0.134352871,0.5570019246,0,0.402417962,False
9350,1,0.6783297477,0.439818181,1,0.5995461716,0.5570019246,1,,False
9351,1,0.6956094936,0.439818181,1,0.8979538571,0.5570019246,1,,False
9352,0,0.4029014407,0.439818181,0,0.1292038147,0.5570019246,0,0.7818077145,False
9353,0,0.1261240752,0.439818181,0,0.1007842848,0.5570019246,0,0.2891959317,False
9354,0,0.5211706568,0.439818181,1,0.6441737632,0.5570019246,1,0.9138361159,True
9355,0,0.1733333524,0.439818181,0,0.09563128662,0.5570019246,0,0.3662444828,False
9356,1,0.7409894298,0.439818181,1,0.8286807959,0.5570019246,1,,False
9357,0,0.09765162428,0.439818181,0,0.08235987541,0.5570019246,0,0.2422759547,False
9358,0,0.3392258273,0.439818181,0,0.2820210333,0.5570019246,0,0.6719439647,False
9359,0,0.3945556892,0.439818181,0,0.2706806423,0.5570019246,0,0.7686624448,False
9360,0,0.5215478658,0.439818181,1,0.2073496195,0.5570019246,0,0.914507772,True
9361,0,0.338543134,0.439818181,0,0.1163295949,0.5570019246,0,0.6705047016,False
9362,0,0.3035050864,0.439818181,0,0.2182715568,0.5570019246,0,0.6033390904,False
9363,0,0.4111206677,0.439818181,0,0.4457548161,0.5570019246,0,0.7934177701,False
9364,0,0.6356983485,0.439818181,1,0.2736785298,0.5570019246,0,0.974285166,True
9365,0,0.4145602199,0.439818181,0,0.5328094265,0.5570019246,0,0.7968720015,False
9366,0,0.0876979025,0.439818181,0,0.07787515825,0.5570019246,0,0.2248128958,False
9367,0,0.3687501334,0.439818181,0,0.1390573694,0.5570019246,0,0.725388601,False
9368,0,0.4173751151,0.439818181,0,0.2643303309,0.5570019246,0,0.8009019382,False
9369,1,0.8895388244,0.439818181,1,0.9272239417,0.5570019246,1,,False
9370,0,0.01869478166,0.439818181,0,0.01542775394,0.5570019246,0,0.07983112646,False
9371,0,0.6342337683,0.439818181,1,0.2842582007,0.5570019246,0,0.9738054116,True
9372,1,0.7903787503,0.439818181,1,0.8254732077,0.5570019246,1,,False
9373,1,0.8314381054,0.439818181,1,0.7164384106,0.5570019246,1,,False
9374,0,0.5368341623,0.439818181,1,0.3784609437,0.5570019246,0,0.9251583189,True
9375,1,0.8092849376,0.439818181,1,0.9130704006,0.5570019246,1,,False
9376,0,0.1382437083,0.439818181,0,0.09598263589,0.5570019246,0,0.3089618116,False
9377,0,0.4666472546,0.439818181,1,0.34041545,0.5570019246,0,0.8602955287,False
9378,0,0.3434970175,0.439818181,0,0.3241162584,0.5570019246,0,0.6797159854,False
9379,1,0.7490125509,0.439818181,1,0.791099645,0.5570019246,1,,False
9380,0,0.2485883304,0.439818181,0,0.1579128417,0.5570019246,0,0.5013433122,False
9381,0,0.3564507985,0.439818181,0,0.2645614639,0.5570019246,0,0.7016887354,False
9382,0,0.3074247321,0.439818181,0,0.170567684,0.5570019246,0,0.6121665707,False
9383,0,0.587040912,0.439818181,1,0.6513822086,0.5570019246,1,0.9567261562,True
9384,1,0.7981952064,0.439818181,1,0.887959391,0.5570019246,1,,False
9385,0,0.03918378949,0.439818181,0,0.03982506507,0.5570019246,0,0.1330358856,False
9386,0,0.3119656329,0.439818181,0,0.1404923772,0.5570019246,0,0.6204183458,False
9387,0,0.4779047071,0.439818181,1,0.3631210024,0.5570019246,0,0.8737286509,False
9388,1,0.6383466922,0.439818181,1,0.8446066101,0.5570019246,1,,False
9389,0,0.1352368311,0.439818181,0,0.1264660332,0.5570019246,0,0.3047399731,False
9390,0,0.5751431453,0.439818181,1,0.4931872025,0.5570019246,0,0.9511610056,True
9391,0,0.5083838954,0.439818181,1,0.2696442571,0.5570019246,0,0.9028017655,True
9392,0,0.07312377595,0.439818181,0,0.05447261765,0.5570019246,0,0.1998656688,False
9393,0,0.1693578553,0.439818181,0,0.1042132815,0.5570019246,0,0.3597198235,False
9394,0,0.3151333578,0.439818181,0,0.1298359928,0.5570019246,0,0.6273268087,False
9395,1,0.782084205,0.439818181,1,0.8131537434,0.5570019246,1,,False
9396,0,0.1503062469,0.439818181,0,0.182119607,0.5570019246,0,0.3288236423,False
9397,0,0.1388764933,0.439818181,0,0.09216942352,0.5570019246,0,0.310113222,False
9398,0,0.1096759826,0.439818181,0,0.08646942948,0.5570019246,0,0.2630972942,False
9399,1,0.8429168517,0.439818181,1,0.6847036753,0.5570019246,1,,False
9400,0,0.4381972403,0.439818181,0,0.2358649792,0.5570019246,0,0.8271924775,False
9401,0,0.7119089507,0.439818181,1,0.7631281754,0.5570019246,1,0.9943388985,True
9402,0,0.3276336423,0.439818181,0,0.2064278326,0.5570019246,0,0.6504509691,False
9403,0,0.6650142969,0.439818181,1,0.5714362661,0.5570019246,1,0.9834964498,True
9404,1,0.7020357359,0.439818181,1,0.5524312862,0.5570019246,0,,False
9405,0,0.004015589086,0.439818181,0,0.00739387266,0.5570019246,0,0.02192477452,False
9406,0,0.0558624089,0.439818181,0,0.03128276415,0.5570019246,0,0.1661869123,False
9407,0,0.007131548938,0.439818181,0,0.007261265692,0.5570019246,0,0.03684513529,False
9408,0,0.3886951328,0.439818181,0,0.1824449575,0.5570019246,0,0.7585876031,False
9409,0,0.3589626283,0.439818181,0,0.09142970505,0.5570019246,0,0.7070619843,False
9410,0,0.1192829421,0.439818181,0,0.07149027482,0.5570019246,0,0.2793129917,False
9411,0,0.09699547686,0.439818181,0,0.03638743773,0.5570019246,0,0.2408366916,False
9412,0,0.1872749287,0.439818181,0,0.158902758,0.5570019246,0,0.3899443485,False
9413,0,0.6817281737,0.439818181,1,0.4917261866,0.5570019246,0,0.988677797,True
9414,1,0.740725451,0.439818181,1,0.9150952042,0.5570019246,1,,False
9415,0,0.3636205031,0.439818181,0,0.1474156866,0.5570019246,0,0.7158894646,False
9416,0,0.6301646847,0.439818181,1,0.3276163254,0.5570019246,0,0.972749952,True
9417,0,0.002630252369,0.439818181,0,0.002518194897,0.5570019246,0,0.01343312224,False
9418,0,0.06424745615,0.439818181,0,0.03987385162,0.5570019246,0,0.1832661677,False
9419,0,0.2039866367,0.439818181,0,0.09578689031,0.5570019246,0,0.4216081366,False
9420,0,0.346640017,0.439818181,0,0.4404584543,0.5570019246,0,0.6858568413,False
9421,0,0.4329998032,0.439818181,0,0.332397644,0.5570019246,0,0.819996162,False
9422,0,0.3038503787,0.439818181,0,0.1682638554,0.5570019246,0,0.6041066974,False
9423,0,0.4547450905,0.439818181,1,0.5282472916,0.5570019246,0,0.848685473,False
9424,0,0.198180606,0.439818181,0,0.1316836286,0.5570019246,0,0.4096142775,False
9425,0,0.7219771612,0.439818181,1,0.3669626109,0.5570019246,0,0.9958741125,True
9426,1,0.7604425735,0.439818181,1,0.9195605355,0.5570019246,1,,False
9427,0,0.1169457662,0.439818181,0,0.0936794186,0.5570019246,0,0.2758587603,False
9428,0,0.06921003558,0.439818181,0,0.05037130007,0.5570019246,0,0.193628862,False
9429,0,0.4945717999,0.439818181,1,0.384635244,0.5570019246,0,0.8889848398,False
9430,1,0.3947404203,0.439818181,0,0.3943451366,0.5570019246,0,,False
9431,0,0.1899340282,0.439818181,0,0.1246558381,0.5570019246,0,0.3947418922,False
9432,0,0.352130261,0.439818181,0,0.1350514858,0.5570019246,0,0.6944924199,False
9433,1,0.6338027557,0.439818181,1,0.7488007872,0.5570019246,1,,False
9434,1,0.5123638415,0.439818181,1,0.3827149086,0.5570019246,0,,False
9435,0,0.170146662,0.439818181,0,0.07673647936,0.5570019246,0,0.3612550374,False
9436,0,0.00422476039,0.439818181,0,0.007103079457,0.5570019246,0,0.02312416043,False
9437,0,0.2802571022,0.439818181,0,0.5358454853,0.5570019246,0,0.5588178852,False
9438,0,0.3320311572,0.439818181,0,0.08966750746,0.5570019246,0,0.6585108424,False
9439,0,0.2814476397,0.439818181,0,0.1160796929,0.5570019246,0,0.5609288045,False
9440,0,0.2708325561,0.439818181,0,0.08961468235,0.5570019246,0,0.5410669737,False
9441,0,0.09974935801,0.439818181,0,0.03583352101,0.5570019246,0,0.2455382844,False
9442,0,0.5306006409,0.439818181,1,0.5111287742,0.5570019246,0,0.920552677,True
9443,1,0.6146900465,0.439818181,1,0.9154775026,0.5570019246,1,,False
9444,0,0.275434043,0.439818181,0,0.26569273,0.5570019246,0,0.5488389944,False
9445,0,0.2029299599,0.439818181,0,0.1263628679,0.5570019246,0,0.41978507,False
9446,0,0.0536997283,0.439818181,0,0.04789265745,0.5570019246,0,0.1615812704,False
9447,0,0.5572596489,0.439818181,1,0.3309981786,0.5570019246,0,0.9400307043,True
9448,0,0.05784747358,0.439818181,0,0.06296671574,0.5570019246,0,0.170984456,False
9449,0,0.3356672363,0.439818181,0,0.3049441649,0.5570019246,0,0.6657071579,False
9450,0,0.1787253225,0.439818181,0,0.07666365024,0.5570019246,0,0.3761274228,False
9451,0,0.126312149,0.439818181,0,0.06429358816,0.5570019246,0,0.2894837843,False
9452,0,0.2409158137,0.439818181,0,0.1496610597,0.5570019246,0,0.4868547304,False
9453,0,0.2965785742,0.439818181,0,0.1350946178,0.5570019246,0,0.5905776243,False
9454,0,0.1994885053,0.439818181,0,0.1422619038,0.5570019246,0,0.4121090002,False
9455,0,0.05098882625,0.439818181,0,0.0406466938,0.5570019246,0,0.1570715794,False
9456,0,0.3183151271,0.439818181,0,0.1644430759,0.5570019246,0,0.6333717137,False
9457,0,0.3614558338,0.439818181,0,0.2872559864,0.5570019246,0,0.7119554788,False
9458,1,0.8372946259,0.439818181,1,0.8821684027,0.5570019246,1,,False
9459,0,0.6641029462,0.439818181,1,0.7923766978,0.5570019246,1,0.9831126463,True
9460,0,0.02801317792,0.439818181,0,0.0362168779,0.5570019246,0,0.1042985991,False
9461,0,0.4665647949,0.439818181,1,0.3184224394,0.5570019246,0,0.8601036269,False
9462,0,0.1872429138,0.439818181,0,0.09758826998,0.5570019246,0,0.3897524467,False
9463,0,0.3551896604,0.439818181,0,0.1107593915,0.5570019246,0,0.6991940127,False
9464,0,0.2734412719,0.439818181,0,0.1417713081,0.5570019246,0,0.5450009595,False
9465,0,0.05499904476,0.439818181,0,0.03833759161,0.5570019246,0,0.1638840913,False
9466,0,0.3227526777,0.439818181,0,0.5030703861,0.5570019246,0,0.6418153905,False
9467,1,0.7971292243,0.439818181,1,0.8761759182,0.5570019246,1,,False
9468,0,0.2907001086,0.439818181,0,0.197565592,0.5570019246,0,0.5782959125,False
9469,0,0.1112835832,0.439818181,0,0.1054459082,0.5570019246,0,0.2652082134,False
9470,0,0.162322283,0.439818181,0,0.0974571111,0.5570019246,0,0.3483016695,False
9471,0,0.190701049,0.439818181,0,0.1838164641,0.5570019246,0,0.3958933026,False
9472,0,0.3572858563,0.439818181,0,0.261847137,0.5570019246,0,0.7038956055,False
9473,0,0.3147839148,0.439818181,0,0.2366650056,0.5570019246,0,0.6264632508,False
9474,0,0.0121834606,0.439818181,0,0.01346663072,0.5570019246,0,0.05776242564,False
9475,0,0.06229724227,0.439818181,0,0.02653517023,0.5570019246,0,0.1802916907,False
9476,0,0.3362101558,0.439818181,0,0.5006964672,0.5570019246,0,0.6665707158,False
9477,0,0.4204666017,0.439818181,0,0.1584024923,0.5570019246,0,0.8053156784,False
9478,0,0.05804771179,0.439818181,0,0.05708200739,0.5570019246,0,0.1715601612,False
9479,0,0.111788966,0.439818181,0,0.07275535984,0.5570019246,0,0.2664555747,False
9480,0,0.05440102205,0.439818181,0,0.06753237546,0.5570019246,0,0.1629245826,False
9481,0,0.1664983452,0.439818181,0,0.07346691604,0.5570019246,0,0.3555939359,False
9482,0,0.5593223648,0.439818181,1,0.690388132,0.5570019246,1,0.9412780656,True
9483,0,0.02202495084,0.439818181,0,0.02521999037,0.5570019246,0,0.09000191902,False
9484,0,0.3550356618,0.439818181,0,0.4304427698,0.5570019246,0,0.6990021109,False
9485,0,0.7538521862,0.439818181,1,0.4248986854,0.5570019246,0,0.9986566878,True
9486,0,0.3262254615,0.439818181,0,0.2992365852,0.5570019246,0,0.6484360008,False
9487,0,0.6510778749,0.439818181,1,0.7903629626,0.5570019246,1,0.9791786605,True
9488,1,0.7240149394,0.439818181,1,0.5973060037,0.5570019246,1,,False
9489,0,0.468107585,0.439818181,1,0.3635086931,0.5570019246,0,0.863078104,False
9490,0,0.5279671208,0.439818181,1,0.1290109961,0.5570019246,0,0.9186336596,True
9491,0,0.5738848539,0.439818181,1,0.4018644216,0.5570019246,0,0.950105546,True
9492,0,0.4275128542,0.439818181,0,0.2892444637,0.5570019246,0,0.8141431587,False
9493,1,0.7962412115,0.439818181,1,0.9094269902,0.5570019246,1,,False
9494,0,0.4172334346,0.439818181,0,0.2248169538,0.5570019246,0,0.8006140856,False
9495,0,0.004015589086,0.439818181,0,0.00739387266,0.5570019246,0,0.02192477452,False
9496,0,0.2717550048,0.439818181,0,0.07532426921,0.5570019246,0,0.5423143351,False
9497,0,0.1050837704,0.439818181,0,0.09706413498,0.5570019246,0,0.2545576665,False
9498,1,0.4770561083,0.439818181,1,0.3290803192,0.5570019246,0,,False
9499,1,0.6264837484,0.439818181,1,0.5951608599,0.5570019246,1,,False
9500,0,0.4766432516,0.439818181,1,0.1630054633,0.5570019246,0,0.8724812896,False
9501,0,0.1119559796,0.439818181,0,0.08979710904,0.5570019246,0,0.2671272309,False
9502,0,0.1415240878,0.439818181,0,0.3753704043,0.5570019246,0,0.3140472078,False
9503,0,0.1337400302,0.439818181,0,0.05671295854,0.5570019246,0,0.3024371522,False
9504,0,0.3021960329,0.439818181,0,0.5693266862,0.5570019246,1,0.6018038764,False
9505,0,0.01679893673,0.439818181,0,0.01307165224,0.5570019246,0,0.07426597582,False
9506,0,0.2306372787,0.439818181,0,0.1241451514,0.5570019246,0,0.4660333909,False
9507,0,0.1849983397,0.439818181,0,0.1300227275,0.5570019246,0,0.3856265592,False
9508,0,0.4880989578,0.439818181,1,0.5235294619,0.5570019246,0,0.8832277874,False
9509,0,0.2565515334,0.439818181,0,0.1037531759,0.5570019246,0,0.5158318941,False
9510,1,0.8465886401,0.439818181,1,0.8434800202,0.5570019246,1,,False
9511,0,0.5383768488,0.439818181,1,0.3449703849,0.5570019246,0,0.9262137785,True
9512,0,0.1925161904,0.439818181,0,0.1770546253,0.5570019246,0,0.3992515832,False
9513,0,0.1049594244,0.439818181,0,0.06872610046,0.5570019246,0,0.2543657647,False
9514,0,0.1513551343,0.439818181,0,0.1076110906,0.5570019246,0,0.3301669545,False
9515,0,0.1557623194,0.439818181,0,0.07859579443,0.5570019246,0,0.3361159087,False
9516,0,0.3386643179,0.439818181,0,0.2767849156,0.5570019246,0,0.6706006525,False
9517,1,0.4543400917,0.439818181,1,0.4138407359,0.5570019246,0,,False
9518,0,0.7171099887,0.439818181,1,0.3996262531,0.5570019246,0,0.9950105546,True
9519,1,0.6963399707,0.439818181,1,0.8925585691,0.5570019246,1,,False
9520,0,0.003890271712,0.439818181,0,0.005301251461,0.5570019246,0,0.02110919209,False
9521,0,0.29199376,0.439818181,0,0.2315572588,0.5570019246,0,0.5807906352,False
9522,1,0.6551369514,0.439818181,1,0.4991958915,0.5570019246,0,,False
9523,0,0.5461393748,0.439818181,1,0.5121671972,0.5570019246,0,0.9320667818,True
9524,0,0.1659690966,0.439818181,0,0.1246651588,0.5570019246,0,0.3543465746,False
9525,0,0.1995738172,0.439818181,0,0.4433844751,0.5570019246,0,0.4123968528,False
9526,0,0.2228596888,0.439818181,0,0.1192351424,0.5570019246,0,0.4526002687,False
9527,0,0.4541842802,0.439818181,1,0.5233317193,0.5570019246,0,0.8482057187,False
9528,0,0.4729064295,0.439818181,1,0.7047985121,0.5570019246,1,0.8681635003,False
9529,1,0.6854545548,0.439818181,1,0.5857153718,0.5570019246,1,,False
9530,0,0.4982700203,0.439818181,1,0.3457795227,0.5570019246,0,0.8933985799,False
9531,0,0.5899531589,0.439818181,1,0.277025166,0.5570019246,0,0.9575897141,True
9532,0,0.3206501816,0.439818181,0,0.1511303409,0.5570019246,0,0.6374016504,False
9533,1,0.7449657978,0.439818181,1,0.9131140045,0.5570019246,1,,False
9534,0,0.1768517185,0.439818181,0,0.1051803955,0.5570019246,0,0.3716177317,False
9535,0,0.193137093,0.439818181,0,0.1474684043,0.5570019246,0,0.400882748,False
9536,0,0.1772660921,0.439818181,0,0.1077705506,0.5570019246,0,0.3724812896,False
9537,1,0.7784405316,0.439818181,1,0.8811140566,0.5570019246,1,,False
9538,1,0.7612115492,0.439818181,1,0.6692716039,0.5570019246,1,,False
9539,0,0.4948505259,0.439818181,1,0.1379970862,0.5570019246,0,0.8894645941,False
9540,0,0.2474149761,0.439818181,0,0.4328457368,0.5570019246,0,0.4989445404,False
9541,0,0.3476352923,0.439818181,0,0.5924002044,0.5570019246,1,0.6877758588,False
9542,1,0.7001374707,0.439818181,1,0.8520036062,0.5570019246,1,,False
9543,0,0.2625536921,0.439818181,0,0.2782069785,0.5570019246,0,0.5277298023,False
9544,0,0.4413717251,0.439818181,1,0.595565207,0.5570019246,1,0.8315102667,False
9545,1,0.3073987697,0.439818181,0,0.3091165372,0.5570019246,0,,False
9546,1,0.8025115363,0.439818181,1,0.8646010767,0.5570019246,1,,False
9547,0,0.007691299113,0.439818181,0,0.004756875394,0.5570019246,0,0.03866820188,False
9548,0,0.08630342842,0.439818181,0,0.08966480184,0.5570019246,0,0.223181731,False
9549,1,0.7805673109,0.439818181,1,0.8481550426,0.5570019246,1,,False
9550,0,0.3333315525,0.439818181,0,0.248875096,0.5570019246,0,0.6609096143,False
9551,0,0.564474082,0.439818181,1,0.2885160823,0.5570019246,0,0.9447322971,True
9552,0,0.0497122033,0.439818181,0,0.05009469009,0.5570019246,0,0.1538572251,False
9553,0,0.06731762864,0.439818181,0,0.06542954183,0.5570019246,0,0.1896469008,False
9554,0,0.5883457655,0.439818181,1,0.2153676538,0.5570019246,0,0.9572059106,True
9555,0,0.1867520904,0.439818181,0,0.1207167318,0.5570019246,0,0.3886969871,False
9556,0,0.2129343939,0.439818181,0,0.2507818717,0.5570019246,0,0.4359048167,False
9557,0,0.2023141007,0.439818181,0,0.2231834035,0.5570019246,0,0.4186336596,False
9558,0,0.02343889687,0.439818181,0,0.02315380765,0.5570019246,0,0.09393590482,False
9559,1,0.8031292544,0.439818181,1,0.8268043255,0.5570019246,1,,False
9560,1,0.7640271064,0.439818181,1,0.8758954714,0.5570019246,1,,False
9561,0,0.3279727958,0.439818181,0,0.2179591113,0.5570019246,0,0.6512185761,False
9562,0,0.004170732569,0.439818181,0,0.007821650777,0.5570019246,0,0.02264440606,False
9563,0,0.3114027065,0.439818181,0,0.1389546391,0.5570019246,0,0.6193628862,False
9564,0,0.3175651936,0.439818181,0,0.4319492349,0.5570019246,0,0.6326041067,False
9565,1,0.7580156543,0.439818181,1,0.7949642536,0.5570019246,1,,False
9566,1,0.7143200058,0.439818181,1,0.8661454137,0.5570019246,1,,False
9567,0,0.3801755971,0.439818181,0,0.1052952984,0.5570019246,0,0.7469775475,False
9568,0,0.2830129743,0.439818181,0,0.1498410477,0.5570019246,0,0.5638073306,False
9569,0,0.007385206538,0.439818181,0,0.002824366993,0.5570019246,0,0.03766071771,False
9570,0,0.04540584985,0.439818181,0,0.05752796884,0.5570019246,0,0.1459412781,False
9571,0,0.3245549284,0.439818181,0,0.2886376738,0.5570019246,0,0.6448858185,False
9572,0,0.3842353949,0.439818181,0,0.161605547,0.5570019246,0,0.751871042,False
9573,0,0.6789830944,0.439818181,1,0.75151928,0.5570019246,1,0.98791019,True
9574,0,0.5330269122,0.439818181,1,0.2997723979,0.5570019246,0,0.9222797927,True
9575,0,0.5158212393,0.439818181,1,0.2417244081,0.5570019246,0,0.9088466705,True
9576,0,0.6345359871,0.439818181,1,0.2931196541,0.5570019246,0,0.9739013625,True
9577,0,0.740932582,0.439818181,1,0.4345693999,0.5570019246,0,0.997697179,True
9578,0,0.009930925294,0.439818181,0,0.01049944547,0.5570019246,0,0.04730378046,False
9579,0,0.5521689472,0.439818181,1,0.148060284,0.5570019246,0,0.9361926694,True
9580,0,0.03990093002,0.439818181,0,0.03663967658,0.5570019246,0,0.134619075,False
9581,0,0.3639654033,0.439818181,0,0.3481845623,0.5570019246,0,0.7169449242,False
9582,0,0.01033838309,0.439818181,0,0.01252947859,0.5570019246,0,0.05003838035,False
9583,0,0.5174720937,0.439818181,1,0.329417269,0.5570019246,0,0.9103818845,True
9584,0,0.09659780735,0.439818181,0,0.06769574135,0.5570019246,0,0.240548839,False
9585,1,0.6985782678,0.439818181,1,0.7845322114,0.5570019246,1,,False
9586,0,0.2634634236,0.439818181,0,0.1605653978,0.5570019246,0,0.5294569181,False
9587,0,0.265730206,0.439818181,0,0.1672836502,0.5570019246,0,0.5335828056,False
9588,0,0.4890440895,0.439818181,1,0.09933648485,0.5570019246,0,0.8841872961,False
9589,0,0.2000177485,0.439818181,0,0.0772009366,0.5570019246,0,0.4136442142,False
9590,0,0.2835594285,0.439818181,0,0.1277632533,0.5570019246,0,0.565054692,False
9591,1,0.5994385094,0.439818181,1,0.5554837504,0.5570019246,0,,False
9592,0,0.09829894684,0.439818181,0,0.09157303355,0.5570019246,0,0.2433314143,False
9593,0,0.4901668878,0.439818181,1,0.6599705632,0.5570019246,1,0.8854346575,False
9594,0,0.3662571128,0.439818181,0,0.4188529124,0.5570019246,0,0.7204951065,False
9595,1,0.827999433,0.439818181,1,0.6839628692,0.5570019246,1,,False
9596,0,0.3388386623,0.439818181,0,0.233936774,0.5570019246,0,0.6708885051,False
9597,0,0.4978485606,0.439818181,1,0.2485895912,0.5570019246,0,0.8931107273,False
9598,1,0.7392915247,0.439818181,1,0.8204661191,0.5570019246,1,,False
9599,1,0.8265091255,0.439818181,1,0.888285891,0.5570019246,1,,False
9600,0,0.3906958488,0.439818181,0,0.6171179954,0.5570019246,1,0.7623296872,False
9601,0,0.002052916769,0.439818181,0,0.004904733242,0.5570019246,0,0.01026674343,False
9602,0,0.2554765898,0.439818181,0,0.1098460379,0.5570019246,0,0.513625024,False
9603,0,0.4939785334,0.439818181,1,0.248035022,0.5570019246,0,0.888025331,False
9604,0,0.574088327,0.439818181,1,0.6207830532,0.5570019246,1,0.9502974477,True
9605,1,0.6683779497,0.439818181,1,0.604839365,0.5570019246,1,,False
9606,0,0.5185106588,0.439818181,1,0.3061109856,0.5570019246,0,0.9114373441,True
9607,0,0.3241083037,0.439818181,0,0.2851594793,0.5570019246,0,0.6438303589,False
9608,1,0.7793909759,0.439818181,1,0.7512795962,0.5570019246,1,,False
9609,1,0.6314772362,0.439818181,1,0.602941396,0.5570019246,1,,False
9610,0,0.09627201508,0.439818181,0,0.04767890103,0.5570019246,0,0.2398771829,False
9611,1,0.5040248592,0.439818181,1,0.8771649472,0.5570019246,1,,False
9612,1,0.5406188596,0.439818181,1,0.825727295,0.5570019246,1,,False
9613,0,0.1364087567,0.439818181,0,0.09791487838,0.5570019246,0,0.3061792362,False
9614,0,0.06621466104,0.439818181,0,0.04732018747,0.5570019246,0,0.1874880061,False
9615,0,0.3022708285,0.439818181,0,0.1798441254,0.5570019246,0,0.6018998273,False
9616,0,0.4680930998,0.439818181,1,0.337938238,0.5570019246,0,0.8629821531,False
9617,1,0.744290374,0.439818181,1,0.5729963629,0.5570019246,1,,False
9618,0,0.6032353276,0.439818181,1,0.3456634779,0.5570019246,0,0.9636346191,True
9619,0,0.2033641514,0.439818181,0,0.1298411813,0.5570019246,0,0.4204567262,False
9620,0,0.4313238179,0.439818181,0,0.2281466935,0.5570019246,0,0.8181730954,False
9621,0,0.07723065144,0.439818181,0,0.01774227508,0.5570019246,0,0.2082133947,False
9622,0,0.2305760948,0.439818181,0,0.1492343292,0.5570019246,0,0.4658414892,False
9623,0,0.109897414,0.439818181,0,0.1306968287,0.5570019246,0,0.2635770486,False
9624,1,0.5262452083,0.439818181,1,0.4371151745,0.5570019246,0,,False
9625,0,0.5387007586,0.439818181,1,0.4019104607,0.5570019246,0,0.926597582,True
9626,0,0.2000907769,0.439818181,0,0.09573774415,0.5570019246,0,0.4140280177,False
9627,0,0.2270939922,0.439818181,0,0.1891034563,0.5570019246,0,0.4594127807,False
9628,1,0.7079986743,0.439818181,1,0.669536999,0.5570019246,1,,False
9629,0,0.5474578387,0.439818181,1,0.6997264458,0.5570019246,1,0.9328343888,True
9630,1,0.6222086018,0.439818181,1,0.7965413207,0.5570019246,1,,False
9631,0,0.5038428723,0.439818181,1,0.363999911,0.5570019246,0,0.8991556323,False
9632,0,0.09514600869,0.439818181,0,0.1007558118,0.5570019246,0,0.238246018,False
9633,0,0.7051347069,0.439818181,1,0.3978802536,0.5570019246,0,0.9932834389,True
9634,1,0.6886916273,0.439818181,1,0.8403407806,0.5570019246,1,,False
9635,0,0.1067327564,0.439818181,0,0.07771956845,0.5570019246,0,0.2575321435,False
9636,0,0.5837241059,0.439818181,1,0.3645816201,0.5570019246,0,0.9551909422,True
9637,0,0.5159975119,0.439818181,1,0.3302320566,0.5570019246,0,0.909230474,True
9638,0,0.1009256043,0.439818181,0,0.01968509982,0.5570019246,0,0.2475532527,False
9639,0,0.3715401787,0.439818181,0,0.3725331992,0.5570019246,0,0.7308578008,False
9640,0,0.3481360038,0.439818181,0,0.2453575573,0.5570019246,0,0.6887353675,False
9641,0,0.4446289121,0.439818181,1,0.2045538978,0.5570019246,0,0.8357321052,False
9642,0,0.5799241701,0.439818181,1,0.232555233,0.5570019246,0,0.9533678756,True
9643,0,0.3468791168,0.439818181,0,0.2803373093,0.5570019246,0,0.6865284974,False
9644,0,0.514003044,0.439818181,1,0.7357063734,0.5570019246,1,0.90769526,True
9645,1,0.843294329,0.439818181,1,0.9130851221,0.5570019246,1,,False
9646,0,0.5833209776,0.439818181,1,0.2539728934,0.5570019246,0,0.9550949914,True
9647,0,0.3428267406,0.439818181,0,0.1652133226,0.5570019246,0,0.6781807714,False
9648,0,0.574990426,0.439818181,1,0.3689857385,0.5570019246,0,0.9510650547,True
9649,0,0.2410992608,0.439818181,0,0.113084599,0.5570019246,0,0.4870466321,False
9650,0,0.3857959393,0.439818181,0,0.1698119964,0.5570019246,0,0.7539819612,False
9651,0,0.1326499876,0.439818181,0,0.04756167271,0.5570019246,0,0.3009019382,False
9652,0,0.5222412056,0.439818181,1,0.7652795148,0.5570019246,1,0.9148915755,True
9653,0,0.4420881529,0.439818181,1,0.1398844263,0.5570019246,0,0.8326616772,False
9654,0,0.2471017028,0.439818181,0,0.09010937543,0.5570019246,0,0.4982728843,False
9655,1,0.7512497387,0.439818181,1,0.840026549,0.5570019246,1,,False
9656,0,0.03855160744,0.439818181,0,0.01310848336,0.5570019246,0,0.1318364997,False
9657,0,0.4105421441,0.439818181,0,0.2572897681,0.5570019246,0,0.7922663596,False
9658,1,0.5594961482,0.439818181,1,0.5312740071,0.5570019246,0,,False
9659,0,0.5676523527,0.439818181,1,0.3046184388,0.5570019246,0,0.9467472654,True
9660,0,0.2614448015,0.439818181,0,0.2281471416,0.5570019246,0,0.5247553253,False
9661,0,0.2518141311,0.439818181,0,0.2437321892,0.5570019246,0,0.506044905,False
9662,0,0.6457926758,0.439818181,1,0.3598463272,0.5570019246,0,0.9777393974,True
9663,0,0.5085410941,0.439818181,1,0.1914547637,0.5570019246,0,0.903185569,True
9664,0,0.4292134171,0.439818181,0,0.1807143575,0.5570019246,0,0.8153905201,False
9665,1,0.8262183987,0.439818181,1,0.643181735,0.5570019246,1,,False
9666,0,0.3399533121,0.439818181,0,0.1132019293,0.5570019246,0,0.6735751295,False
9667,0,0.07250646013,0.439818181,0,0.1235295831,0.5570019246,0,0.1986183074,False
9668,1,0.6962611658,0.439818181,1,0.8984559431,0.5570019246,1,,False
9669,0,0.06101111692,0.439818181,0,0.04185895749,0.5570019246,0,0.177796968,False
9670,0,0.70851668,0.439818181,1,0.2936850399,0.5570019246,0,0.9937631932,True
9671,1,0.5472895984,0.439818181,1,0.7469131403,0.5570019246,1,,False
9672,0,0.1569808196,0.439818181,0,0.1228101689,0.5570019246,0,0.3387065822,False
9673,0,0.418803761,0.439818181,0,0.3034817455,0.5570019246,0,0.8031088083,False
9674,0,0.0100715135,0.439818181,0,0.0105982162,0.5570019246,0,0.04874304356,False
9675,0,0.3492923987,0.439818181,0,0.1478254708,0.5570019246,0,0.6904624832,False
9676,0,0.5816832678,0.439818181,1,0.46660982,0.5570019246,0,0.9541354826,True
9677,0,0.3626265469,0.439818181,0,0.1748255111,0.5570019246,0,0.7143542506,False
9678,0,0.5099146706,0.439818181,1,0.2575882125,0.5570019246,0,0.9041450777,True
9679,0,0.4700243001,0.439818181,1,0.2082787388,0.5570019246,0,0.8649011706,False
9680,0,0.1185005452,0.439818181,0,0.1000610753,0.5570019246,0,0.2780656304,False
9681,0,0.2038478849,0.439818181,0,0.06516945739,0.5570019246,0,0.421320284,False
9682,0,0.3288504383,0.439818181,0,0.1702221855,0.5570019246,0,0.6525618883,False
9683,0,0.4974617449,0.439818181,1,0.3230475542,0.5570019246,0,0.8924390712,False
9684,1,0.7585985871,0.439818181,1,0.8854062566,0.5570019246,1,,False
9685,0,0.2023015698,0.439818181,0,0.07345986945,0.5570019246,0,0.4185377087,False
9686,1,0.7246931369,0.439818181,1,0.8944085187,0.5570019246,1,,False
9687,1,0.7822685294,0.439818181,1,0.9278871083,0.5570019246,1,,False
9688,0,0.02859546501,0.439818181,0,0.02992842636,0.5570019246,0,0.1056419113,False
9689,0,0.6329237648,0.439818181,1,0.716955217,0.5570019246,1,0.9736135099,True
9690,1,0.6104316117,0.439818181,1,0.7212976384,0.5570019246,1,,False
9691,0,0.4162625742,0.439818181,0,0.5066262266,0.5570019246,0,0.7993667242,False
9692,0,0.3126736249,0.439818181,0,0.1160454655,0.5570019246,0,0.6224333141,False
9693,1,0.6326244586,0.439818181,1,0.742626914,0.5570019246,1,,False
9694,0,0.3670011618,0.439818181,0,0.2452450536,0.5570019246,0,0.722414124,False
9695,0,0.02737681355,0.439818181,0,0.03329380873,0.5570019246,0,0.1033390904,False
9696,1,0.5994059705,0.439818181,1,0.524436665,0.5570019246,0,,False
9697,0,0.5227564252,0.439818181,1,0.3283410881,0.5570019246,0,0.915275379,True
9698,0,0.1954303838,0.439818181,0,0.1782008089,0.5570019246,0,0.4055843408,False
9699,1,0.7803827556,0.439818181,1,0.9476321733,0.5570019246,1,,False
9700,1,0.6973284461,0.439818181,1,0.9065841699,0.5570019246,1,,False
9701,0,0.05875542459,0.439818181,0,0.04621739124,0.5570019246,0,0.1738629822,False
9702,0,0.4001895842,0.439818181,0,0.2026324766,0.5570019246,0,0.7778737287,False
9703,0,0.3398114869,0.439818181,0,0.2585847027,0.5570019246,0,0.6729034734,False
9704,0,0.3552042125,0.439818181,0,0.1568466731,0.5570019246,0,0.6992899635,False
9705,0,0.2914308289,0.439818181,0,0.1895596275,0.5570019246,0,0.5796392247,False
9706,0,0.6941498623,0.439818181,1,0.4628564554,0.5570019246,0,0.9911725197,True
9707,0,0.09203569321,0.439818181,0,0.06307278299,0.5570019246,0,0.233736327,False
9708,1,0.6913517558,0.439818181,1,0.8408084315,0.5570019246,1,,False
9709,0,0.3192237077,0.439818181,0,0.2137708269,0.5570019246,0,0.6349069277,False
9710,0,0.5942027275,0.439818181,1,0.6787459866,0.5570019246,1,0.9597006333,True
9711,0,0.1731160208,0.439818181,0,0.1622685617,0.5570019246,0,0.3657647285,False
9712,0,0.007408418421,0.439818181,0,0.00457300983,0.5570019246,0,0.03780464402,False
9713,0,0.3563378394,0.439818181,0,0.5134091164,0.5570019246,0,0.7011130301,False
9714,0,0.5215712244,0.439818181,1,0.5901432529,0.5570019246,1,0.9146037229,True
9715,1,0.824519341,0.439818181,1,0.9300629861,0.5570019246,1,,False
9716,0,0.0141936639,0.439818181,0,0.01706046807,0.5570019246,0,0.06395125696,False
9717,0,0.3425265703,0.439818181,0,0.173344625,0.5570019246,0,0.6773172136,False
9718,0,0.5716794286,0.439818181,1,0.2824396082,0.5570019246,0,0.9487622337,True
9719,0,0.04520877485,0.439818181,0,0.04559889923,0.5570019246,0,0.1453175974,False
9720,0,0.2804209232,0.439818181,0,0.1345316135,0.5570019246,0,0.559009787,False
9721,1,0.7197013526,0.439818181,1,0.7725271147,0.5570019246,1,,False
9722,0,0.4107484805,0.439818181,0,0.2530885406,0.5570019246,0,0.792746114,False
9723,0,0.2008999126,0.439818181,0,0.1578212648,0.5570019246,0,0.4158510842,False
9724,0,0.7277833416,0.439818181,1,0.3722457308,0.5570019246,0,0.9966417194,True
9725,0,0.6514041753,0.439818181,1,0.3462131713,0.5570019246,0,0.9794665131,True
9726,0,0.419621001,0.439818181,0,0.2864449454,0.5570019246,0,0.8041642679,False
9727,0,0.394322731,0.439818181,0,0.2918422222,0.5570019246,0,0.7682786413,False
9728,1,0.7970964967,0.439818181,1,0.8487013482,0.5570019246,1,,False
9729,0,0.1968724372,0.439818181,0,0.1423881219,0.5570019246,0,0.4081750144,False
9730,0,0.2357859941,0.439818181,0,0.0769754116,0.5570019246,0,0.4760122817,False
9731,0,0.3416904359,0.439818181,0,0.5492229491,0.5570019246,0,0.6759739014,False
9732,0,0.5082340566,0.439818181,1,0.3698045789,0.5570019246,0,0.9025139129,True
9733,0,0.545368959,0.439818181,1,0.2382893181,0.5570019246,0,0.9312032239,True
9734,1,0.5771836162,0.439818181,1,0.7245631884,0.5570019246,1,,False
9735,0,0.2047933965,0.439818181,0,0.1345107838,0.5570019246,0,0.4224716945,False
9736,0,0.6120319432,0.439818181,1,0.3281480905,0.5570019246,0,0.9677605066,True
9737,1,0.7932550117,0.439818181,1,0.8733905261,0.5570019246,1,,False
9738,0,0.5346290075,0.439818181,1,0.3232267616,0.5570019246,0,0.9233352524,True
9739,0,0.6855164192,0.439818181,1,0.2798128959,0.5570019246,0,0.9895413548,True
9740,0,0.297995872,0.439818181,0,0.3476040239,0.5570019246,0,0.5946075609,False
9741,0,0.3913901202,0.439818181,0,0.124359087,0.5570019246,0,0.7633851468,False
9742,1,0.5764309262,0.439818181,1,0.8436597448,0.5570019246,1,,False
9743,0,0.6547864922,0.439818181,1,0.7387531475,0.5570019246,1,0.9812895797,True
9744,0,0.1991195545,0.439818181,0,0.107276833,0.5570019246,0,0.4111494915,False
9745,0,0.3553344306,0.439818181,0,0.2776598182,0.5570019246,0,0.6995778162,False
9746,1,0.6875640084,0.439818181,1,0.5519871244,0.5570019246,0,,False
9747,0,0.5203346102,0.439818181,1,0.4184297797,0.5570019246,0,0.9130685089,True
9748,0,0.2670814448,0.439818181,0,0.2188006286,0.5570019246,0,0.5357896757,False
9749,0,0.4971977235,0.439818181,1,0.5775937643,0.5570019246,1,0.8917674151,False
9750,1,0.6544640006,0.439818181,1,0.570656218,0.5570019246,1,,False
9751,1,0.7762041205,0.439818181,1,0.8943847305,0.5570019246,1,,False
9752,0,0.295344927,0.439818181,0,0.2121855402,0.5570019246,0,0.5879869507,False
9753,0,0.1053924919,0.439818181,0,0.0309523328,0.5570019246,0,0.25494147,False
9754,0,0.6308660715,0.439818181,1,0.255347316,0.5570019246,0,0.9730378046,True
9755,0,0.1293901363,0.439818181,0,0.08687519184,0.5570019246,0,0.2953367876,False
9756,0,0.3740241379,0.439818181,0,0.4803643017,0.5570019246,0,0.7356553445,False
9757,0,0.3163780925,0.439818181,0,0.1418955379,0.5570019246,0,0.6299174822,False
9758,0,0.3353892848,0.439818181,0,0.2708229507,0.5570019246,0,0.6649395509,False
9759,1,0.6001049902,0.439818181,1,0.5177190304,0.5570019246,0,,False
9760,1,0.7869627182,0.439818181,1,0.8692790363,0.5570019246,1,,False
9761,0,0.3274291443,0.439818181,0,0.2122381137,0.5570019246,0,0.6499712147,False
9762,0,0.4263428342,0.439818181,0,0.311071187,0.5570019246,0,0.8129917482,False
9763,1,0.6703332288,0.439818181,1,0.8457437152,0.5570019246,1,,False
9764,0,0.4414868165,0.439818181,1,0.3520706745,0.5570019246,0,0.8317021685,False
9765,1,0.8021928771,0.439818181,1,0.8849101147,0.5570019246,1,,False
9766,0,0.3748392011,0.439818181,0,0.2393197616,0.5570019246,0,0.7369027058,False
9767,0,0.2978869202,0.439818181,0,0.2219302105,0.5570019246,0,0.5944156592,False
9768,0,0.6123307418,0.439818181,1,0.4433631183,0.5570019246,0,0.9680483592,True
9769,0,0.3792627144,0.439818181,0,0.1482830404,0.5570019246,0,0.7456342353,False
9770,0,0.002205612197,0.439818181,0,0.002299854369,0.5570019246,0,0.01204183458,False
9771,0,0.1249223274,0.439818181,0,0.08299674663,0.5570019246,0,0.2864133564,False
9772,0,0.5188054743,0.439818181,1,0.2022226,0.5570019246,0,0.9116292458,True
9773,0,0.2098402914,0.439818181,0,0.1122437464,0.5570019246,0,0.4315870274,False
9774,0,0.1870352451,0.439818181,0,0.0823620215,0.5570019246,0,0.3893686433,False
9775,0,0.288622283,0.439818181,0,0.2331617316,0.5570019246,0,0.5737862215,False
9776,0,0.1715074523,0.439818181,0,0.04436674847,0.5570019246,0,0.363078104,False
9777,0,0.005221920928,0.439818181,0,0.007464464325,0.5570019246,0,0.02772980234,False
9778,1,0.7209160727,0.439818181,1,0.8543245584,0.5570019246,1,,False
9779,0,0.1801195395,0.439818181,0,0.1540462281,0.5570019246,0,0.3784302437,False
9780,0,0.3569633408,0.439818181,0,0.2769671248,0.5570019246,0,0.7030320476,False
9781,0,0.6733255895,0.439818181,1,0.5078688103,0.5570019246,0,0.9861830743,True
9782,0,0.002698521716,0.439818181,0,0.00689115453,0.5570019246,0,0.01391287661,False
9783,0,0.2010546962,0.439818181,0,0.05618881151,0.5570019246,0,0.4165227404,False
9784,0,0.1734438955,0.439818181,0,0.09417865691,0.5570019246,0,0.3664363846,False
9785,0,0.1730985408,0.439818181,0,0.1328832689,0.5570019246,0,0.3656687776,False
9786,1,0.595285596,0.439818181,1,0.5774284867,0.5570019246,1,,False
9787,0,0.09821329804,0.439818181,0,0.07783558545,0.5570019246,0,0.2431395126,False
9788,0,0.1174558157,0.439818181,0,0.1434023301,0.5570019246,0,0.2769142199,False
9789,0,0.5177158557,0.439818181,1,0.3892872325,0.5570019246,0,0.9104778353,True
9790,0,0.3577584152,0.439818181,0,0.2194969693,0.5570019246,0,0.7047591633,False
9791,0,0.3480931826,0.439818181,0,0.1463472631,0.5570019246,0,0.6884475149,False
9792,0,0.03352311011,0.439818181,0,0.01837648675,0.5570019246,0,0.1185952792,False
9793,1,0.767968323,0.439818181,1,0.9363175202,0.5570019246,1,,False
9794,1,0.7144245527,0.439818181,1,0.8790826976,0.5570019246,1,,False
9795,0,0.1991770348,0.439818181,0,0.1711920863,0.5570019246,0,0.4113413932,False
9796,0,0.245199348,0.439818181,0,0.05210634838,0.5570019246,0,0.4953943581,False
9797,0,0.3668878917,0.439818181,0,0.1881591943,0.5570019246,0,0.7220303205,False
9798,0,0.2543649845,0.439818181,0,0.1053288056,0.5570019246,0,0.511322203,False
9799,0,0.2443954199,0.439818181,0,0.1367530878,0.5570019246,0,0.4935712915,False
9800,0,0.0601912838,0.439818181,0,0.04803685274,0.5570019246,0,0.1766455575,False
9801,0,0.2152948895,0.439818181,0,0.1830116962,0.5570019246,0,0.4396469008,False
9802,0,0.164933474,0.439818181,0,0.08498325007,0.5570019246,0,0.3521397045,False
9803,1,0.6935153451,0.439818181,1,0.62620215,0.5570019246,1,,False
9804,1,0.7788774508,0.439818181,1,0.6565059262,0.5570019246,1,,False
9805,0,0.4384206266,0.439818181,0,0.1676834058,0.5570019246,0,0.8273843792,False
9806,0,0.08033857088,0.439818181,0,0.0683789324,0.5570019246,0,0.213298791,False
9807,0,0.705160626,0.439818181,1,0.7064900234,0.5570019246,1,0.9933793898,True
9808,0,0.2850729754,0.439818181,0,0.1766199302,0.5570019246,0,0.5683170217,False
9809,0,0.5928584844,0.439818181,1,0.1526888718,0.5570019246,0,0.9592208789,True
9810,0,0.6115460444,0.439818181,1,0.248255737,0.5570019246,0,0.9671848014,True
9811,0,0.623992097,0.439818181,1,0.732709565,0.5570019246,1,0.9710228363,True
9812,0,0.5880514646,0.439818181,1,0.2674440624,0.5570019246,0,0.9570140088,True
9813,0,0.2396092814,0.439818181,0,0.1233213084,0.5570019246,0,0.4839762042,False
9814,0,0.2898164308,0.439818181,0,0.2466998278,0.5570019246,0,0.5766647476,False
9815,0,0.2800340618,0.439818181,0,0.1373003711,0.5570019246,0,0.5583381309,False
9816,0,0.452150701,0.439818181,1,0.3052488105,0.5570019246,0,0.8450393399,False
9817,0,0.3450830594,0.439818181,0,0.6129414277,0.5570019246,1,0.6833621186,False
9818,0,0.1086244355,0.439818181,0,0.06016403856,0.5570019246,0,0.2610823258,False
9819,0,0.3513838648,0.439818181,0,0.4201421288,0.5570019246,0,0.693628862,False
9820,0,0.02198360205,0.439818181,0,0.01739427733,0.5570019246,0,0.08981001727,False
9821,0,0.6813369969,0.439818181,1,0.3950879648,0.5570019246,0,0.9884858952,True
9822,1,0.6481220759,0.439818181,1,0.5375391866,0.5570019246,0,,False
9823,0,0.174367379,0.439818181,0,0.12404594,0.5570019246,0,0.367587795,False
9824,0,0.06197986859,0.439818181,0,0.0326415861,0.5570019246,0,0.1797159854,False
9825,0,0.4659865342,0.439818181,1,0.1780537331,0.5570019246,0,0.8597198235,False
9826,0,0.2726449549,0.439818181,0,0.206181117,0.5570019246,0,0.5439454999,False
9827,0,0.1980199893,0.439818181,0,0.1521434079,0.5570019246,0,0.4094223757,False
9828,1,0.5158911466,0.439818181,1,0.4921776911,0.5570019246,0,,False
9829,0,0.03252039223,0.439818181,0,0.02748737519,0.5570019246,0,0.1156208021,False
9830,0,0.3567619263,0.439818181,0,0.4308586745,0.5570019246,0,0.7024563424,False
9831,0,0.0418641888,0.439818181,0,0.04146238342,0.5570019246,0,0.1383611591,False
9832,1,0.7562738689,0.439818181,1,0.8533151479,0.5570019246,1,,False
9833,0,0.1957013219,0.439818181,0,0.1412513384,0.5570019246,0,0.4062559969,False
9834,0,0.5101501337,0.439818181,1,0.2031764449,0.5570019246,0,0.9042410286,True
9835,0,0.04905113342,0.439818181,0,0.04325400615,0.5570019246,0,0.1523699866,False
9836,0,0.2285998011,0.439818181,0,0.11082075,0.5570019246,0,0.4615236999,False
9837,0,0.2569208883,0.439818181,0,0.1913035746,0.5570019246,0,0.5168873537,False
9838,1,0.8221237308,0.439818181,1,0.8946466909,0.5570019246,1,,False
9839,1,0.7423874563,0.439818181,1,0.8713234458,0.5570019246,1,,False
9840,0,0.4539703157,0.439818181,1,0.3896368972,0.5570019246,0,0.8475340626,False
9841,0,0.2000889243,0.439818181,0,0.04074620882,0.5570019246,0,0.4139320668,False
9842,0,0.01426977432,0.439818181,0,0.01153380833,0.5570019246,0,0.06438303589,False
9843,0,0.2792464395,0.439818181,0,0.08601471199,0.5570019246,0,0.556706966,False
9844,1,0.7291607614,0.439818181,1,0.8933857743,0.5570019246,1,,False
9845,0,0.5710657709,0.439818181,1,0.4463961196,0.5570019246,0,0.9484743811,True
9846,1,0.8353431945,0.439818181,1,0.8490268423,0.5570019246,1,,False
9847,0,0.2604185185,0.439818181,0,0.1591438592,0.5570019246,0,0.5226444061,False
9848,0,0.2616558074,0.439818181,0,0.2012452417,0.5570019246,0,0.5254269814,False
9849,0,0.67803699,0.439818181,1,0.2683177144,0.5570019246,0,0.9876223374,True
9850,1,0.7094554026,0.439818181,1,0.764780165,0.5570019246,1,,False
9851,0,0.1234494031,0.439818181,0,0.05844976024,0.5570019246,0,0.2845902898,False
9852,0,0.543553892,0.439818181,1,0.7042619157,0.5570019246,1,0.9300518135,True
9853,0,0.3936941492,0.439818181,0,0.2780871777,0.5570019246,0,0.7671272309,False
9854,0,0.5130294756,0.439818181,1,0.2262940042,0.5570019246,0,0.9065438495,True
9855,1,0.6404547145,0.439818181,1,0.9065906152,0.5570019246,1,,False
9856,0,0.465499037,0.439818181,1,0.3788551838,0.5570019246,0,0.85933602,False
9857,0,0.0567973739,0.439818181,0,0.03767622481,0.5570019246,0,0.1685856841,False
9858,0,0.5453880834,0.439818181,1,0.6735656086,0.5570019246,1,0.9312991748,True
9859,0,0.1674749444,0.439818181,0,0.07367792386,0.5570019246,0,0.3569372481,False
9860,0,0.4566654906,0.439818181,1,0.3842497816,0.5570019246,0,0.8506044905,False
9861,0,0.7376740808,0.439818181,1,0.8049853731,0.5570019246,1,0.9972174247,True
9862,0,0.0639173264,0.439818181,0,0.05807786772,0.5570019246,0,0.1824985607,False
9863,0,0.4182338992,0.439818181,0,0.2539309568,0.5570019246,0,0.8018614469,False
9864,0,0.2207285251,0.439818181,0,0.114996996,0.5570019246,0,0.4490500864,False
9865,0,0.01603584796,0.439818181,0,0.01868728806,0.5570019246,0,0.07052389177,False
9866,0,0.4529317144,0.439818181,1,0.1320243844,0.5570019246,0,0.8462867012,False
9867,0,0.1784345977,0.439818181,0,0.1646860422,0.5570019246,0,0.3752638649,False
9868,0,0.4549225955,0.439818181,1,0.3274972918,0.5570019246,0,0.8492611783,False
9869,0,0.1627493854,0.439818181,0,0.1172008234,0.5570019246,0,0.3487814239,False
9870,0,0.2834955304,0.439818181,0,0.1719080503,0.5570019246,0,0.5648627903,False
9871,0,0.05631018574,0.439818181,0,0.03449006258,0.5570019246,0,0.167146421,False
9872,0,0.2301467089,0.439818181,0,0.2113945219,0.5570019246,0,0.4648819804,False
9873,0,0.4887651645,0.439818181,1,0.1401277466,0.5570019246,0,0.8838034926,False
9874,1,0.6933689573,0.439818181,1,0.7706873334,0.5570019246,1,,False
9875,1,0.5390967703,0.439818181,1,0.8589684298,0.5570019246,1,,False
9876,0,0.4234158609,0.439818181,0,0.1594892633,0.5570019246,0,0.8089618116,False
9877,1,0.5682515146,0.439818181,1,0.782883485,0.5570019246,1,,False
9878,0,0.2424999844,0.439818181,0,0.2224350824,0.5570019246,0,0.4902130109,False
9879,0,0.002634324364,0.439818181,0,0.005697649247,0.5570019246,0,0.01357704855,False
9880,1,0.7174661845,0.439818181,1,0.921502339,0.5570019246,1,,False
9881,0,0.6155607508,0.439818181,1,0.7444896504,0.5570019246,1,0.9685281136,True
9882,0,0.6172829915,0.439818181,1,0.5254597941,0.5570019246,0,0.9691038188,True
9883,0,0.370986139,0.439818181,0,0.1189539126,0.5570019246,0,0.729226636,False
9884,1,0.5857027348,0.439818181,1,0.8261537007,0.5570019246,1,,False
9885,0,0.3752838283,0.439818181,0,0.2635806435,0.5570019246,0,0.7376703128,False
9886,0,0.2252496168,0.439818181,0,0.466422182,0.5570019246,0,0.4565342545,False
9887,0,0.2853911134,0.439818181,0,0.2171578591,0.5570019246,0,0.5686048743,False
9888,1,0.5817702882,0.439818181,1,0.4272663351,0.5570019246,0,,False
9889,0,0.1101579342,0.439818181,0,0.03933301943,0.5570019246,0,0.2641527538,False
9890,0,0.1533807395,0.439818181,0,0.04533665247,0.5570019246,0,0.3330454807,False
9891,0,0.2483302739,0.439818181,0,0.1670849635,0.5570019246,0,0.5006716561,False
9892,0,0.2019623538,0.439818181,0,0.08944320819,0.5570019246,0,0.4176741508,False
9893,0,0.2964075062,0.439818181,0,0.2966306463,0.5570019246,0,0.5902897716,False
9894,1,0.4931147331,0.439818181,1,0.4218512174,0.5570019246,0,,False
9895,0,0.3169310893,0.439818181,0,0.153225056,0.5570019246,0,0.6311648436,False
9896,0,0.2616973194,0.439818181,0,0.616148366,0.5570019246,1,0.525714834,False
9897,0,0.04416456701,0.439818181,0,0.03665797335,0.5570019246,0,0.142966801,False
9898,0,0.5558130745,0.439818181,1,0.2852534125,0.5570019246,0,0.9390711955,True
9899,0,0.1361980097,0.439818181,0,0.0811061379,0.5570019246,0,0.3058913836,False
9900,0,0.09281849711,0.439818181,0,0.07437043026,0.5570019246,0,0.2351755901,False
9901,0,0.02532987819,0.439818181,0,0.008957481973,0.5570019246,0,0.09767798887,False
9902,0,0.4957993694,0.439818181,1,0.5475304335,0.5570019246,0,0.8904241029,False
9903,1,0.7968704394,0.439818181,1,0.9383782784,0.5570019246,1,,False
9904,0,0.1113572283,0.439818181,0,0.08333868637,0.5570019246,0,0.2654001151,False
9905,1,0.7984695506,0.439818181,1,0.8833376475,0.5570019246,1,,False
9906,0,0.3243131449,0.439818181,0,0.2161551682,0.5570019246,0,0.6443101132,False
9907,0,0.5165375043,0.439818181,1,0.3058783475,0.5570019246,0,0.9095183266,True
9908,0,0.003890271712,0.439818181,0,0.005301251461,0.5570019246,0,0.02110919209,False
9909,1,0.7608917662,0.439818181,1,0.9330411437,0.5570019246,1,,False
9910,0,0.4645945122,0.439818181,1,0.262221667,0.5570019246,0,0.8580886586,False
9911,0,0.09808315272,0.439818181,0,0.0531032478,0.5570019246,0,0.2429476108,False
9912,0,0.3669579218,0.439818181,0,0.323810804,0.5570019246,0,0.7222222222,False
9913,0,0.4318429849,0.439818181,0,0.2800057867,0.5570019246,0,0.8188447515,False
9914,1,0.7428460268,0.439818181,1,0.8538765095,0.5570019246,1,,False
9915,1,0.7647210671,0.439818181,1,0.8467298006,0.5570019246,1,,False
9916,0,0.5808610297,0.439818181,1,0.2573294426,0.5570019246,0,0.9535597774,True
9917,0,0.3765151104,0.439818181,0,0.2626693254,0.5570019246,0,0.740548839,False
9918,0,0.07213141781,0.439818181,0,0.07897517821,0.5570019246,0,0.1980426022,False
9919,0,0.6533809029,0.439818181,1,0.4768297878,0.5570019246,0,0.9804260219,True
9920,1,0.7281954962,0.439818181,1,0.8166710667,0.5570019246,1,,False
9921,0,0.2559926164,0.439818181,0,0.09883554368,0.5570019246,0,0.5147764345,False
9922,0,0.3043981684,0.439818181,0,0.1794733745,0.5570019246,0,0.6056419113,False
9923,0,0.5744288939,0.439818181,1,0.3890448413,0.5570019246,0,0.9505853003,True
9924,0,0.428705793,0.439818181,0,0.2126570968,0.5570019246,0,0.8151986183,False
9925,0,0.2297791864,0.439818181,0,0.2166650283,0.5570019246,0,0.4640184226,False
9926,1,0.6405169496,0.439818181,1,0.8815090789,0.5570019246,1,,False
9927,0,0.2207623,0.439818181,0,0.1692522517,0.5570019246,0,0.4491460372,False
9928,0,0.1093600771,0.439818181,0,0.08470698609,0.5570019246,0,0.2626175398,False
9929,0,0.01781114392,0.439818181,0,0.02664393444,0.5570019246,0,0.07772020725,False
9930,0,0.2347180055,0.439818181,0,0.1311553718,0.5570019246,0,0.4744770677,False
9931,0,0.7195577633,0.439818181,1,0.7559352168,0.5570019246,1,0.9952984072,True
9932,0,0.1414091944,0.439818181,0,0.1049824041,0.5570019246,0,0.313951257,False
9933,0,0.01700964641,0.439818181,0,0.009531349516,0.5570019246,0,0.07522548455,False
9934,0,0.5908827292,0.439818181,1,0.685999063,0.5570019246,1,0.9580694684,True
9935,0,0.3089679509,0.439818181,0,0.2121663663,0.5570019246,0,0.6151410478,False
9936,0,0.3515890136,0.439818181,0,0.1555174689,0.5570019246,0,0.6938207638,False
9937,0,0.1068509387,0.439818181,0,0.08221689486,0.5570019246,0,0.2577240453,False
9938,0,0.07592328572,0.439818181,0,0.06918461386,0.5570019246,0,0.2054308194,False
9939,0,0.3320034917,0.439818181,0,0.2020216696,0.5570019246,0,0.6584148916,False
9940,1,0.7561263396,0.439818181,1,0.816328322,0.5570019246,1,,False
9941,0,0.5692899213,0.439818181,1,0.206623691,0.5570019246,0,0.9469391671,True
9942,0,0.5077413816,0.439818181,1,0.4551748099,0.5570019246,0,0.9019382076,True
9943,0,0.1137413282,0.439818181,0,0.08363764851,0.5570019246,0,0.2702936097,False
9944,0,0.06856179161,0.439818181,0,0.06776647739,0.5570019246,0,0.1919017463,False
9945,0,0.03929210897,0.439818181,0,0.03584090137,0.5570019246,0,0.1332757628,False
9946,0,0.5652431793,0.439818181,1,0.4331049632,0.5570019246,0,0.9452120514,True
9947,0,0.1110498285,0.439818181,0,0.09792256208,0.5570019246,0,0.2649203608,False
9948,0,0.3567749894,0.439818181,0,0.1314363043,0.5570019246,0,0.7025522932,False
9949,0,0.02511875103,0.439818181,0,0.02344657327,0.5570019246,0,0.09710228363,False
9950,0,0.01578198242,0.439818181,0,0.01587922396,0.5570019246,0,0.06956438304,False
9951,0,0.06586703882,0.439818181,0,0.06537047762,0.5570019246,0,0.1864325465,False
9952,0,0.3172518793,0.439818181,0,0.1706615187,0.5570019246,0,0.6319324506,False
9953,1,0.789479596,0.439818181,1,0.9342714798,0.5570019246,1,,False
9954,1,0.6746984948,0.439818181,1,0.8669388594,0.5570019246,1,,False
9955,0,0.2358903219,0.439818181,0,0.1871512126,0.5570019246,0,0.4762041835,False
9956,0,0.509019711,0.439818181,1,0.44730908,0.5570019246,0,0.9033774707,True
9957,0,0.6514879434,0.439818181,1,0.7102781579,0.5570019246,1,0.979562464,True
9958,1,0.6978557556,0.439818181,1,0.8899897172,0.5570019246,1,,False
9959,1,0.7561231102,0.439818181,1,0.7858362507,0.5570019246,1,,False
9960,0,0.2977864572,0.439818181,0,0.4332608316,0.5570019246,0,0.5940318557,False
9961,0,0.07662676943,0.439818181,0,0.08573959301,0.5570019246,0,0.2067741316,False
9962,0,0.3893006103,0.439818181,0,0.2718363124,0.5570019246,0,0.7599309154,False
9963,0,0.3661054154,0.439818181,0,0.5362009423,0.5570019246,0,0.7200153521,False
9964,0,0.6711988267,0.439818181,1,0.6543579405,0.5570019246,1,0.9855114182,True
9965,1,0.7557392212,0.439818181,1,0.9365885684,0.5570019246,1,,False
9966,0,0.4695442667,0.439818181,1,0.3422902829,0.5570019246,0,0.864613318,False
9967,1,0.8166530524,0.439818181,1,0.9443262026,0.5570019246,1,,False
9968,0,0.5512873876,0.439818181,1,0.4327760303,0.5570019246,0,0.9350412589,True
9969,0,0.2270107427,0.439818181,0,0.157175255,0.5570019246,0,0.4592208789,False
9970,0,0.7204785579,0.439818181,1,0.4500925028,0.5570019246,0,0.995490309,True
9971,0,0.03596674357,0.439818181,0,0.02846865992,0.5570019246,0,0.125599693,False
9972,1,0.8242153389,0.439818181,1,0.849579843,0.5570019246,1,,False
9973,0,0.5554116976,0.439818181,1,0.3633151227,0.5570019246,0,0.9386873921,True
9974,0,0.4392960923,0.439818181,0,0.3899950814,0.5570019246,0,0.8283438879,False
9975,0,0.6190737346,0.439818181,1,0.2402813695,0.5570019246,0,0.9694876223,True
9976,0,0.4080820479,0.439818181,0,0.1223773518,0.5570019246,0,0.788236423,False
9977,0,0.648248733,0.439818181,1,0.7411751377,0.5570019246,1,0.9783151027,True
9978,0,0.4965189758,0.439818181,1,0.2652254402,0.5570019246,0,0.891095759,False
9979,0,0.3702345328,0.439818181,0,0.569348944,0.5570019246,1,0.7274995202,False
9980,1,0.6056221159,0.439818181,1,0.7387185903,0.5570019246,1,,False
9981,0,0.02229960578,0.439818181,0,0.03232571441,0.5570019246,0,0.09086547688,False
9982,0,0.499541152,0.439818181,1,0.3760748378,0.5570019246,0,0.8949337939,False
9983,0,0.5431760678,0.439818181,1,0.5890848744,0.5570019246,1,0.9297639609,True
9984,0,0.1474988919,0.439818181,0,0.0634221407,0.5570019246,0,0.3234503934,False
9985,0,0.1386892258,0.439818181,0,0.1525525524,0.5570019246,0,0.3094415659,False
9986,0,0.7004077476,0.439818181,1,0.2788024765,0.5570019246,0,0.9923239301,True
9987,0,0.5518351039,0.439818181,1,0.3787553456,0.5570019246,0,0.9358088659,True
9988,0,0.3349546716,0.439818181,0,0.5893111479,0.5570019246,1,0.6642678948,False
9989,1,0.7501543922,0.439818181,1,0.9237693781,0.5570019246,1,,False
9990,0,0.3890075061,0.439818181,0,0.3013582585,0.5570019246,0,0.759451161,False
9991,0,0.5900196534,0.439818181,1,0.2258368107,0.5570019246,0,0.9576856649,True
9992,0,0.1692901541,0.439818181,0,0.1469331415,0.5570019246,0,0.35933602,False
9993,0,0.519126034,0.439818181,1,0.1756952209,0.5570019246,0,0.9120130493,True
9994,0,0.02533922469,0.439818181,0,0.02530873526,0.5570019246,0,0.09777393974,False
9995,1,0.6424067295,0.439818181,1,0.5112768505,0.5570019246,0,,False
9996,0,0.3473436511,0.439818181,0,0.2573139246,0.5570019246,0,0.6871042026,False
9997,0,0.700584826,0.439818181,1,0.3785673504,0.5570019246,0,0.9925158319,True
9998,0,0.1132876618,0.439818181,0,0.1061637174,0.5570019246,0,0.2695260027,False
9999,1,0.7618585004,0.439818181,1,0.8108884771,0.5570019246,1,,False
10000,1,0.693571423,0.439818181,1,0.7653014555,0.5570019246,1,,False
10001,0,0.3825598778,0.439818181,0,0.1760354295,0.5570019246,0,0.7500479754,False
10002,0,0.2033502519,0.439818181,0,0.1785209782,0.5570019246,0,0.4203607753,False
10003,0,0.366921631,0.439818181,0,0.3079500908,0.5570019246,0,0.7221262713,False
10004,0,0.2345771234,0.439818181,0,0.1783032035,0.5570019246,0,0.4739013625,False
10005,0,0.2918120606,0.439818181,0,0.1150731471,0.5570019246,0,0.58021493,False
10006,0,0.3044205957,0.439818181,0,0.1062567901,0.5570019246,0,0.605929764,False
10007,0,0.08385440476,0.439818181,0,0.09588815508,0.5570019246,0,0.2192477452,False
10008,0,0.1122525996,0.439818181,0,0.05050095513,0.5570019246,0,0.2674150835,False
10009,0,0.6122911124,0.439818181,1,0.4120830793,0.5570019246,0,0.9679524084,True
10010,0,0.02211842604,0.439818181,0,0.02412989173,0.5570019246,0,0.09019382076,False
10011,0,0.4935996343,0.439818181,1,0.3011649282,0.5570019246,0,0.8874496258,False
10012,0,0.277670872,0.439818181,0,0.2740338649,0.5570019246,0,0.5535405872,False
10013,0,0.3293363493,0.439818181,0,0.2023134117,0.5570019246,0,0.6539052005,False
10014,1,0.7070618183,0.439818181,1,0.8546425803,0.5570019246,1,,False
10015,0,0.2708522634,0.439818181,0,0.1968742271,0.5570019246,0,0.5411629246,False
10016,0,0.148490708,0.439818181,0,0.1110868849,0.5570019246,0,0.3253694109,False
10017,1,0.602605898,0.439818181,1,0.8732904798,0.5570019246,1,,False
10018,0,0.2299543417,0.439818181,0,0.2081174721,0.5570019246,0,0.4644981769,False
10019,0,0.3632245229,0.439818181,0,0.1557764702,0.5570019246,0,0.7149299559,False
10020,0,0.1448335865,0.439818181,0,0.1044497482,0.5570019246,0,0.3193245059,False
10021,0,0.2518245846,0.439818181,0,0.1883121615,0.5570019246,0,0.5061408559,False
10022,0,0.4483089589,0.439818181,1,0.2927789871,0.5570019246,0,0.8405296488,False
10023,0,0.3797821998,0.439818181,0,0.716755031,0.5570019246,1,0.7464977931,False
10024,1,0.528664447,0.439818181,1,0.4016169242,0.5570019246,0,,False
10025,1,0.6924368746,0.439818181,1,0.9005772596,0.5570019246,1,,False
10026,0,0.0821231435,0.439818181,0,0.5020334449,0.5570019246,0,0.216369219,False
10027,0,0.3599970781,0.439818181,0,0.6087906672,0.5570019246,1,0.7088850509,False
10028,0,0.04017239189,0.439818181,0,0.04209759852,0.5570019246,0,0.1351947803,False
10029,0,0.04618674703,0.439818181,0,0.07000722304,0.5570019246,0,0.1472845903,False
10030,0,0.3575191501,0.439818181,0,0.222070888,0.5570019246,0,0.7041834581,False
10031,0,0.335341311,0.439818181,0,0.3323628016,0.5570019246,0,0.6647476492,False
10032,1,0.8041765027,0.439818181,1,0.8643546739,0.5570019246,1,,False
10033,0,0.4844591047,0.439818181,1,0.6616608818,0.5570019246,1,0.8799654577,False
10034,0,0.4398824282,0.439818181,1,0.317508502,0.5570019246,0,0.8289195932,False
10035,1,0.8033192743,0.439818181,1,0.8496619574,0.5570019246,1,,False
10036,0,0.7263585619,0.439818181,1,0.497841748,0.5570019246,0,0.9964498177,True
10037,0,0.6433872001,0.439818181,1,0.4685496984,0.5570019246,0,0.9767798887,True
10038,0,0.008097218324,0.439818181,0,0.00725380861,0.5570019246,0,0.04005948954,False
10039,1,0.7690358341,0.439818181,1,0.918275859,0.5570019246,1,,False
10040,0,0.3337921811,0.439818181,0,0.1335832425,0.5570019246,0,0.6615812704,False
10041,1,0.7842747051,0.439818181,1,0.5916559609,0.5570019246,1,,False
10042,0,0.1736138887,0.439818181,0,0.09060679747,0.5570019246,0,0.3669161389,False
10043,0,0.6039976423,0.439818181,1,0.4088915587,0.5570019246,0,0.9644022261,True
10044,0,0.2164692558,0.439818181,0,0.05431541137,0.5570019246,0,0.4420456726,False
10045,0,0.3584199471,0.439818181,0,0.5047514623,0.5570019246,0,0.7059105738,False
10046,0,0.09248575478,0.439818181,0,0.04352629504,0.5570019246,0,0.234503934,False
10047,1,0.8097344733,0.439818181,1,0.7193334275,0.5570019246,1,,False
10048,1,0.4106724415,0.439818181,0,0.7805353509,0.5570019246,1,,False
10049,0,0.4159368021,0.439818181,0,0.6801995756,0.5570019246,1,0.7989829207,False
10050,1,0.6108681255,0.439818181,1,0.5144493754,0.5570019246,0,,False
10051,0,0.2440825054,0.439818181,0,0.1964480963,0.5570019246,0,0.4925158319,False
10052,0,0.1370029302,0.439818181,0,0.05986738167,0.5570019246,0,0.3070427941,False
10053,0,0.3657481354,0.439818181,0,0.4093760481,0.5570019246,0,0.7195355978,False
10054,1,0.7250453991,0.439818181,1,0.915299155,0.5570019246,1,,False
10055,0,0.1487172408,0.439818181,0,0.1067808241,0.5570019246,0,0.3259451161,False
10056,0,0.1639644798,0.439818181,0,0.1304771631,0.5570019246,0,0.350220687,False
10057,0,0.299566248,0.439818181,0,0.1650475868,0.5570019246,0,0.5979658415,False
10058,0,0.5514958139,0.439818181,1,0.702733083,0.5570019246,1,0.9353291115,True
10059,0,0.6454006025,0.439818181,1,0.4392752445,0.5570019246,0,0.9774515448,True
10060,0,0.290699814,0.439818181,0,0.147535719,0.5570019246,0,0.5781999616,False
10061,0,0.01191443995,0.439818181,0,0.01064148797,0.5570019246,0,0.05661101516,False
10062,0,0.01885625603,0.439818181,0,0.02505552397,0.5570019246,0,0.08079063519,False
10063,0,0.6066585101,0.439818181,1,0.2402552134,0.5570019246,0,0.9650738822,True
10064,1,0.5711087454,0.439818181,1,0.8740510709,0.5570019246,1,,False
10065,0,0.7820398584,0.439818181,1,0.262853809,0.5570019246,0,0.9998080983,True
10066,0,0.1192085115,0.439818181,0,0.03678966855,0.5570019246,0,0.27912109,False
10067,1,0.8144519394,0.439818181,1,0.8387758817,0.5570019246,1,,False
10068,0,0.3994862422,0.439818181,0,0.6657971392,0.5570019246,1,0.7762425638,False
10069,0,0.3391942518,0.439818181,0,0.1956206456,0.5570019246,0,0.6717520629,False
10070,0,0.1694505511,0.439818181,0,0.09142191739,0.5570019246,0,0.3600076761,False
10071,0,0.4088051112,0.439818181,0,0.6236328215,0.5570019246,1,0.789675686,False
10072,0,0.2348194117,0.439818181,0,0.2084284395,0.5570019246,0,0.4747649204,False
10073,1,0.7532422022,0.439818181,1,0.8880224189,0.5570019246,1,,False
10074,0,0.6018234483,0.439818181,1,0.4421118835,0.5570019246,0,0.9633467665,True
10075,0,0.01289448225,0.439818181,0,0.01031343973,0.5570019246,0,0.0596814431,False
10076,0,0.6517686559,0.439818181,1,0.2928242306,0.5570019246,0,0.9797543658,True
10077,0,0.4239330059,0.439818181,0,0.3649702393,0.5570019246,0,0.8099213203,False
10078,0,0.2403570513,0.439818181,0,0.3365764013,0.5570019246,0,0.4857033199,False
10079,0,0.5861442143,0.439818181,1,0.2108737845,0.5570019246,0,0.9563423527,True
10080,0,0.260968341,0.439818181,0,0.195719274,0.5570019246,0,0.5238917674,False
10081,0,0.4469553486,0.439818181,1,0.1657627779,0.5570019246,0,0.8386106314,False
10082,1,0.7060975783,0.439818181,1,0.4633251245,0.5570019246,0,,False
10083,1,0.668320578,0.439818181,1,0.7891937305,0.5570019246,1,,False
10084,0,0.2238086577,0.439818181,0,0.2102069236,0.5570019246,0,0.4541354826,False
10085,0,0.4134762287,0.439818181,0,0.202686492,0.5570019246,0,0.7953367876,False
10086,0,0.3241563882,0.439818181,0,0.2888315451,0.5570019246,0,0.6440222606,False
10087,0,0.05176859172,0.439818181,0,0.06717475101,0.5570019246,0,0.1585108424,False
10088,0,0.645428389,0.439818181,1,0.7167594606,0.5570019246,1,0.9775474957,True
10089,0,0.1059686401,0.439818181,0,0.04785676856,0.5570019246,0,0.2558050278,False
10090,0,0.6460992976,0.439818181,1,0.698782245,0.5570019246,1,0.9779312992,True
10091,0,0.4976261694,0.439818181,1,0.1740968773,0.5570019246,0,0.8926309729,False
10092,0,0.1803549573,0.439818181,0,0.1007673095,0.5570019246,0,0.3789099981,False
10093,0,0.0241477486,0.439818181,0,0.009488392205,0.5570019246,0,0.09566302053,False
10094,0,0.03686703042,0.439818181,0,0.04965139463,0.5570019246,0,0.1280944157,False
10095,0,0.3213613672,0.439818181,0,0.111003814,0.5570019246,0,0.6393206678,False
10096,0,0.2279693221,0.439818181,0,0.1695090657,0.5570019246,0,0.460660142,False
10097,0,0.3609239484,0.439818181,0,0.1844233488,0.5570019246,0,0.7105162157,False
10098,1,0.7756154833,0.439818181,1,0.948464718,0.5570019246,1,,False
10099,0,0.1585790989,0.439818181,0,0.07086645161,0.5570019246,0,0.3412013049,False
10100,0,0.4417423398,0.439818181,1,0.1581292659,0.5570019246,0,0.8321819229,False
10101,0,0.3541463463,0.439818181,0,0.1070682712,0.5570019246,0,0.6969871426,False
10102,0,0.4450716622,0.439818181,1,0.2431730637,0.5570019246,0,0.8364037613,False
10103,0,0.5371280766,0.439818181,1,0.3721656971,0.5570019246,0,0.9254461716,True
10104,1,0.6259487745,0.439818181,1,0.6156500769,0.5570019246,1,,False
10105,0,0.5826665769,0.439818181,1,0.3405346176,0.5570019246,0,0.9547111879,True
10106,0,0.3722978604,0.439818181,0,0.5215611634,0.5570019246,0,0.7324889656,False
10107,1,0.7705828368,0.439818181,1,0.5949789635,0.5570019246,1,,False
10108,0,0.4750441496,0.439818181,1,0.2513777623,0.5570019246,0,0.8705622721,False
10109,0,0.2411156067,0.439818181,0,0.1701059984,0.5570019246,0,0.487142583,False
10110,0,0.1812593919,0.439818181,0,0.08110808402,0.5570019246,0,0.3803492612,False
10111,0,0.4939994235,0.439818181,1,0.3336687359,0.5570019246,0,0.8883131836,False
10112,0,0.2746511433,0.439818181,0,0.2540715633,0.5570019246,0,0.5478794857,False
10113,0,0.01574349184,0.439818181,0,0.01178962252,0.5570019246,0,0.06927653042,False
10114,0,0.5839893829,0.439818181,1,0.6909302254,0.5570019246,1,0.9554787949,True
10115,0,0.2141156983,0.439818181,0,0.1865982634,0.5570019246,0,0.4379197851,False
10116,0,0.05532159968,0.439818181,0,0.06035022134,0.5570019246,0,0.1647956246,False
10117,0,0.2109214986,0.439818181,0,0.195322501,0.5570019246,0,0.4332181923,False
10118,0,0.2861362294,0.439818181,0,0.157382843,0.5570019246,0,0.5694684322,False
10119,0,0.4377053373,0.439818181,0,0.2061485277,0.5570019246,0,0.8262329687,False
10120,0,0.328732623,0.439818181,0,0.5079189931,0.5570019246,0,0.6520821339,False
10121,0,0.3806463744,0.439818181,0,0.1485517547,0.5570019246,0,0.7480330071,False
10122,0,0.3303695461,0.439818181,0,0.1859810212,0.5570019246,0,0.655056611,False
10123,1,0.5919021045,0.439818181,1,0.7727335463,0.5570019246,1,,False
10124,0,0.1829464629,0.439818181,0,0.08434855634,0.5570019246,0,0.3833237382,False
10125,0,0.1545213796,0.439818181,0,0.1407871016,0.5570019246,0,0.3346766456,False
10126,0,0.1376948958,0.439818181,0,0.07978409449,0.5570019246,0,0.3081942046,False
10127,0,0.1877394675,0.439818181,0,0.08758602148,0.5570019246,0,0.391095759,False
10128,0,0.2335545446,0.439818181,0,0.06283680765,0.5570019246,0,0.4718863942,False
10129,0,0.3583566863,0.439818181,0,0.1089301618,0.5570019246,0,0.705718672,False
10130,0,0.3783115577,0.439818181,0,0.1107678483,0.5570019246,0,0.7435233161,False
10131,1,0.6546431479,0.439818181,1,0.88401176,0.5570019246,1,,False
10132,1,0.728243221,0.439818181,1,0.8701812028,0.5570019246,1,,False
10133,0,0.1544779685,0.439818181,0,0.05565870531,0.5570019246,0,0.3345806947,False
10134,1,0.7111300581,0.439818181,1,0.8054068506,0.5570019246,1,,False
10135,0,0.529889922,0.439818181,1,0.5122101817,0.5570019246,0,0.9200729227,True
10136,0,0.6405759574,0.439818181,1,0.5214710375,0.5570019246,0,0.97582038,True
10137,0,0.26354959,0.439818181,0,0.2225852317,0.5570019246,0,0.5297447707,False
10138,1,0.7459100705,0.439818181,1,0.8006153239,0.5570019246,1,,False
10139,0,0.2204885872,0.439818181,0,0.1017893481,0.5570019246,0,0.4481865285,False
10140,1,0.8034628688,0.439818181,1,0.8674720534,0.5570019246,1,,False
10141,0,0.4027647511,0.439818181,0,0.266906621,0.5570019246,0,0.7817117636,False
10142,0,0.2353061611,0.439818181,0,0.1362367365,0.5570019246,0,0.4755325273,False
10143,0,0.3401413064,0.439818181,0,0.2014722489,0.5570019246,0,0.6740548839,False
10144,0,0.2305379166,0.439818181,0,0.1453793259,0.5570019246,0,0.4656495874,False
10145,0,0.3399263607,0.439818181,0,0.1410861882,0.5570019246,0,0.673191326,False
10146,0,0.3999831577,0.439818181,0,0.1312573546,0.5570019246,0,0.7776818269,False
10147,0,0.08033857088,0.439818181,0,0.0683789324,0.5570019246,0,0.213298791,False
10148,0,0.517228899,0.439818181,1,0.2552697216,0.5570019246,0,0.9101899827,True
10149,0,0.6562785949,0.439818181,1,0.247132924,0.5570019246,0,0.9816733832,True
10150,0,0.3059983687,0.439818181,0,0.1733492903,0.5570019246,0,0.6090961428,False
10151,0,0.5330463654,0.439818181,1,0.3132806981,0.5570019246,0,0.9223757436,True
10152,0,0.2873340752,0.439818181,0,0.1269852697,0.5570019246,0,0.5713874496,False
10153,0,0.372595485,0.439818181,0,0.2103512209,0.5570019246,0,0.7330646709,False
10154,0,0.5534002489,0.439818181,1,0.4195698626,0.5570019246,0,0.9371521781,True
10155,0,0.3720611935,0.439818181,0,0.1734763753,0.5570019246,0,0.7318173095,False
10156,0,0.4585955947,0.439818181,1,0.2942547911,0.5570019246,0,0.8526194588,False
10157,0,0.05913503599,0.439818181,0,0.03754619197,0.5570019246,0,0.1746305891,False
10158,1,0.6762909566,0.439818181,1,0.8498758914,0.5570019246,1,,False
10159,0,0.3873254205,0.439818181,0,0.173399377,0.5570019246,0,0.7555171752,False
10160,1,0.7987435491,0.439818181,1,0.8593188535,0.5570019246,1,,False
10161,0,0.5086343355,0.439818181,1,0.141663856,0.5570019246,0,0.9032815199,True
10162,1,0.5371940207,0.439818181,1,0.5418367934,0.5570019246,0,,False
10163,0,0.1765199162,0.439818181,0,0.06998339855,0.5570019246,0,0.3712339282,False
10164,1,0.7748617208,0.439818181,1,0.5816428127,0.5570019246,1,,False
10165,1,0.7576728435,0.439818181,1,0.8234471651,0.5570019246,1,,False
10166,0,0.07469284226,0.439818181,0,0.07772493245,0.5570019246,0,0.203511802,False
10167,0,0.002724630192,0.439818181,0,0.00159920983,0.5570019246,0,0.01400882748,False
10168,0,0.4155554615,0.439818181,0,0.2206363016,0.5570019246,0,0.7983112646,False
10169,0,0.29763694,0.439818181,0,0.3927054918,0.5570019246,0,0.5932642487,False
10170,0,0.3643105646,0.439818181,0,0.1689143625,0.5570019246,0,0.7175206294,False
10171,1,0.74755942,0.439818181,1,0.718391509,0.5570019246,1,,False
10172,0,0.3919823931,0.439818181,0,0.3178076502,0.5570019246,0,0.7642487047,False
10173,1,0.7113837403,0.439818181,1,0.8339498306,0.5570019246,1,,False
10174,1,0.6068040662,0.439818181,1,0.5063927133,0.5570019246,0,,False
10175,0,0.4827949552,0.439818181,1,0.1042697119,0.5570019246,0,0.8786221455,False
10176,0,0.3929650943,0.439818181,0,0.3826409591,0.5570019246,0,0.7660717713,False
10177,1,0.8655241877,0.439818181,1,0.720456572,0.5570019246,1,,False
10178,1,0.8116859177,0.439818181,1,0.9333047454,0.5570019246,1,,False
10179,0,0.1507310622,0.439818181,0,0.09868283853,0.5570019246,0,0.3293033967,False
10180,0,0.3946340175,0.439818181,0,0.2603934472,0.5570019246,0,0.7688543466,False
10181,0,0.4693712564,0.439818181,1,0.2607290077,0.5570019246,0,0.8645173671,False
10182,0,0.3374106847,0.439818181,0,0.1633681932,0.5570019246,0,0.6682978315,False
10183,1,0.7128169994,0.439818181,1,0.5508395159,0.5570019246,0,,False
10184,0,0.2830761603,0.439818181,0,0.3053912869,0.5570019246,0,0.5639992324,False
10185,0,0.51105041,0.439818181,1,0.2768251995,0.5570019246,0,0.9052964882,True
10186,0,0.4540529828,0.439818181,1,0.3120690461,0.5570019246,0,0.8477259643,False
10187,0,0.6001386752,0.439818181,1,0.7936467086,0.5570019246,1,0.962195356,True
10188,0,0.2021170914,0.439818181,0,0.1812636638,0.5570019246,0,0.4179620035,False
10189,0,0.4106913757,0.439818181,0,0.2164352394,0.5570019246,0,0.7925542122,False
10190,0,0.5477425243,0.439818181,1,0.1972215417,0.5570019246,0,0.9330262905,True
10191,0,0.4548492308,0.439818181,1,0.3250841461,0.5570019246,0,0.8488773748,False
10192,1,0.8041068844,0.439818181,1,0.946680737,0.5570019246,1,,False
10193,0,0.04407818643,0.439818181,0,0.04636682723,0.5570019246,0,0.1428708501,False
10194,0,0.3564378048,0.439818181,0,0.5570267312,0.5570019246,1,0.7015927845,False
10195,0,0.4061453103,0.439818181,0,0.2226889471,0.5570019246,0,0.7856457494,False
10196,1,0.8110730656,0.439818181,1,0.8799438493,0.5570019246,1,,False
10197,0,0.5074875716,0.439818181,1,0.1994999721,0.5570019246,0,0.9017463059,True
10198,1,0.7786200844,0.439818181,1,0.8343424118,0.5570019246,1,,False
10199,1,0.8694906393,0.439818181,1,0.9203542441,0.5570019246,1,,False
10200,0,0.4042900141,0.439818181,0,0.3040365358,0.5570019246,0,0.7838226828,False
10201,0,0.5417891946,0.439818181,1,0.2695035664,0.5570019246,0,0.9289963539,True
10202,0,0.2423615904,0.439818181,0,0.1766985644,0.5570019246,0,0.4898292074,False
10203,0,0.6938671519,0.439818181,1,0.4292947364,0.5570019246,0,0.9910765688,True
10204,1,0.4909893347,0.439818181,1,0.4814332805,0.5570019246,0,,False
10205,0,0.6523347479,0.439818181,1,0.4251104507,0.5570019246,0,0.9798503166,True
10206,1,0.8376925461,0.439818181,1,0.8955948459,0.5570019246,1,,False
10207,0,0.5508088856,0.439818181,1,0.2830321066,0.5570019246,0,0.9347534063,True
10208,0,0.5614439693,0.439818181,1,0.3484758375,0.5570019246,0,0.9423335252,True
10209,0,0.3044119207,0.439818181,0,0.1979414502,0.5570019246,0,0.6057378622,False
10210,0,0.04456708307,0.439818181,0,0.05442713287,0.5570019246,0,0.1438303589,False
10211,0,0.2532016777,0.439818181,0,0.1759994016,0.5570019246,0,0.5087315295,False
10212,0,0.3781310535,0.439818181,0,0.1865566139,0.5570019246,0,0.7432354634,False
10213,0,0.2990987268,0.439818181,0,0.1607220549,0.5570019246,0,0.5966225293,False
10214,0,0.3965508061,0.439818181,0,0.3223293745,0.5570019246,0,0.7713490693,False
10215,0,0.3547792094,0.439818181,0,0.2285594591,0.5570019246,0,0.6984264057,False
10216,0,0.1950273007,0.439818181,0,0.2006723387,0.5570019246,0,0.4048167338,False
10217,0,0.3437032439,0.439818181,0,0.29281826,0.5570019246,0,0.6803876415,False
10218,0,0.1547770477,0.439818181,0,0.1316039477,0.5570019246,0,0.3349644982,False
10219,1,0.4731470382,0.439818181,1,0.3746108914,0.5570019246,0,,False
10220,0,0.200794905,0.439818181,0,0.07826914167,0.5570019246,0,0.4153713299,False
10221,0,0.5537806931,0.439818181,1,0.2778085676,0.5570019246,0,0.9378238342,True
10222,1,0.7366571534,0.439818181,1,0.8417835592,0.5570019246,1,,False
10223,0,0.0141936639,0.439818181,0,0.01706046807,0.5570019246,0,0.06395125696,False
10224,0,0.5623814904,0.439818181,1,0.1992075183,0.5570019246,0,0.943293034,True
10225,0,0.1696923194,0.439818181,0,0.06527763252,0.5570019246,0,0.3602955287,False
10226,0,0.29519306,0.439818181,0,0.3150050774,0.5570019246,0,0.5878909998,False
10227,1,0.5139965956,0.439818181,1,0.498219631,0.5570019246,0,,False
10228,0,0.5032680251,0.439818181,1,0.3073743058,0.5570019246,0,0.8985799271,False
10229,0,0.6305470935,0.439818181,1,0.7212637895,0.5570019246,1,0.9728459029,True
10230,0,0.4009422505,0.439818181,0,0.2363442899,0.5570019246,0,0.7787372865,False
10231,1,0.6160455088,0.439818181,1,0.5350894144,0.5570019246,0,,False
10232,0,0.08815742438,0.439818181,0,0.1128792131,0.5570019246,0,0.2258683554,False
10233,0,0.3488412615,0.439818181,0,0.1962920419,0.5570019246,0,0.6896948762,False
10234,0,0.359498862,0.439818181,0,0.1349178872,0.5570019246,0,0.7077336404,False
10235,0,0.1934037379,0.439818181,0,0.1183157379,0.5570019246,0,0.4015544041,False
10236,0,0.3143138554,0.439818181,0,0.2028419645,0.5570019246,0,0.6253118403,False
10237,0,0.0757349355,0.439818181,0,0.07028575945,0.5570019246,0,0.2051429668,False
10238,0,0.2648265608,0.439818181,0,0.1562587295,0.5570019246,0,0.5319516408,False
10239,1,0.7560913476,0.439818181,1,0.8235757178,0.5570019246,1,,False
10240,0,0.01889518313,0.439818181,0,0.01830718387,0.5570019246,0,0.08098253694,False
10241,1,0.5551820093,0.439818181,1,0.5360609591,0.5570019246,0,,False
10242,1,0.6795800397,0.439818181,1,0.873766632,0.5570019246,1,,False
10243,0,0.4804904331,0.439818181,1,0.3915983237,0.5570019246,0,0.8767990789,False
10244,0,0.05481002733,0.439818181,0,0.06309285829,0.5570019246,0,0.1632124352,False
10245,0,0.6669976001,0.439818181,1,0.6054795091,0.5570019246,1,0.9844559585,True
10246,0,0.2968357154,0.439818181,0,0.4504705792,0.5570019246,0,0.5914411821,False
10247,0,0.1494763078,0.439818181,0,0.1038046528,0.5570019246,0,0.3272884283,False
10248,1,0.7344297868,0.439818181,1,0.9141659021,0.5570019246,1,,False
10249,0,0.726264725,0.439818181,1,0.2700735326,0.5570019246,0,0.9963538668,True
10250,0,0.08882359514,0.439818181,0,0.05364106959,0.5570019246,0,0.2272116676,False
10251,0,0.03999442008,0.439818181,0,0.04449980175,0.5570019246,0,0.1348109768,False
10252,1,0.8026400765,0.439818181,1,0.8347313797,0.5570019246,1,,False
10253,0,0.6954961832,0.439818181,1,0.4226662607,0.5570019246,0,0.9913644214,True
10254,0,0.3678438408,0.439818181,0,0.2291333183,0.5570019246,0,0.7240452888,False
10255,0,0.6994715059,0.439818181,1,0.5239368067,0.5570019246,0,0.9922279793,True
10256,1,0.5692790108,0.439818181,1,0.5533878113,0.5570019246,0,,False
10257,0,0.5427919254,0.439818181,1,0.3010227243,0.5570019246,0,0.9293801574,True
10258,0,0.253463437,0.439818181,0,0.06068277528,0.5570019246,0,0.5093072347,False
10259,0,0.4858461574,0.439818181,1,0.8490071394,0.5570019246,1,0.8814047208,False
10260,0,0.3366842927,0.439818181,0,0.251162499,0.5570019246,0,0.6672423719,False
10261,0,0.1549473349,0.439818181,0,0.06316629107,0.5570019246,0,0.3352523508,False
10262,0,0.08333622387,0.439818181,0,0.08701228553,0.5570019246,0,0.2180963347,False
10263,1,0.6093925833,0.439818181,1,0.8338097588,0.5570019246,1,,False
10264,1,0.8460134964,0.439818181,1,0.7367195203,0.5570019246,1,,False
10265,1,0.5477753917,0.439818181,1,0.4418345874,0.5570019246,0,,False
10266,0,0.4954139532,0.439818181,1,0.38586149,0.5570019246,0,0.8901362502,False
10267,0,0.2880093301,0.439818181,0,0.1600059249,0.5570019246,0,0.5724429092,False
10268,0,0.3899037939,0.439818181,0,0.06797885331,0.5570019246,0,0.7606985224,False
10269,1,0.6056679935,0.439818181,1,0.8412996475,0.5570019246,1,,False
10270,0,0.03918378949,0.439818181,0,0.03982506507,0.5570019246,0,0.1330358856,False
10271,0,0.07357991665,0.439818181,0,0.02877312203,0.5570019246,0,0.2009211284,False
10272,0,0.5052148728,0.439818181,1,0.349794238,0.5570019246,0,0.900115141,True
10273,0,0.3481204178,0.439818181,0,0.2794508474,0.5570019246,0,0.6886394166,False
10274,0,0.4504524882,0.439818181,1,0.2888654036,0.5570019246,0,0.8432162733,False
10275,0,0.4888198347,0.439818181,1,0.6364684493,0.5570019246,1,0.8839953944,False
10276,0,0.02184368831,0.439818181,0,0.008276843748,0.5570019246,0,0.0897140664,False
10277,0,0.08347037381,0.439818181,0,0.03756891561,0.5570019246,0,0.218576089,False
10278,0,0.3283951372,0.439818181,0,0.5996334281,0.5570019246,1,0.6516983305,False
10279,0,0.2429470631,0.439818181,0,0.1600394837,0.5570019246,0,0.4910765688,False
10280,0,0.201857494,0.439818181,0,0.05524249398,0.5570019246,0,0.4175782,False
10281,1,0.8088296105,0.439818181,1,0.8539673116,0.5570019246,1,,False
10282,0,0.2949859968,0.439818181,0,0.2536749394,0.5570019246,0,0.5874112454,False
10283,0,0.07657159545,0.439818181,0,0.0419193349,0.5570019246,0,0.206486279,False
10284,0,0.01147397577,0.439818181,0,0.009150310733,0.5570019246,0,0.05488389944,False
10285,1,0.7040416072,0.439818181,1,0.8054300472,0.5570019246,1,,False
10286,1,0.8133237229,0.439818181,1,0.9216081591,0.5570019246,1,,False
10287,0,0.1916214067,0.439818181,0,0.08999476426,0.5570019246,0,0.3977163692,False
10288,0,0.320188352,0.439818181,0,0.2344945779,0.5570019246,0,0.6368259451,False
10289,1,0.7653678694,0.439818181,1,0.8773172624,0.5570019246,1,,False
10290,0,0.2384678156,0.439818181,0,0.06875365876,0.5570019246,0,0.4819612358,False
10291,0,0.1954125225,0.439818181,0,0.1620383027,0.5570019246,0,0.4054883899,False
10292,0,0.08183761258,0.439818181,0,0.03398112374,0.5570019246,0,0.2159854155,False
10293,0,0.2805496379,0.439818181,0,0.1841322042,0.5570019246,0,0.5595854922,False
10294,0,0.3853597749,0.439818181,0,0.2567927748,0.5570019246,0,0.7535022069,False
10295,1,0.8208726341,0.439818181,1,0.8508218088,0.5570019246,1,,False
10296,0,0.2093331452,0.439818181,0,0.1550346691,0.5570019246,0,0.4303396661,False
10297,1,0.7920820129,0.439818181,1,0.8559915351,0.5570019246,1,,False
10298,1,0.7895819928,0.439818181,1,0.6063192035,0.5570019246,1,,False
10299,1,0.6211173786,0.439818181,1,0.8325663044,0.5570019246,1,,False
10300,0,0.165205775,0.439818181,0,0.1096167369,0.5570019246,0,0.3523316062,False
10301,0,0.3040626538,0.439818181,0,0.5515734934,0.5570019246,0,0.6044905009,False
10302,0,0.7204787046,0.439818181,1,0.5143296066,0.5570019246,0,0.9955862598,True
10303,0,0.3315116012,0.439818181,0,0.1875893395,0.5570019246,0,0.6572634811,False
10304,1,0.8086566727,0.439818181,1,0.9003004345,0.5570019246,1,,False
10305,0,0.5442005358,0.439818181,1,0.3822123049,0.5570019246,0,0.930435617,True
10306,0,0.6439036856,0.439818181,1,0.2501798978,0.5570019246,0,0.9769717904,True
10307,0,0.304156661,0.439818181,0,0.2201675855,0.5570019246,0,0.6049702552,False
10308,0,0.3721561282,0.439818181,0,0.2286310545,0.5570019246,0,0.7321051622,False
10309,0,0.7044606316,0.439818181,1,0.4242189227,0.5570019246,0,0.9928996354,True
10310,0,0.3052917154,0.439818181,0,0.1335478639,0.5570019246,0,0.6079447323,False
10311,0,0.3342967516,0.439818181,0,0.2425779603,0.5570019246,0,0.6627326809,False
10312,0,0.5578950706,0.439818181,1,0.4804036701,0.5570019246,0,0.9404145078,True
10313,0,0.193945455,0.439818181,0,0.1144532532,0.5570019246,0,0.4026098637,False
10314,0,0.6573351801,0.439818181,1,0.6831159281,0.5570019246,1,0.9820571867,True
10315,0,0.2473576001,0.439818181,0,0.1745073635,0.5570019246,0,0.4988485895,False
10316,0,0.5105040466,0.439818181,1,0.1946041833,0.5570019246,0,0.9045288812,True
10317,0,0.1969945498,0.439818181,0,0.1788900419,0.5570019246,0,0.4083669161,False
10318,0,0.493981449,0.439818181,1,0.4300636339,0.5570019246,0,0.8881212819,False
10319,1,0.7778792316,0.439818181,1,0.8245327399,0.5570019246,1,,False
10320,0,0.4070295034,0.439818181,0,0.207984566,0.5570019246,0,0.7867971599,False
10321,0,0.2228240157,0.439818181,0,0.2081866821,0.5570019246,0,0.4525043178,False
10322,0,0.6120629464,0.439818181,1,0.3328223413,0.5570019246,0,0.9678564575,True
10323,0,0.2468685425,0.439818181,0,0.08061698878,0.5570019246,0,0.4978890808,False
10324,0,0.2539293024,0.439818181,0,0.4500257355,0.5570019246,0,0.510554596,False
10325,0,0.434209207,0.439818181,0,0.1521923964,0.5570019246,0,0.8220111303,False
10326,0,0.1968687179,0.439818181,0,0.09512023248,0.5570019246,0,0.4080790635,False
10327,0,0.4988704745,0.439818181,1,0.2320322446,0.5570019246,0,0.894070236,False
10328,0,0.4855210001,0.439818181,1,0.6496695631,0.5570019246,1,0.8810209173,False
10329,1,0.5506604641,0.439818181,1,0.4852079296,0.5570019246,0,,False
10330,0,0.5652754912,0.439818181,1,0.3882448494,0.5570019246,0,0.9453080023,True
10331,0,0.2132622386,0.439818181,0,0.1411638366,0.5570019246,0,0.4363845711,False
10332,0,0.1792017854,0.439818181,0,0.0969746215,0.5570019246,0,0.3770869315,False
10333,0,0.244226421,0.439818181,0,0.1686555793,0.5570019246,0,0.4928996354,False
10334,1,0.7692438809,0.439818181,1,0.5656725879,0.5570019246,1,,False
10335,0,0.3974325735,0.439818181,0,0.2240367299,0.5570019246,0,0.7724045289,False
10336,0,0.229202628,0.439818181,0,0.1377587395,0.5570019246,0,0.462962963,False
10337,0,0.1646622986,0.439818181,0,0.111316209,0.5570019246,0,0.3515639992,False
10338,0,0.1199641199,0.439818181,0,0.1176580558,0.5570019246,0,0.2799846479,False
10339,1,0.7861586403,0.439818181,1,0.9262058747,0.5570019246,1,,False
10340,1,0.6593590442,0.439818181,1,0.7889744894,0.5570019246,1,,False
10341,1,0.6450801794,0.439818181,1,0.6341166145,0.5570019246,1,,False
10342,0,0.007049764881,0.439818181,0,0.006232876749,0.5570019246,0,0.03626943005,False
10343,0,0.5281522749,0.439818181,1,0.3103479951,0.5570019246,0,0.9188255613,True
10344,0,0.09723323859,0.439818181,0,0.09653805511,0.5570019246,0,0.241316446,False
10345,0,0.4806867548,0.439818181,1,0.2405685809,0.5570019246,0,0.8770869315,False
10346,0,0.5320095967,0.439818181,1,0.27183112,0.5570019246,0,0.9218000384,True
10347,0,0.2818129888,0.439818181,0,0.1156918266,0.5570019246,0,0.5615045097,False
10348,0,0.2840602984,0.439818181,0,0.2664187676,0.5570019246,0,0.565822299,False
10349,0,0.3158923748,0.439818181,0,0.2365384119,0.5570019246,0,0.6289579735,False
10350,1,0.7564651296,0.439818181,1,0.9241826955,0.5570019246,1,,False
10351,1,0.7202988012,0.439818181,1,0.7793916406,0.5570019246,1,,False
10352,1,0.6451480746,0.439818181,1,0.8089555318,0.5570019246,1,,False
10353,1,0.6081776709,0.439818181,1,0.6892696956,0.5570019246,1,,False
10354,0,0.1426004697,0.439818181,0,0.0897105133,0.5570019246,0,0.3155824218,False
10355,1,0.6124324976,0.439818181,1,0.7947203814,0.5570019246,1,,False
10356,0,0.23056577,0.439818181,0,0.1359611008,0.5570019246,0,0.4657455383,False
10357,0,0.1774158924,0.439818181,0,0.07992255125,0.5570019246,0,0.3728650931,False
10358,0,0.6790059891,0.439818181,1,0.3849420136,0.5570019246,0,0.9880061409,True
10359,0,0.2822210152,0.439818181,0,0.2251615474,0.5570019246,0,0.5625599693,False
10360,0,0.0834062231,0.439818181,0,0.03863547498,0.5570019246,0,0.2183841873,False
10361,0,0.6531260529,0.439818181,1,0.6940242541,0.5570019246,1,0.9802341201,True
10362,0,0.5066695829,0.439818181,1,0.1986943316,0.5570019246,0,0.9010746498,True
10363,1,0.8309404811,0.439818181,1,0.8396727611,0.5570019246,1,,False
10364,1,0.5887393959,0.439818181,1,0.6150491769,0.5570019246,1,,False
10365,1,0.7187405682,0.439818181,1,0.8188273663,0.5570019246,1,,False
10366,0,0.4126442615,0.439818181,0,0.5195025322,0.5570019246,0,0.7945691806,False
10367,0,0.4999861804,0.439818181,1,0.2445093212,0.5570019246,0,0.8952216465,False
10368,0,0.69836372,0.439818181,1,0.7230642109,0.5570019246,1,0.9919401267,True
10369,0,0.06043969603,0.439818181,0,0.04359179324,0.5570019246,0,0.1772212627,False
10370,1,0.7757111534,0.439818181,1,0.9255547343,0.5570019246,1,,False
10371,1,0.4929321499,0.439818181,1,0.4116213573,0.5570019246,0,,False
10372,0,0.135254795,0.439818181,0,0.08761552163,0.5570019246,0,0.304835924,False
10373,0,0.7501942217,0.439818181,1,0.5384581815,0.5570019246,0,0.998464786,True
10374,0,0.4521890954,0.439818181,1,0.1968869179,0.5570019246,0,0.8453271925,False
10375,0,0.3511089873,0.439818181,0,0.1775614119,0.5570019246,0,0.6926693533,False
10376,0,0.007805815859,0.439818181,0,0.0008829825731,0.5570019246,0,0.03905200537,False
10377,0,0.3294704454,0.439818181,0,0.1433351416,0.5570019246,0,0.6540971023,False
10378,0,0.2726148178,0.439818181,0,0.122686903,0.5570019246,0,0.543849549,False
10379,0,0.4649652361,0.439818181,1,0.136583615,0.5570019246,0,0.858568413,False
10380,0,0.1808904978,0.439818181,0,0.1290418495,0.5570019246,0,0.3795816542,False
10381,0,0.3910802469,0.439818181,0,0.3212928419,0.5570019246,0,0.7628094416,False
10382,1,0.8564811707,0.439818181,1,0.9276927436,0.5570019246,1,,False
10383,0,0.3699788585,0.439818181,0,0.3582347751,0.5570019246,0,0.7271157168,False
10384,1,0.6507866982,0.439818181,1,0.705096183,0.5570019246,1,,False
10385,0,0.361570893,0.439818181,0,0.183466806,0.5570019246,0,0.7123392823,False
10386,1,0.7255108985,0.439818181,1,0.8782104082,0.5570019246,1,,False
10387,0,0.3831790842,0.439818181,0,0.1081720421,0.5570019246,0,0.7506236807,False
10388,1,0.7845781355,0.439818181,1,0.8702032507,0.5570019246,1,,False
10389,0,0.1293197997,0.439818181,0,0.05836923908,0.5570019246,0,0.2950489349,False
10390,0,0.249790776,0.439818181,0,0.1864566716,0.5570019246,0,0.5027825753,False
10391,0,0.4099601743,0.439818181,0,0.2763794098,0.5570019246,0,0.7914028018,False
10392,0,0.2386819698,0.439818181,0,0.1741219797,0.5570019246,0,0.4822490885,False
10393,1,0.7096603511,0.439818181,1,0.7931015332,0.5570019246,1,,False
10394,0,0.2612940801,0.439818181,0,0.1717343588,0.5570019246,0,0.5245634235,False
10395,0,0.4638514164,0.439818181,1,0.2308692664,0.5570019246,0,0.857800806,False
10396,0,0.3959295752,0.439818181,0,0.2137402038,0.5570019246,0,0.7706774132,False
10397,0,0.06605501229,0.439818181,0,0.02559318673,0.5570019246,0,0.1870082518,False
10398,0,0.2732684237,0.439818181,0,0.1841022509,0.5570019246,0,0.5447131069,False
10399,0,0.1521911686,0.439818181,0,0.1091858608,0.5570019246,0,0.331318365,False
10400,1,0.7555236647,0.439818181,1,0.921308031,0.5570019246,1,,False
10401,0,0.2631463578,0.439818181,0,0.172817971,0.5570019246,0,0.5290731146,False
10402,1,0.7680829084,0.439818181,1,0.8641613532,0.5570019246,1,,False
10403,0,0.2191223977,0.439818181,0,0.1597740665,0.5570019246,0,0.4467472654,False
10404,0,0.2001379488,0.439818181,0,0.05342595182,0.5570019246,0,0.4141239685,False
10405,0,0.2123455237,0.439818181,0,0.2305006235,0.5570019246,0,0.4348493571,False
10406,0,0.3939895167,0.439818181,0,0.5610701545,0.5570019246,1,0.7677029361,False
10407,0,0.619458251,0.439818181,1,0.3652204622,0.5570019246,0,0.9696795241,True
10408,0,0.5671817102,0.439818181,1,0.6903069673,0.5570019246,1,0.9464594128,True
10409,0,0.3492212488,0.439818181,0,0.1999453651,0.5570019246,0,0.6902705815,False
10410,1,0.7741555644,0.439818181,1,0.8783114055,0.5570019246,1,,False
10411,0,0.2119661642,0.439818181,0,0.1694136086,0.5570019246,0,0.434177701,False
10412,0,0.4298845453,0.439818181,0,0.3601585383,0.5570019246,0,0.8159662253,False
10413,1,0.7561185394,0.439818181,1,0.8231991554,0.5570019246,1,,False
10414,0,0.1346334327,0.439818181,0,0.07337619197,0.5570019246,0,0.3038764153,False
10415,0,0.5822109988,0.439818181,1,0.715311094,0.5570019246,1,0.954615237,True
10416,0,0.4078421222,0.439818181,0,0.2604499201,0.5570019246,0,0.7877566686,False
10417,0,0.3855888735,0.439818181,0,0.2301493565,0.5570019246,0,0.7537900595,False
10418,0,0.2544017321,0.439818181,0,0.1084992282,0.5570019246,0,0.5114181539,False
10419,0,0.2643378607,0.439818181,0,0.1663505863,0.5570019246,0,0.5310880829,False
10420,0,0.4751294067,0.439818181,1,0.3080980615,0.5570019246,0,0.8707541739,False
10421,1,0.8267061937,0.439818181,1,0.9009831178,0.5570019246,1,,False
10422,0,0.2882946725,0.439818181,0,0.1778722114,0.5570019246,0,0.5727307618,False
10423,0,0.6106884704,0.439818181,1,0.2453879268,0.5570019246,0,0.9666090961,True
10424,0,0.2501642695,0.439818181,0,0.1473238019,0.5570019246,0,0.5035501823,False
10425,1,0.7687695439,0.439818181,1,0.9124269206,0.5570019246,1,,False
10426,0,0.1984255297,0.439818181,0,0.09817160731,0.5570019246,0,0.4099021301,False
10427,0,0.04572370753,0.439818181,0,0.03525885661,0.5570019246,0,0.1464210324,False
10428,1,0.731833443,0.439818181,1,0.8551961835,0.5570019246,1,,False
10429,0,0.5373685464,0.439818181,1,0.3238370622,0.5570019246,0,0.9257340242,True
10430,0,0.2339906226,0.439818181,0,0.09607011667,0.5570019246,0,0.4732297064,False
10431,0,0.6756278747,0.439818181,1,0.7376539759,0.5570019246,1,0.987142583,True
10432,0,0.3799178586,0.439818181,0,0.2937523165,0.5570019246,0,0.7467856457,False
10433,1,0.7830470499,0.439818181,1,0.9174712325,0.5570019246,1,,False
10434,1,0.6442579641,0.439818181,1,0.6280708612,0.5570019246,1,,False
10435,0,0.2147667607,0.439818181,0,0.1795392696,0.5570019246,0,0.4389752447,False
10436,0,0.2958533425,0.439818181,0,0.5738859765,0.5570019246,1,0.5889464594,False
10437,0,0.2014921643,0.439818181,0,0.07392392975,0.5570019246,0,0.4170984456,False
10438,0,0.1880604983,0.439818181,0,0.09979940154,0.5570019246,0,0.3914795625,False
10439,1,0.779020635,0.439818181,1,0.8800990985,0.5570019246,1,,False
10440,1,0.4461969122,0.439818181,1,0.8608189991,0.5570019246,1,,False
10441,1,0.8435541804,0.439818181,1,0.6318815627,0.5570019246,1,,False
10442,0,0.1955452096,0.439818181,0,0.09119837147,0.5570019246,0,0.4059681443,False
10443,1,0.5892668066,0.439818181,1,0.7869223183,0.5570019246,1,,False
10444,0,0.04086846162,0.439818181,0,0.02514240211,0.5570019246,0,0.1365380925,False
10445,0,0.1173146744,0.439818181,0,0.02679097227,0.5570019246,0,0.2766263673,False
10446,0,0.3592796539,0.439818181,0,0.1476848205,0.5570019246,0,0.707253886,False
10447,0,0.5713122411,0.439818181,1,0.2252441942,0.5570019246,0,0.948570332,True
10448,0,0.3052887919,0.439818181,0,0.2099540846,0.5570019246,0,0.6077528306,False
10449,0,0.4705870437,0.439818181,1,0.1659131356,0.5570019246,0,0.8657647285,False
10450,0,0.5133572576,0.439818181,1,0.4035126505,0.5570019246,0,0.9071195548,True
10451,0,0.2754744778,0.439818181,0,0.09117596834,0.5570019246,0,0.5489349453,False
10452,1,0.8280626483,0.439818181,1,0.9150578567,0.5570019246,1,,False
10453,0,0.3428983746,0.439818181,0,0.2313592985,0.5570019246,0,0.6783726732,False
10454,0,0.2789863821,0.439818181,0,0.695495442,0.5570019246,1,0.5564191134,False
10455,0,0.6554570649,0.439818181,1,0.3949022068,0.5570019246,0,0.9815774324,True
10456,0,0.3673492467,0.439818181,0,0.1500545654,0.5570019246,0,0.7229898292,False
10457,0,0.3940430434,0.439818181,0,0.2193348498,0.5570019246,0,0.767798887,False
10458,0,0.09746899317,0.439818181,0,0.04189583347,0.5570019246,0,0.2417962003,False
10459,0,0.06530257791,0.439818181,0,0.03083755424,0.5570019246,0,0.1851851852,False
10460,0,0.4524184012,0.439818181,1,0.1781176039,0.5570019246,0,0.8456150451,False
10461,0,0.4850715262,0.439818181,1,0.2581102055,0.5570019246,0,0.8806371138,False
10462,0,0.1340560155,0.439818181,0,0.07862383957,0.5570019246,0,0.3029169065,False
10463,0,0.4304080107,0.439818181,0,0.3071603559,0.5570019246,0,0.8167338323,False
10464,1,0.7316039386,0.439818181,1,0.8576145078,0.5570019246,1,,False
10465,0,0.3125287444,0.439818181,0,0.1545288132,0.5570019246,0,0.6220495107,False
10466,0,0.2547793892,0.439818181,0,0.1613441766,0.5570019246,0,0.5121857609,False
10467,1,0.6299400712,0.439818181,1,0.8393119462,0.5570019246,1,,False
10468,0,0.03225491439,0.439818181,0,0.01497563244,0.5570019246,0,0.1146612934,False
10469,0,0.1113168359,0.439818181,0,0.04935616676,0.5570019246,0,0.2653041643,False
10470,0,0.3810735535,0.439818181,0,0.18991933,0.5570019246,0,0.7487046632,False
10471,0,0.3508277776,0.439818181,0,0.206860269,0.5570019246,0,0.6922855498,False
10472,0,0.4447817019,0.439818181,1,0.133509697,0.5570019246,0,0.8360199578,False
10473,0,0.5696808935,0.439818181,1,0.5964993574,0.5570019246,1,0.9472270198,True
10474,0,0.0206289808,0.439818181,0,0.02367436747,0.5570019246,0,0.08645173671,False
10475,0,0.3827121058,0.439818181,0,0.3339297179,0.5570019246,0,0.7502398772,False
10476,0,0.3205906354,0.439818181,0,0.2450716907,0.5570019246,0,0.6373056995,False
10477,0,0.02600714999,0.439818181,0,0.02686037935,0.5570019246,0,0.09969295721,False
10478,1,0.6398685126,0.439818181,1,0.5730067373,0.5570019246,1,,False
10479,0,0.6501942643,0.439818181,1,0.2932986004,0.5570019246,0,0.9789867588,True
10480,0,0.1396785263,0.439818181,0,0.1468166138,0.5570019246,0,0.3114565343,False
10481,1,0.5658440136,0.439818181,1,0.42498393,0.5570019246,0,,False
10482,1,0.8357232516,0.439818181,1,0.6918320776,0.5570019246,1,,False
10483,1,0.3649589418,0.439818181,0,0.3160170562,0.5570019246,0,,False
10484,0,0.3825157424,0.439818181,0,0.2979845854,0.5570019246,0,0.7498560737,False
10485,0,0.4707162912,0.439818181,1,0.1838176086,0.5570019246,0,0.8658606793,False
10486,0,0.4182918396,0.439818181,0,0.1726756277,0.5570019246,0,0.8020533487,False
10487,0,0.2022795631,0.439818181,0,0.08427304054,0.5570019246,0,0.4181539052,False
10488,0,0.4341295616,0.439818181,0,0.3382019514,0.5570019246,0,0.8216273268,False
10489,1,0.616773811,0.439818181,1,0.7871005041,0.5570019246,1,,False
10490,0,0.1462168789,0.439818181,0,0.04602886872,0.5570019246,0,0.3212435233,False
10491,0,0.2810588059,0.439818181,0,0.2277575507,0.5570019246,0,0.560545001,False
10492,1,0.874431745,0.439818181,1,0.909839314,0.5570019246,1,,False
10493,0,0.3124153124,0.439818181,0,0.2058688797,0.5570019246,0,0.6218576089,False
10494,0,0.3791000209,0.439818181,0,0.1966427401,0.5570019246,0,0.7451544809,False
10495,0,0.1387056103,0.439818181,0,0.07123831159,0.5570019246,0,0.3096334677,False
10496,1,0.6670128413,0.439818181,1,0.8171779882,0.5570019246,1,,False
10497,1,0.4663740625,0.439818181,1,0.4023731544,0.5570019246,0,,False
10498,0,0.3175725204,0.439818181,0,0.1221225986,0.5570019246,0,0.6327000576,False
10499,0,0.2374852905,0.439818181,0,0.1468247284,0.5570019246,0,0.4790827097,False
10500,0,0.6812453906,0.439818181,1,0.5819125189,0.5570019246,1,0.9883899443,True
10501,1,0.6890634071,0.439818181,1,0.9032214652,0.5570019246,1,,False
10502,0,0.0370923769,0.439818181,0,0.04709438581,0.5570019246,0,0.12857417,False
10503,0,0.3608092005,0.439818181,0,0.1817816223,0.5570019246,0,0.7102283631,False
10504,0,0.1045637335,0.439818181,0,0.0874124656,0.5570019246,0,0.2532143543,False
10505,0,0.3512889132,0.439818181,0,0.09997164576,0.5570019246,0,0.6935329111,False
10506,0,0.1129981797,0.439818181,0,0.05001960648,0.5570019246,0,0.268566494,False
10507,0,0.03754446272,0.439818181,0,0.03267898536,0.5570019246,0,0.1297255805,False
10508,0,0.5993202951,0.439818181,1,0.2084094543,0.5570019246,0,0.9619075034,True
10509,0,0.09023793912,0.439818181,0,0.08415441896,0.5570019246,0,0.2298023412,False
10510,1,0.7094229951,0.439818181,1,0.8834511107,0.5570019246,1,,False
10511,0,0.5516576271,0.439818181,1,0.4018486639,0.5570019246,0,0.9356169641,True
10512,1,0.4819777817,0.439818181,1,0.3913034181,0.5570019246,0,,False
10513,0,0.1672514433,0.439818181,0,0.1355227108,0.5570019246,0,0.3564574938,False
10514,1,0.7048810608,0.439818181,1,0.6144209999,0.5570019246,1,,False
10515,1,0.5266378536,0.439818181,1,0.8589546227,0.5570019246,1,,False
10516,1,0.7484328761,0.439818181,1,0.8970676098,0.5570019246,1,,False
10517,1,0.6773513851,0.439818181,1,0.6199598259,0.5570019246,1,,False
10518,0,0.4944624159,0.439818181,1,0.2306532849,0.5570019246,0,0.888792938,False
10519,0,0.6237415074,0.439818181,1,0.2330276065,0.5570019246,0,0.9709268854,True
10520,1,0.5843681642,0.439818181,1,0.8024631556,0.5570019246,1,,False
10521,1,0.4657298833,0.439818181,1,0.4297210954,0.5570019246,0,,False
10522,0,0.4761663785,0.439818181,1,0.2211323967,0.5570019246,0,0.8720015352,False
10523,0,0.2922954748,0.439818181,0,0.4364916424,0.5570019246,0,0.5816541931,False
10524,0,0.1133172641,0.439818181,0,0.08938948922,0.5570019246,0,0.2697179044,False
10525,0,0.556272626,0.439818181,1,0.4073755387,0.5570019246,0,0.9393590482,True
10526,1,0.6970684776,0.439818181,1,0.8893640934,0.5570019246,1,,False
10527,0,0.3150421602,0.439818181,0,0.1768392973,0.5570019246,0,0.6271349069,False
10528,0,0.2718457268,0.439818181,0,0.1025607004,0.5570019246,0,0.5426021877,False
10529,0,0.540856359,0.439818181,1,0.2577767348,0.5570019246,0,0.9280368451,True
10530,0,0.2644159122,0.439818181,0,0.2013390098,0.5570019246,0,0.5311840338,False
10531,0,0.3365561501,0.439818181,0,0.499797764,0.5570019246,0,0.6669545193,False
10532,1,0.3738378239,0.439818181,0,0.3019397044,0.5570019246,0,,False
10533,1,0.5522648836,0.439818181,1,0.8405773621,0.5570019246,1,,False
10534,1,0.6402576396,0.439818181,1,0.8268523511,0.5570019246,1,,False
10535,0,0.0665383295,0.439818181,0,0.07391869497,0.5570019246,0,0.1882556131,False
10536,0,0.2339564252,0.439818181,0,0.08929755588,0.5570019246,0,0.4730378046,False
10537,0,0.4337531896,0.439818181,0,0.2409614363,0.5570019246,0,0.8212435233,False
10538,0,0.03239529422,0.439818181,0,0.03145233984,0.5570019246,0,0.1153329495,False
10539,0,0.3399379732,0.439818181,0,0.3642357384,0.5570019246,0,0.6732872769,False
10540,0,0.5978751443,0.439818181,1,0.2376587766,0.5570019246,0,0.9610439455,True
10541,0,0.7223992965,0.439818181,1,0.8192249373,0.5570019246,1,0.9960660142,True
10542,0,0.5991541361,0.439818181,1,0.4186652936,0.5570019246,0,0.9617156016,True
10543,0,0.4947766404,0.439818181,1,0.2262047056,0.5570019246,0,0.8893686433,False
10544,1,0.6474573363,0.439818181,1,0.5663528915,0.5570019246,1,,False
10545,0,0.5346970451,0.439818181,1,0.4594888403,0.5570019246,0,0.9234312032,True
10546,0,0.293975052,0.439818181,0,0.477954542,0.5570019246,0,0.584724621,False
10547,1,0.6552463341,0.439818181,1,0.502947945,0.5570019246,0,,False
10548,1,0.7583290929,0.439818181,1,0.9093837833,0.5570019246,1,,False
10549,0,0.2307327832,0.439818181,0,0.1049364999,0.5570019246,0,0.4663212435,False
10550,0,0.3622546568,0.439818181,0,0.3828004352,0.5570019246,0,0.7133947419,False
10551,0,0.3903587767,0.439818181,0,0.351362028,0.5570019246,0,0.7615620802,False
10552,1,0.720306092,0.439818181,1,0.5217622886,0.5570019246,0,,False
10553,0,0.4887934566,0.439818181,1,0.2617840176,0.5570019246,0,0.8838994435,False
10554,0,0.2790877514,0.439818181,0,0.1261431938,0.5570019246,0,0.5566110152,False
10555,0,0.3993622419,0.439818181,0,0.2043974315,0.5570019246,0,0.7760506621,False
10556,0,0.4429259891,0.439818181,1,0.2252697899,0.5570019246,0,0.8333333333,False
10557,0,0.1783913961,0.439818181,0,0.1151095102,0.5570019246,0,0.3750719632,False
10558,0,0.07642070911,0.439818181,0,0.0487399099,0.5570019246,0,0.2062943773,False
10559,0,0.4346727066,0.439818181,0,0.187556285,0.5570019246,0,0.8225868355,False
10560,1,0.643475615,0.439818181,1,0.899667553,0.5570019246,1,,False
10561,0,0.2608842497,0.439818181,0,0.1667534604,0.5570019246,0,0.5233160622,False
10562,0,0.4878711629,0.439818181,1,0.1770069045,0.5570019246,0,0.8829399348,False
10563,0,0.3956207459,0.439818181,0,0.1912280528,0.5570019246,0,0.7703895605,False
10564,0,0.176053847,0.439818181,0,0.05659635887,0.5570019246,0,0.3704663212,False
10565,0,0.1175923242,0.439818181,0,0.09951526312,0.5570019246,0,0.2772980234,False
10566,0,0.1087092204,0.439818181,0,0.1271510601,0.5570019246,0,0.2613701785,False
10567,0,0.2870477005,0.439818181,0,0.2023771553,0.5570019246,0,0.5709076953,False
10568,0,0.5620075304,0.439818181,1,0.3068410385,0.5570019246,0,0.9430051813,True
10569,0,0.2878241064,0.439818181,0,0.221109009,0.5570019246,0,0.5719631549,False
10570,0,0.001777530056,0.439818181,0,0.00252818225,0.5570019246,0,0.008155824218,False
10571,0,0.2970033235,0.439818181,0,0.187810034,0.5570019246,0,0.5919209365,False
10572,0,0.4284396513,0.439818181,0,0.5667058433,0.5570019246,1,0.8151026674,False
10573,0,0.01834037569,0.439818181,0,0.01122943057,0.5570019246,0,0.07877566686,False
10574,0,0.1769501228,0.439818181,0,0.1495295404,0.5570019246,0,0.3720015352,False
10575,0,0.1535142498,0.439818181,0,0.1023193958,0.5570019246,0,0.3334292842,False
10576,0,0.05983023664,0.439818181,0,0.01694342633,0.5570019246,0,0.1758779505,False
10577,0,0.6193803968,0.439818181,1,0.4698214013,0.5570019246,0,0.9695835732,True
10578,0,0.2122856526,0.439818181,0,0.2737391092,0.5570019246,0,0.4346574554,False
10579,0,0.3678368939,0.439818181,0,0.2594543662,0.5570019246,0,0.7239493379,False
10580,1,0.6450177163,0.439818181,1,0.5497095862,0.5570019246,0,,False
10581,0,0.08959982578,0.439818181,0,0.09101181418,0.5570019246,0,0.2283630781,False
10582,0,0.1816749007,0.439818181,0,0.05700938086,0.5570019246,0,0.3813087699,False
10583,0,0.1306801601,0.439818181,0,0.1289001054,0.5570019246,0,0.2977355594,False
10584,0,0.4556989273,0.439818181,1,0.7271430832,0.5570019246,1,0.8499328344,False
10585,0,0.2354301107,0.439818181,0,0.1648428229,0.5570019246,0,0.4757244291,False
10586,0,0.1086850962,0.439818181,0,0.1023172439,0.5570019246,0,0.2611782767,False
10587,0,0.4782016321,0.439818181,1,0.3262119962,0.5570019246,0,0.8741124544,False
10588,1,0.8202696582,0.439818181,1,0.8819633376,0.5570019246,1,,False
10589,0,0.4408584454,0.439818181,1,0.2459766806,0.5570019246,0,0.8306467089,False
10590,0,0.1202280628,0.439818181,0,0.06579026078,0.5570019246,0,0.2803684514,False
10591,0,0.1638641336,0.439818181,0,0.126366493,0.5570019246,0,0.3500287853,False
10592,0,0.3522217577,0.439818181,0,0.2861456529,0.5570019246,0,0.6946843216,False
10593,0,0.520941603,0.439818181,1,0.6454002691,0.5570019246,1,0.9134523124,True
10594,1,0.7174927975,0.439818181,1,0.8820854769,0.5570019246,1,,False
10595,0,0.6198298275,0.439818181,1,0.5449673411,0.5570019246,0,0.969775475,True
10596,0,0.2929261405,0.439818181,0,0.1753143692,0.5570019246,0,0.5830934562,False
10597,0,0.3734852867,0.439818181,0,0.3343396953,0.5570019246,0,0.7348877375,False
10598,0,0.3453039914,0.439818181,0,0.139243274,0.5570019246,0,0.6837459221,False
10599,0,0.2157343282,0.439818181,0,0.1777814973,0.5570019246,0,0.4404145078,False
10600,0,0.2850097385,0.439818181,0,0.2223971946,0.5570019246,0,0.5680291691,False
10601,0,0.2325296404,0.439818181,0,0.1144897004,0.5570019246,0,0.4703511802,False
10602,1,0.6647135787,0.439818181,1,0.4343165365,0.5570019246,0,,False
10603,0,0.3947717382,0.439818181,0,0.2469601749,0.5570019246,0,0.7691421992,False
10604,0,0.2489797857,0.439818181,0,0.2202521897,0.5570019246,0,0.5020149683,False
10605,0,0.2865085627,0.439818181,0,0.2112511962,0.5570019246,0,0.5700441374,False
10606,0,0.03637017582,0.439818181,0,0.0335968629,0.5570019246,0,0.1266551526,False
10607,1,0.8785814288,0.439818181,1,0.917300774,0.5570019246,1,,False
10608,0,0.2077930244,0.439818181,0,0.1830965866,0.5570019246,0,0.4274611399,False
10609,0,0.1902629752,0.439818181,0,0.1601056254,0.5570019246,0,0.3953175974,False
10610,0,0.4230450025,0.439818181,0,0.2897285425,0.5570019246,0,0.8084820572,False
10611,0,0.3987165316,0.439818181,0,0.2028599396,0.5570019246,0,0.7748033007,False
10612,1,0.6613011709,0.439818181,1,0.6091555599,0.5570019246,1,,False
10613,0,0.2911713499,0.439818181,0,0.08612400356,0.5570019246,0,0.5791594704,False
10614,0,0.2810016291,0.439818181,0,0.2065587104,0.5570019246,0,0.5603530992,False
10615,0,0.1231494077,0.439818181,0,0.0517479381,0.5570019246,0,0.2841105354,False
10616,1,0.3065433204,0.439818181,0,0.2855115488,0.5570019246,0,,False
10617,0,0.5119710311,0.439818181,1,0.4187190292,0.5570019246,0,0.9059681443,True
10618,0,0.2804458695,0.439818181,0,0.1875420162,0.5570019246,0,0.5592976396,False
10619,0,0.5255948788,0.439818181,1,0.2048974877,0.5570019246,0,0.9173862982,True
10620,0,0.639574808,0.439818181,1,0.4458235048,0.5570019246,0,0.9754365765,True
10621,1,0.6429499852,0.439818181,1,0.6103234055,0.5570019246,1,,False
10622,0,0.5820628282,0.439818181,1,0.6154269202,0.5570019246,1,0.9544233353,True
10623,0,0.2587816255,0.439818181,0,0.113198918,0.5570019246,0,0.5203415851,False
10624,1,0.8167454235,0.439818181,1,0.8803111473,0.5570019246,1,,False
10625,0,0.5104642337,0.439818181,1,0.2952628767,0.5570019246,0,0.9043369795,True
10626,0,0.5698468101,0.439818181,1,0.3966463075,0.5570019246,0,0.9473229706,True
10627,0,0.2389319413,0.439818181,0,0.217779039,0.5570019246,0,0.4825369411,False
10628,0,0.2416287093,0.439818181,0,0.2396165319,0.5570019246,0,0.4881020917,False
10629,0,0.4669996734,0.439818181,1,0.6220662713,0.5570019246,1,0.8608712339,False
10630,1,0.6475781008,0.439818181,1,0.5660926442,0.5570019246,1,,False
10631,0,0.5137726318,0.439818181,1,0.3904099263,0.5570019246,0,0.9074074074,True
10632,0,0.01033838309,0.439818181,0,0.01252947859,0.5570019246,0,0.05003838035,False
10633,0,0.21153983,0.439818181,0,0.1750045255,0.5570019246,0,0.4338898484,False
10634,0,0.0573672899,0.439818181,0,0.04327388872,0.5570019246,0,0.1697370946,False
10635,0,0.09592182754,0.439818181,0,0.07776005115,0.5570019246,0,0.2393014776,False
10636,0,0.6209953029,0.439818181,1,0.4200443305,0.5570019246,0,0.9701592784,True
10637,0,0.2536799519,0.439818181,0,0.2380190206,0.5570019246,0,0.5097869891,False
10638,0,0.3713146647,0.439818181,0,0.214579252,0.5570019246,0,0.7299942429,False
10639,1,0.7617541834,0.439818181,1,0.8122735122,0.5570019246,1,,False
10640,0,0.03264443619,0.439818181,0,0.02948446179,0.5570019246,0,0.1161965074,False
10641,0,0.5841028297,0.439818181,1,0.6605055263,0.5570019246,1,0.9555747457,True
10642,0,0.5020991951,0.439818181,1,0.6351285932,0.5570019246,1,0.8972366149,False
10643,0,0.1593316196,0.439818181,0,0.2575986237,0.5570019246,0,0.3423527154,False
10644,0,0.2966187925,0.439818181,0,0.5473442809,0.5570019246,0,0.5906735751,False
10645,1,0.8545844997,0.439818181,1,0.9018294938,0.5570019246,1,,False
10646,0,0.1262271191,0.439818181,0,0.09993782311,0.5570019246,0,0.2893878334,False
10647,0,0.7098341174,0.439818181,1,0.3867711468,0.5570019246,0,0.9940510459,True
10648,0,0.4729683317,0.439818181,1,0.1828533128,0.5570019246,0,0.8682594512,False
10649,0,0.3972387419,0.439818181,0,0.2839497818,0.5570019246,0,0.7721166763,False
10650,0,0.1996630691,0.439818181,0,0.07339915115,0.5570019246,0,0.4126847054,False
10651,1,0.706069789,0.439818181,1,0.917493704,0.5570019246,1,,False
10652,0,0.2522138754,0.439818181,0,0.09116993178,0.5570019246,0,0.5070044137,False
10653,0,0.182131162,0.439818181,0,0.1631553101,0.5570019246,0,0.3817885243,False
10654,0,0.08787560413,0.439818181,0,0.08949484814,0.5570019246,0,0.2251966993,False
10655,1,0.7402192122,0.439818181,1,0.9156322599,0.5570019246,1,,False
10656,0,0.4049328782,0.439818181,0,0.4216772908,0.5570019246,0,0.7843024372,False
10657,0,0.2550395256,0.439818181,0,0.09085111224,0.5570019246,0,0.5125695644,False
10658,0,0.3262076057,0.439818181,0,0.1339661156,0.5570019246,0,0.6483400499,False
10659,0,0.4757770374,0.439818181,1,0.1937337081,0.5570019246,0,0.8715217808,False
10660,1,0.6717695911,0.439818181,1,0.524073451,0.5570019246,0,,False
10661,0,0.2477585319,0.439818181,0,0.1428682154,0.5570019246,0,0.4997121474,False
10662,0,0.2233148067,0.439818181,0,0.1640213009,0.5570019246,0,0.4534638265,False
10663,0,0.2765711782,0.439818181,0,0.2548070511,0.5570019246,0,0.5511418154,False
10664,1,0.768554308,0.439818181,1,0.6608504689,0.5570019246,1,,False
10665,1,0.6998012361,0.439818181,1,0.8575881337,0.5570019246,1,,False
10666,0,0.3508366663,0.439818181,0,0.2322150734,0.5570019246,0,0.6923815007,False
10667,0,0.4684442897,0.439818181,1,0.1772467655,0.5570019246,0,0.8635578584,False
10668,0,0.4495139919,0.439818181,1,0.118774396,0.5570019246,0,0.8421608137,False
10669,1,0.8153308718,0.439818181,1,0.88015412,0.5570019246,1,,False
10670,0,0.274380085,0.439818181,0,0.2365311347,0.5570019246,0,0.5474956822,False
10671,0,0.2122227108,0.439818181,0,0.170340783,0.5570019246,0,0.4344655536,False
10672,0,0.5675078441,0.439818181,1,0.3854724696,0.5570019246,0,0.9466513145,True
10673,0,0.2637747559,0.439818181,0,0.1048086958,0.5570019246,0,0.5300326233,False
10674,0,0.4668937078,0.439818181,1,0.2021768762,0.5570019246,0,0.8604874304,False
10675,0,0.4103756335,0.439818181,0,0.2573041058,0.5570019246,0,0.7921704088,False
10676,0,0.03276711525,0.439818181,0,0.03918403442,0.5570019246,0,0.11648436,False
10677,0,0.07837173564,0.439818181,0,0.08062861937,0.5570019246,0,0.2099405105,False
10678,0,0.1083657717,0.439818181,0,0.04687290354,0.5570019246,0,0.2606985224,False
10679,0,0.3006926841,0.439818181,0,0.4341495389,0.5570019246,0,0.5993091537,False
10680,1,0.780497206,0.439818181,1,0.9149410459,0.5570019246,1,,False
10681,0,0.1529503664,0.439818181,0,0.1091018565,0.5570019246,0,0.3323738246,False
10682,0,0.003771578745,0.439818181,0,0.004266815423,0.5570019246,0,0.02053348685,False
10683,0,0.6660289651,0.439818181,1,0.651985048,0.5570019246,1,0.9840721551,True
10684,0,0.6718875655,0.439818181,1,0.7075787151,0.5570019246,1,0.9857033199,True
10685,1,0.4986991288,0.439818181,1,0.8653075471,0.5570019246,1,,False
10686,0,0.3347114522,0.439818181,0,0.1558906588,0.5570019246,0,0.6637881405,False
10687,0,0.3635428759,0.439818181,0,0.130791287,0.5570019246,0,0.7156975628,False
10688,0,0.1287689718,0.439818181,0,0.05345783046,0.5570019246,0,0.2938015736,False
10689,0,0.1111398785,0.439818181,0,0.04620979272,0.5570019246,0,0.2650163116,False
10690,0,0.3124035107,0.439818181,0,0.1771109616,0.5570019246,0,0.621761658,False
10691,0,0.212949132,0.439818181,0,0.09427894749,0.5570019246,0,0.4360007676,False
10692,0,0.003478562451,0.439818181,0,0.003155616014,0.5570019246,0,0.01871042026,False
10693,1,0.8178019431,0.439818181,1,0.8563606927,0.5570019246,1,,False
10694,0,0.07893105767,0.439818181,0,0.05107118244,0.5570019246,0,0.2105162157,False
10695,0,0.5441271759,0.439818181,1,0.5064508867,0.5570019246,0,0.9303396661,True
10696,0,0.003382944919,0.439818181,0,0.006490288352,0.5570019246,0,0.01803876415,False
10697,0,0.2324944129,0.439818181,0,0.1135392363,0.5570019246,0,0.4702552293,False
10698,0,0.05762871911,0.439818181,0,0.02947380251,0.5570019246,0,0.1704087507,False
10699,1,0.5675300512,0.439818181,1,0.3998203417,0.5570019246,0,,False
10700,0,0.1584701168,0.439818181,0,0.1252330372,0.5570019246,0,0.3408175014,False
10701,1,0.6012876794,0.439818181,1,0.9089767514,0.5570019246,1,,False
10702,0,0.1091586558,0.439818181,0,0.02941848553,0.5570019246,0,0.2620418346,False
10703,0,0.1926189609,0.439818181,0,0.09551162796,0.5570019246,0,0.3994434849,False
10704,0,0.2962984214,0.439818181,0,0.2246570797,0.5570019246,0,0.590001919,False
10705,0,0.0618577891,0.439818181,0,0.02448986639,0.5570019246,0,0.1795240837,False
10706,0,0.3646573404,0.439818181,0,0.1688984511,0.5570019246,0,0.7181922855,False
10707,0,0.3269798919,0.439818181,0,0.1466846945,0.5570019246,0,0.6495874112,False
10708,0,0.154083795,0.439818181,0,0.1043314661,0.5570019246,0,0.3340049894,False
10709,0,0.2802034134,0.439818181,0,0.07697340281,0.5570019246,0,0.5587219344,False
10710,1,0.7505259585,0.439818181,1,0.863958055,0.5570019246,1,,False
10711,0,0.3081019877,0.439818181,0,0.08784055304,0.5570019246,0,0.6136058338,False
10712,0,0.1854529164,0.439818181,0,0.08360052378,0.5570019246,0,0.3864901171,False
10713,1,0.8755868109,0.439818181,1,0.9221385694,0.5570019246,1,,False
10714,0,0.1886621049,0.439818181,0,0.1104579,0.5570019246,0,0.3929188256,False
10715,0,0.2183125591,0.439818181,0,0.1198134172,0.5570019246,0,0.4457877567,False
10716,1,0.6484763897,0.439818181,1,0.5803205999,0.5570019246,1,,False
10717,0,0.1345405564,0.439818181,0,0.09219244174,0.5570019246,0,0.3037804644,False
10718,0,0.3770443968,0.439818181,0,0.2065786755,0.5570019246,0,0.7414123969,False
10719,0,0.1345332049,0.439818181,0,0.106566393,0.5570019246,0,0.3036845135,False
10720,0,0.5567014989,0.439818181,1,0.4276503431,0.5570019246,0,0.9397428517,True
10721,1,0.8280335177,0.439818181,1,0.6819793508,0.5570019246,1,,False
10722,0,0.2629397057,0.439818181,0,0.2519257979,0.5570019246,0,0.5286893111,False
10723,0,0.3257094927,0.439818181,0,0.161297699,0.5570019246,0,0.6469967377,False
10724,0,0.2290958792,0.439818181,0,0.1397284002,0.5570019246,0,0.4625791595,False
10725,0,0.4161836843,0.439818181,0,0.2187093037,0.5570019246,0,0.7991748225,False
10726,0,0.09156196193,0.439818181,0,0.06417622727,0.5570019246,0,0.2328727691,False
10727,0,0.04956692378,0.439818181,0,0.03724983403,0.5570019246,0,0.153521397,False
10728,0,0.2996105199,0.439818181,0,0.1184859517,0.5570019246,0,0.5980617924,False
10729,0,0.04104552099,0.439818181,0,0.02502994143,0.5570019246,0,0.1368259451,False
10730,0,0.4965102031,0.439818181,1,0.1892788874,0.5570019246,0,0.8909998081,False
10731,0,0.08884268359,0.439818181,0,0.05248255416,0.5570019246,0,0.2273076185,False
10732,0,0.2740395537,0.439818181,0,0.1192404501,0.5570019246,0,0.5467280752,False
10733,1,0.6897020897,0.439818181,1,0.81188369,0.5570019246,1,,False
10734,0,0.1317734096,0.439818181,0,0.06676803845,0.5570019246,0,0.2992707734,False
10735,1,0.8613157428,0.439818181,1,0.9282865753,0.5570019246,1,,False
10736,0,0.2609239508,0.439818181,0,0.1292994068,0.5570019246,0,0.523412013,False
10737,0,0.3175043803,0.439818181,0,0.1782886988,0.5570019246,0,0.632412205,False
10738,0,0.188647501,0.439818181,0,0.1280099176,0.5570019246,0,0.3927269238,False
10739,0,0.3527060219,0.439818181,0,0.2281399214,0.5570019246,0,0.6950681251,False
10740,0,0.3158749236,0.439818181,0,0.2342643314,0.5570019246,0,0.6288620226,False
10741,0,0.3686028252,0.439818181,0,0.09652385561,0.5570019246,0,0.7250047975,False
10742,1,0.7398316229,0.439818181,1,0.9461072087,0.5570019246,1,,False
10743,0,0.08881075937,0.439818181,0,0.02507601013,0.5570019246,0,0.2271157168,False
10744,1,0.5239634474,0.439818181,1,0.4636021962,0.5570019246,0,,False
10745,0,0.04865628772,0.439818181,0,0.02121192152,0.5570019246,0,0.1519861831,False
10746,0,0.5413592659,0.439818181,1,0.318369509,0.5570019246,0,0.9285165995,True
10747,0,0.4107781378,0.439818181,0,0.6601056616,0.5570019246,1,0.7928420649,False
10748,0,0.160719092,0.439818181,0,0.1076329935,0.5570019246,0,0.3455190942,False
10749,0,0.2627611564,0.439818181,0,0.2193151661,0.5570019246,0,0.5284014585,False
10750,0,0.3663166179,0.439818181,0,0.2640233794,0.5570019246,0,0.7206870083,False
10751,0,0.1403548417,0.439818181,0,0.07645332508,0.5570019246,0,0.312416043,False
10752,0,0.001473649867,0.439818181,0,0.00569817524,0.5570019246,0,0.006812511994,False
10753,0,0.4378091857,0.439818181,0,0.3225295105,0.5570019246,0,0.8265208213,False
10754,0,0.4724207359,0.439818181,1,0.3782862796,0.5570019246,0,0.8679715985,False
10755,0,0.4859527186,0.439818181,1,0.2522100153,0.5570019246,0,0.8816925734,False
10756,0,0.2202466274,0.439818181,0,0.1499362767,0.5570019246,0,0.4478986759,False
10757,0,0.2062504173,0.439818181,0,0.1374797382,0.5570019246,0,0.4255421224,False
10758,0,0.2487306282,0.439818181,0,0.1811702482,0.5570019246,0,0.5016311648,False
10759,0,0.6512594177,0.439818181,1,0.7559293248,0.5570019246,1,0.9793705623,True
10760,0,0.109617931,0.439818181,0,0.06123852221,0.5570019246,0,0.2629053924,False
10761,0,0.373244266,0.439818181,0,0.1911797035,0.5570019246,0,0.734503934,False
10762,0,0.3065665058,0.439818181,0,0.1643743299,0.5570019246,0,0.6105354059,False
10763,1,0.7613975438,0.439818181,1,0.8693626466,0.5570019246,1,,False
10764,0,0.110194129,0.439818181,0,0.1267557662,0.5570019246,0,0.2642487047,False
10765,0,0.3874201834,0.439818181,0,0.1101403655,0.5570019246,0,0.755709077,False
10766,1,0.6160944552,0.439818181,1,0.8609237859,0.5570019246,1,,False
10767,0,0.3039840407,0.439818181,0,0.3347143224,0.5570019246,0,0.60439455,False
10768,0,0.627580069,0.439818181,1,0.2637946147,0.5570019246,0,0.9721742468,True
10769,0,0.3698894315,0.439818181,0,0.2706143252,0.5570019246,0,0.7268278641,False
10770,0,0.5623907859,0.439818181,1,0.2315897144,0.5570019246,0,0.9433889848,True
10771,0,0.4685770866,0.439818181,1,0.2400558014,0.5570019246,0,0.8636538092,False
10772,0,0.2406019465,0.439818181,0,0.1518211686,0.5570019246,0,0.4861830743,False
10773,0,0.210055364,0.439818181,0,0.1554504293,0.5570019246,0,0.4320667818,False
10774,0,0.5380082854,0.439818181,1,0.2390085426,0.5570019246,0,0.9260218768,True
10775,0,0.5817974034,0.439818181,1,0.627721777,0.5570019246,1,0.9542314335,True
10776,1,0.6081986131,0.439818181,1,0.8330717553,0.5570019246,1,,False
10777,0,0.4151166368,0.439818181,0,0.1698953294,0.5570019246,0,0.7975436576,False
10778,0,0.3039670703,0.439818181,0,0.3943169832,0.5570019246,0,0.6042985991,False
10779,0,0.6082291899,0.439818181,1,0.7104414878,0.5570019246,1,0.9654576857,True
10780,0,0.272718371,0.439818181,0,0.2294471492,0.5570019246,0,0.5442333525,False
10781,1,0.7625469938,0.439818181,1,0.8814864924,0.5570019246,1,,False
10782,0,0.04516917737,0.439818181,0,0.04682999578,0.5570019246,0,0.1451736711,False
10783,0,0.1432927021,0.439818181,0,0.09491318687,0.5570019246,0,0.3167338323,False
10784,0,0.01339521492,0.439818181,0,0.01363461555,0.5570019246,0,0.06121665707,False
10785,0,0.09351773077,0.439818181,0,0.04763476612,0.5570019246,0,0.2361350988,False
10786,0,0.04757789901,0.439818181,0,0.03099467757,0.5570019246,0,0.1501631165,False
10787,0,0.06790153756,0.439818181,0,0.02546016689,0.5570019246,0,0.1907503358,False
10788,1,0.7044531093,0.439818181,1,0.6472116401,0.5570019246,1,,False
10789,0,0.3049756652,0.439818181,0,0.184429255,0.5570019246,0,0.6070811744,False
10790,1,0.363916721,0.439818181,0,0.3864451022,0.5570019246,0,,False
10791,0,0.3520399805,0.439818181,0,0.2572791952,0.5570019246,0,0.6943005181,False
10792,0,0.5551045094,0.439818181,1,0.3830936092,0.5570019246,0,0.9383995394,True
10793,0,0.02358195616,0.439818181,0,0.01888649763,0.5570019246,0,0.09441565918,False
10794,1,0.4557020816,0.439818181,1,0.7490872846,0.5570019246,1,,False
10795,0,0.009001058207,0.439818181,0,0.008930089235,0.5570019246,0,0.04346574554,False
10796,0,0.01633685043,0.439818181,0,0.01355076442,0.5570019246,0,0.0720111303,False
10797,0,0.1755017234,0.439818181,0,0.1364252821,0.5570019246,0,0.3696987143,False
10798,1,0.6549763054,0.439818181,1,0.8963730057,0.5570019246,1,,False
10799,0,0.2865269975,0.439818181,0,0.1415543614,0.5570019246,0,0.5701400883,False
10800,0,0.2786282425,0.439818181,0,0.1921190137,0.5570019246,0,0.5558434082,False
10801,0,0.1768689858,0.439818181,0,0.1014742833,0.5570019246,0,0.3717136826,False
10802,0,0.3374384737,0.439818181,0,0.4093423266,0.5570019246,0,0.6683937824,False
10803,1,0.6733097851,0.439818181,1,0.8767871871,0.5570019246,1,,False
10804,0,0.592598031,0.439818181,1,0.7544045933,0.5570019246,1,0.9589330263,True
10805,0,0.4682359674,0.439818181,1,0.1980885863,0.5570019246,0,0.8633659566,False
10806,0,0.1556915929,0.439818181,0,0.09660346984,0.5570019246,0,0.3359240069,False
10807,0,0.5419993052,0.439818181,1,0.3900362542,0.5570019246,0,0.9290923047,True
10808,0,0.4205260722,0.439818181,0,0.1509305942,0.5570019246,0,0.805603531,False
10809,0,0.3825420838,0.439818181,0,0.3105581212,0.5570019246,0,0.7499520246,False
10810,0,0.3713876254,0.439818181,0,0.2162227928,0.5570019246,0,0.7302820956,False
10811,0,0.3058129892,0.439818181,0,0.3142707745,0.5570019246,0,0.6088082902,False
10812,0,0.2401048601,0.439818181,0,0.2266835816,0.5570019246,0,0.4852235655,False
10813,1,0.7288863084,0.439818181,1,0.9215202225,0.5570019246,1,,False
10814,0,0.125725476,0.439818181,0,0.07369838358,0.5570019246,0,0.2878526195,False
10815,0,0.1240076857,0.439818181,0,0.1119700456,0.5570019246,0,0.2850700441,False
10816,1,0.7487101712,0.439818181,1,0.8309237149,0.5570019246,1,,False
10817,0,0.5445250581,0.439818181,1,0.5855651143,0.5570019246,1,0.9306275187,True
10818,0,0.2801995752,0.439818181,0,0.2599167779,0.5570019246,0,0.5586259835,False
10819,0,0.5723865271,0.439818181,1,0.4284241014,0.5570019246,0,0.9492419881,True
10820,0,0.3319854106,0.439818181,0,0.1584546351,0.5570019246,0,0.6583189407,False
10821,0,0.129514189,0.439818181,0,0.08641495385,0.5570019246,0,0.2957205911,False
10822,1,0.6899187336,0.439818181,1,0.7740825546,0.5570019246,1,,False
10823,0,0.1059919725,0.439818181,0,0.06882501713,0.5570019246,0,0.2559009787,False
10824,0,0.4769583417,0.439818181,1,0.1952286047,0.5570019246,0,0.8726731913,False
10825,0,0.3617664006,0.439818181,0,0.4485655441,0.5570019246,0,0.7130109384,False
10826,1,0.7072788782,0.439818181,1,0.6301471338,0.5570019246,1,,False
10827,0,0.3155565202,0.439818181,0,0.1441204418,0.5570019246,0,0.6281903665,False
10828,1,0.8530557833,0.439818181,1,0.8944370889,0.5570019246,1,,False
10829,1,0.4471552632,0.439818181,1,0.3677992054,0.5570019246,0,,False
10830,0,0.4083702171,0.439818181,0,0.2092381506,0.5570019246,0,0.7887161773,False
10831,0,0.1986622305,0.439818181,0,0.1723862153,0.5570019246,0,0.4103818845,False
10832,0,0.06182645512,0.439818181,0,0.0671797415,0.5570019246,0,0.1794281328,False
10833,1,0.720440928,0.439818181,1,0.542799082,0.5570019246,0,,False
10834,1,0.7893163125,0.439818181,1,0.855305117,0.5570019246,1,,False
10835,1,0.7691862825,0.439818181,1,0.925947289,0.5570019246,1,,False
10836,0,0.7070821199,0.439818181,1,0.8168693032,0.5570019246,1,0.9935712915,True
10837,0,0.1080573062,0.439818181,0,0.1189632235,0.5570019246,0,0.2598349645,False
10838,0,0.2255363642,0.439818181,0,0.1734978477,0.5570019246,0,0.4570140088,False
10839,0,0.5307931787,0.439818181,1,0.2063671207,0.5570019246,0,0.9206486279,True
10840,0,0.3281011172,0.439818181,0,0.1646804363,0.5570019246,0,0.6514104778,False
10841,0,0.1455957457,0.439818181,0,0.1910849942,0.5570019246,0,0.3203799655,False
10842,0,0.01834037569,0.439818181,0,0.01122943057,0.5570019246,0,0.07877566686,False
10843,0,0.03832045748,0.439818181,0,0.04415872385,0.5570019246,0,0.1312607945,False
10844,0,0.3394817877,0.439818181,0,0.2494133679,0.5570019246,0,0.6723277682,False
10845,1,0.6660705528,0.439818181,1,0.5740278434,0.5570019246,1,,False
10846,0,0.2942713754,0.439818181,0,0.1895964713,0.5570019246,0,0.5857800806,False
10847,0,0.1519967971,0.439818181,0,0.09205414447,0.5570019246,0,0.3309345615,False
10848,0,0.505829961,0.439818181,1,0.3763785229,0.5570019246,0,0.9005948954,True
10849,0,0.1259860934,0.439818181,0,0.1089800593,0.5570019246,0,0.2887161773,False
10850,0,0.2068687892,0.439818181,0,0.08984839417,0.5570019246,0,0.4265016312,False
10851,0,0.1726452718,0.439818181,0,0.1309039511,0.5570019246,0,0.364613318,False
10852,0,0.1244508204,0.439818181,0,0.09562883046,0.5570019246,0,0.2857417002,False
10853,0,0.3412493189,0.439818181,0,0.5861101859,0.5570019246,1,0.6753022453,False
10854,1,0.6973873844,0.439818181,1,0.9318156684,0.5570019246,1,,False
10855,0,0.4861816645,0.439818181,1,0.3258836989,0.5570019246,0,0.8817885243,False
10856,0,0.4654860796,0.439818181,1,0.4028217871,0.5570019246,0,0.8592400691,False
10857,0,0.1273115851,0.439818181,0,0.09125253746,0.5570019246,0,0.2914987526,False
10858,0,0.6267173233,0.439818181,1,0.2474835062,0.5570019246,0,0.9717904433,True
10859,0,0.2297169819,0.439818181,0,0.08898328702,0.5570019246,0,0.4638265208,False
10860,0,0.1604095207,0.439818181,0,0.05314791359,0.5570019246,0,0.344943389,False
10861,0,0.04005450872,0.439818181,0,0.02421367245,0.5570019246,0,0.1349069277,False
10862,0,0.4354475174,0.439818181,0,0.2229325014,0.5570019246,0,0.8238341969,False
10863,0,0.370323777,0.439818181,0,0.6044592094,0.5570019246,1,0.7278833237,False
10864,1,0.7613822043,0.439818181,1,0.8387284831,0.5570019246,1,,False
10865,0,0.444845327,0.439818181,1,0.2074315271,0.5570019246,0,0.8361159087,False
10866,0,0.3171246596,0.439818181,0,0.2644213818,0.5570019246,0,0.6315486471,False
10867,0,0.1628837854,0.439818181,0,0.1385565475,0.5570019246,0,0.3489733257,False
10868,0,0.2883988944,0.439818181,0,0.2622656237,0.5570019246,0,0.5732105162,False
10869,0,0.008753977064,0.439818181,0,0.006596518072,0.5570019246,0,0.04260218768,False
10870,1,0.7497241737,0.439818181,1,0.6948400737,0.5570019246,1,,False
10871,0,0.2599382575,0.439818181,0,0.1032556528,0.5570019246,0,0.5222606026,False
10872,0,0.1435860575,0.439818181,0,0.1021656486,0.5570019246,0,0.3174054884,False
10873,0,0.2510071245,0.439818181,0,0.1223995141,0.5570019246,0,0.5047015928,False
10874,0,0.4666097078,0.439818181,1,0.3470262955,0.5570019246,0,0.8601995778,False
10875,0,0.4702356167,0.439818181,1,0.1877821895,0.5570019246,0,0.8655728267,False
10876,1,0.7746228823,0.439818181,1,0.62850375,0.5570019246,1,,False
10877,0,0.237057686,0.439818181,0,0.132251082,0.5570019246,0,0.4785070044,False
10878,1,0.8276149736,0.439818181,1,0.8985247987,0.5570019246,1,,False
10879,0,0.3182810887,0.439818181,0,0.1844553665,0.5570019246,0,0.6332757628,False
10880,0,0.1858957803,0.439818181,0,0.1501271673,0.5570019246,0,0.3873536749,False
10881,0,0.3795402104,0.439818181,0,0.3033041445,0.5570019246,0,0.7460180388,False
10882,1,0.7937802467,0.439818181,1,0.8763226072,0.5570019246,1,,False
10883,0,0.3960663865,0.439818181,0,0.6094273064,0.5570019246,1,0.7708693149,False
10884,1,0.5515283784,0.439818181,1,0.7695423458,0.5570019246,1,,False
10885,0,0.5695923981,0.439818181,1,0.236483128,0.5570019246,0,0.9471310689,True
10886,1,0.8534577436,0.439818181,1,0.7076832153,0.5570019246,1,,False
10887,0,0.4979111523,0.439818181,1,0.2044918108,0.5570019246,0,0.8932066782,False
10888,0,0.198516606,0.439818181,0,0.143744429,0.5570019246,0,0.4100940319,False
10889,0,0.4995450607,0.439818181,1,0.1478743159,0.5570019246,0,0.8950297448,False
10890,1,0.6796931503,0.439818181,1,0.5222703108,0.5570019246,0,,False
10891,0,0.1726938046,0.439818181,0,0.5210301971,0.5570019246,0,0.3648052197,False
10892,0,0.3775365683,0.439818181,0,0.1834972677,0.5570019246,0,0.7421800038,False
10893,0,0.4900914035,0.439818181,1,0.1533320418,0.5570019246,0,0.8853387066,False
10894,0,0.2217395409,0.439818181,0,0.1273707,0.5570019246,0,0.4507772021,False
10895,0,0.6873801428,0.439818181,1,0.7576415396,0.5570019246,1,0.9898292074,True
10896,0,0.5211420976,0.439818181,1,0.2034145007,0.5570019246,0,0.913740165,True
10897,0,0.3518216614,0.439818181,0,0.1827388727,0.5570019246,0,0.6940126655,False
10898,0,0.4503008699,0.439818181,1,0.4920210258,0.5570019246,0,0.8431203224,False
10899,0,0.3020945365,0.439818181,0,0.2260571693,0.5570019246,0,0.6015160238,False
10900,0,0.2782331876,0.439818181,0,0.2009002638,0.5570019246,0,0.5548838994,False
10901,0,0.4404207271,0.439818181,1,0.1913144872,0.5570019246,0,0.8300710036,False
10902,0,0.6158848521,0.439818181,1,0.2910432253,0.5570019246,0,0.9687200154,True
10903,0,0.3148499873,0.439818181,0,0.2106286838,0.5570019246,0,0.6265592017,False
10904,0,0.03393192994,0.439818181,0,0.02059780653,0.5570019246,0,0.1196507388,False
10905,1,0.5203151868,0.439818181,1,0.7440042338,0.5570019246,1,,False
10906,0,0.1455317717,0.439818181,0,0.08853117426,0.5570019246,0,0.3202840146,False
10907,1,0.5584093294,0.439818181,1,0.4334301691,0.5570019246,0,,False
10908,0,0.2344682883,0.439818181,0,0.1948180599,0.5570019246,0,0.4736135099,False
10909,1,0.8424236136,0.439818181,1,0.8078601523,0.5570019246,1,,False
10910,0,0.6047780547,0.439818181,1,0.3028965146,0.5570019246,0,0.9645941278,True
10911,0,0.252551387,0.439818181,0,0.6464590524,0.5570019246,1,0.5072922664,False
10912,0,0.5495966949,0.439818181,1,0.2729480825,0.5570019246,0,0.9343696028,True
10913,0,0.5559126685,0.439818181,1,0.4253508192,0.5570019246,0,0.9392630973,True
10914,0,0.2414625168,0.439818181,0,0.1393882967,0.5570019246,0,0.4876223374,False
10915,0,0.1412192212,0.439818181,0,0.06620436039,0.5570019246,0,0.3132796008,False
10916,0,0.3109134477,0.439818181,0,0.2560929041,0.5570019246,0,0.618019574,False
10917,0,0.6432530244,0.439818181,1,0.515855619,0.5570019246,0,0.9766839378,True
10918,0,0.09740037367,0.439818181,0,0.1247857871,0.5570019246,0,0.2417002495,False
10919,0,0.1174113913,0.439818181,0,0.08938721552,0.5570019246,0,0.276818269,False
10920,1,0.7659076363,0.439818181,1,0.6597517489,0.5570019246,1,,False
10921,0,0.6488821318,0.439818181,1,0.4785142767,0.5570019246,0,0.9785070044,True
10922,0,0.2907962686,0.439818181,0,0.1316447963,0.5570019246,0,0.5783918634,False
10923,0,0.4220698666,0.439818181,0,0.1212338238,0.5570019246,0,0.8073306467,False
10924,0,0.05588135808,0.439818181,0,0.05403990268,0.5570019246,0,0.1662828632,False
10925,0,0.5285182268,0.439818181,1,0.4032536696,0.5570019246,0,0.9192093648,True
10926,0,0.1563355597,0.439818181,0,0.1718374505,0.5570019246,0,0.33736327,False
10927,0,0.1770620196,0.439818181,0,0.1876018005,0.5570019246,0,0.3720974861,False
10928,1,0.7181049441,0.439818181,1,0.7627984086,0.5570019246,1,,False
10929,0,0.552569405,0.439818181,1,0.2849815433,0.5570019246,0,0.9363845711,True
10930,0,0.3770672906,0.439818181,0,0.2962440088,0.5570019246,0,0.7416042986,False
10931,1,0.8251531031,0.439818181,1,0.889637549,0.5570019246,1,,False
10932,0,0.303052404,0.439818181,0,0.09127986638,0.5570019246,0,0.6030512378,False
10933,0,0.09758125716,0.439818181,0,0.09154994956,0.5570019246,0,0.2419881021,False
10934,0,0.7005760433,0.439818181,1,0.5058000895,0.5570019246,0,0.992419881,True
10935,0,0.3879428615,0.439818181,0,0.2858423546,0.5570019246,0,0.7570523892,False
10936,1,0.7124133321,0.439818181,1,0.8527874253,0.5570019246,1,,False
10937,0,0.4737712695,0.439818181,1,0.3314819085,0.5570019246,0,0.8690270581,False
10938,0,0.5597135291,0.439818181,1,0.397039245,0.5570019246,0,0.9415659182,True
10939,0,0.2867712885,0.439818181,0,0.1378602088,0.5570019246,0,0.5704279409,False
10940,0,0.2148322465,0.439818181,0,0.1105475175,0.5570019246,0,0.4390711955,False
10941,0,0.03553437539,0.439818181,0,0.03732057517,0.5570019246,0,0.1243523316,False
10942,1,0.7786892409,0.439818181,1,0.8331578752,0.5570019246,1,,False
10943,0,0.523925837,0.439818181,1,0.1255195674,0.5570019246,0,0.9162348877,True
10944,0,0.2337051855,0.439818181,0,0.1967308563,0.5570019246,0,0.4723661485,False
10945,0,0.4742679055,0.439818181,1,0.2813078855,0.5570019246,0,0.8699865669,False
10946,0,0.3038057743,0.439818181,0,0.3116970326,0.5570019246,0,0.6039147956,False
10947,0,0.646006169,0.439818181,1,0.2572006321,0.5570019246,0,0.9778353483,True
10948,0,0.3639574515,0.439818181,0,0.1214200504,0.5570019246,0,0.7168489733,False
10949,0,0.3640754129,0.439818181,0,0.269343459,0.5570019246,0,0.7171368259,False
10950,0,0.5389403352,0.439818181,1,0.2815354822,0.5570019246,0,0.9267894838,True
10951,0,0.1700237154,0.439818181,0,0.1410996592,0.5570019246,0,0.3609671848,False
10952,0,0.04466738606,0.439818181,0,0.03999781095,0.5570019246,0,0.1444060641,False
10953,0,0.2036324891,0.439818181,0,0.1916913451,0.5570019246,0,0.4209364805,False
10954,0,0.03171379825,0.439818181,0,0.02266927513,0.5570019246,0,0.1136058338,False
10955,1,0.5987901904,0.439818181,1,0.6468463358,0.5570019246,1,,False
10956,0,0.2985135049,0.439818181,0,0.1975353954,0.5570019246,0,0.5953751679,False
10957,1,0.820571112,0.439818181,1,0.85122725,0.5570019246,1,,False
10958,1,0.4085845812,0.439818181,0,0.309531796,0.5570019246,0,,False
10959,0,0.1079470317,0.439818181,0,0.5913687599,0.5570019246,1,0.2596430628,False
10960,0,0.1139645899,0.439818181,0,0.1090281094,0.5570019246,0,0.270773364,False
10961,0,0.2674250027,0.439818181,0,0.2234914737,0.5570019246,0,0.5361734792,False
10962,0,0.08947615404,0.439818181,0,0.06851273132,0.5570019246,0,0.2279792746,False
10963,0,0.74543626,0.439818181,1,0.2419123903,0.5570019246,0,0.9982728843,True
10964,0,0.005234565333,0.439818181,0,0.00547645195,0.5570019246,0,0.02792170409,False
10965,0,0.5223553333,0.439818181,1,0.4157054216,0.5570019246,0,0.9150834773,True
10966,0,0.08226709452,0.439818181,0,0.063481425,0.5570019246,0,0.2165611207,False
10967,0,0.2900737763,0.439818181,0,0.1568490065,0.5570019246,0,0.5773364038,False
10968,0,0.2172031729,0.439818181,0,0.4116338987,0.5570019246,0,0.4434849357,False
10969,0,0.5313535672,0.439818181,1,0.2700158497,0.5570019246,0,0.9214162349,True
10970,0,0.3864626381,0.439818181,0,0.3281948247,0.5570019246,0,0.7544617156,False
10971,0,0.5737395352,0.439818181,1,0.3776730262,0.5570019246,0,0.9500095951,True
10972,0,0.09263553201,0.439818181,0,0.07027698884,0.5570019246,0,0.2347917866,False
10973,1,0.7831664385,0.439818181,1,0.5891186337,0.5570019246,1,,False
10974,1,0.7706453678,0.439818181,1,0.8823557911,0.5570019246,1,,False
10975,0,0.09016714258,0.439818181,0,0.04348661346,0.5570019246,0,0.2297063903,False
10976,0,0.209610618,0.439818181,0,0.1111135438,0.5570019246,0,0.4310113222,False
10977,0,0.2750038732,0.439818181,0,0.2791001113,0.5570019246,0,0.5484551909,False
10978,1,0.6891018591,0.439818181,1,0.838410868,0.5570019246,1,,False
10979,0,0.6213173087,0.439818181,1,0.3245137608,0.5570019246,0,0.9702552293,True
10980,0,0.2574399564,0.439818181,0,0.1459692656,0.5570019246,0,0.5177509115,False
10981,1,0.7824931862,0.439818181,1,0.93713969,0.5570019246,1,,False
10982,0,0.08459401605,0.439818181,0,0.0390901622,0.5570019246,0,0.2205910574,False
10983,0,0.4659635982,0.439818181,1,0.2830859723,0.5570019246,0,0.8596238726,False
10984,0,0.4680552776,0.439818181,1,0.2842945234,0.5570019246,0,0.8627902514,False
10985,0,0.2489140276,0.439818181,0,0.5196013104,0.5570019246,0,0.5019190175,False
10986,0,0.2835604244,0.439818181,0,0.1605550183,0.5570019246,0,0.5651506429,False
10987,0,0.2535305108,0.439818181,0,0.1510353952,0.5570019246,0,0.5095950873,False
10988,1,0.5833124172,0.439818181,1,0.6690732319,0.5570019246,1,,False
10989,0,0.05532159968,0.439818181,0,0.06035022134,0.5570019246,0,0.1647956246,False
10990,0,0.2547857033,0.439818181,0,0.1703154299,0.5570019246,0,0.5123776626,False
10991,0,0.4754224805,0.439818181,1,0.3357266308,0.5570019246,0,0.8710420265,False
10992,0,0.360018726,0.439818181,0,0.5042068492,0.5570019246,0,0.7089810017,False
10993,1,0.7477568305,0.439818181,1,0.8841793219,0.5570019246,1,,False
10994,0,0.1987178188,0.439818181,0,0.0884608035,0.5570019246,0,0.4106697371,False
10995,0,0.4213847286,0.439818181,0,0.1577811133,0.5570019246,0,0.8064670889,False
10996,1,0.7433427779,0.439818181,1,0.8334956082,0.5570019246,1,,False
10997,0,0.6816467932,0.439818181,1,0.2903960119,0.5570019246,0,0.9885818461,True
10998,0,0.2579582379,0.439818181,0,0.1483118936,0.5570019246,0,0.5185185185,False
10999,0,0.1729106368,0.439818181,0,0.1437996883,0.5570019246,0,0.3650930723,False
11000,0,0.7690933529,0.439818181,1,0.5259139607,0.5570019246,0,0.9991364421,True
11001,0,0.2517619432,0.439818181,0,0.1119950089,0.5570019246,0,0.5059489541,False
11002,0,0.1850257251,0.439818181,0,0.4083215624,0.5570019246,0,0.3857225101,False
11003,0,0.7450287168,0.439818181,1,0.4951000925,0.5570019246,0,0.9981769334,True
11004,0,0.4188817244,0.439818181,0,0.1951422566,0.5570019246,0,0.8032047592,False
11005,0,0.2527796308,0.439818181,0,0.1197267487,0.5570019246,0,0.5080598733,False
11006,0,0.1471594874,0.439818181,0,0.08260688002,0.5570019246,0,0.3228746882,False
11007,0,0.2759921628,0.439818181,0,0.2739961492,0.5570019246,0,0.549894454,False
11008,1,0.589974169,0.439818181,1,0.4703316803,0.5570019246,0,,False
11009,1,0.7492839759,0.439818181,1,0.9060165288,0.5570019246,1,,False
11010,0,0.06890278852,0.439818181,0,0.0335575841,0.5570019246,0,0.1925734024,False
11011,0,0.51778373,0.439818181,1,0.2661037869,0.5570019246,0,0.9105737862,True
11012,0,0.493659803,0.439818181,1,0.4092189626,0.5570019246,0,0.8876415275,False
11013,0,0.4349155032,0.439818181,0,0.4040717029,0.5570019246,0,0.8228746882,False
11014,0,0.3428036262,0.439818181,0,0.5566230816,0.5570019246,0,0.6780848206,False
11015,0,0.2665545207,0.439818181,0,0.1113132917,0.5570019246,0,0.5350220687,False
11016,0,0.08089419279,0.439818181,0,0.03386829211,0.5570019246,0,0.2143542506,False
11017,0,0.5159322604,0.439818181,1,0.5089672477,0.5570019246,0,0.9091345231,True
11018,0,0.06041351005,0.439818181,0,0.03994331153,0.5570019246,0,0.1771253118,False
11019,0,0.4416368411,0.439818181,1,0.3105730629,0.5570019246,0,0.8318940702,False
11020,0,0.08836195429,0.439818181,0,0.06130467179,0.5570019246,0,0.2264440606,False
11021,0,0.006552111808,0.439818181,0,0.00802475977,0.5570019246,0,0.03483016695,False
11022,0,0.1409454382,0.439818181,0,0.0637646507,0.5570019246,0,0.3128957974,False
11023,0,0.002415942943,0.439818181,0,0.004322423902,0.5570019246,0,0.01295336788,False
11024,0,0.2735359767,0.439818181,0,0.1260116846,0.5570019246,0,0.545384763,False
11025,0,0.5752001537,0.439818181,1,0.6402659536,0.5570019246,1,0.9512569564,True
11026,1,0.7207008791,0.439818181,1,0.8798612705,0.5570019246,1,,False
11027,0,0.3661559356,0.439818181,0,0.1577484132,0.5570019246,0,0.7202072539,False
11028,0,0.4926380209,0.439818181,1,0.2766769874,0.5570019246,0,0.8866820188,False
11029,0,0.1546960532,0.439818181,0,0.1073375483,0.5570019246,0,0.3348685473,False
11030,0,0.6502944763,0.439818181,1,0.4470971757,0.5570019246,0,0.9790827097,True
11031,1,0.541862734,0.439818181,1,0.4326356666,0.5570019246,0,,False
11032,0,0.3945463887,0.439818181,0,0.1992676783,0.5570019246,0,0.768566494,False
11033,0,0.2287495277,0.439818181,0,0.1659299845,0.5570019246,0,0.4618115525,False
11034,1,0.8135796058,0.439818181,1,0.6205690216,0.5570019246,1,,False
11035,0,0.2742027751,0.439818181,0,0.2428311611,0.5570019246,0,0.5472078296,False
11036,0,0.1155276822,0.439818181,0,0.1138424444,0.5570019246,0,0.2726923815,False
11037,0,0.4437164192,0.439818181,1,0.1943408363,0.5570019246,0,0.8345806947,False
11038,1,0.6904554076,0.439818181,1,0.8828353961,0.5570019246,1,,False
11039,1,0.7153913787,0.439818181,1,0.8954749827,0.5570019246,1,,False
11040,0,0.01949941723,0.439818181,0,0.03424430828,0.5570019246,0,0.08280560353,False
11041,0,0.4517013239,0.439818181,1,0.2509880704,0.5570019246,0,0.8446555364,False
11042,0,0.2775460111,0.439818181,0,0.2048542387,0.5570019246,0,0.5534446363,False
11043,0,0.528673494,0.439818181,1,0.2316668515,0.5570019246,0,0.9194972174,True
11044,0,0.008097218324,0.439818181,0,0.00725380861,0.5570019246,0,0.04005948954,False
11045,0,0.1800239113,0.439818181,0,0.5061144327,0.5570019246,0,0.378238342,False
11046,0,0.6990929607,0.439818181,1,0.4203448084,0.5570019246,0,0.9921320284,True
11047,0,0.2611558417,0.439818181,0,0.2103457078,0.5570019246,0,0.5242755709,False
11048,0,0.08414628725,0.439818181,0,0.07096189043,0.5570019246,0,0.2196315486,False
11049,0,0.3586742868,0.439818181,0,0.1879051054,0.5570019246,0,0.7063903282,False
11050,0,0.1392285513,0.439818181,0,0.1176018642,0.5570019246,0,0.3104970255,False
11051,0,0.2199438066,0.439818181,0,0.1745601753,0.5570019246,0,0.4476108233,False
11052,0,0.1282158424,0.439818181,0,0.1381813594,0.5570019246,0,0.2930339666,False
11053,0,0.6002351615,0.439818181,1,0.4187076951,0.5570019246,0,0.9623872577,True
11054,0,0.3789895254,0.439818181,0,0.1834761286,0.5570019246,0,0.7448666283,False
11055,0,0.3496996579,0.439818181,0,0.2777223184,0.5570019246,0,0.6909422376,False
11056,0,0.3345573624,0.439818181,0,0.1597909488,0.5570019246,0,0.6635002879,False
11057,0,0.6777476023,0.439818181,1,0.6051495697,0.5570019246,1,0.9875263865,True
11058,0,0.264098769,0.439818181,0,0.1546284589,0.5570019246,0,0.5308002303,False
11059,0,0.3808768464,0.439818181,0,0.4786284708,0.5570019246,0,0.7482249088,False
11060,0,0.4441412558,0.439818181,1,0.346326876,0.5570019246,0,0.8349644982,False
11061,0,0.4499215785,0.439818181,1,0.1751142706,0.5570019246,0,0.842640568,False
11062,0,0.1015046929,0.439818181,0,0.05820829942,0.5570019246,0,0.2484168106,False
11063,0,0.2781581771,0.439818181,0,0.1604319869,0.5570019246,0,0.5547879486,False
11064,0,0.02008136784,0.439818181,0,0.02483401611,0.5570019246,0,0.08472462099,False
11065,0,0.4185963467,0.439818181,0,0.3049845834,0.5570019246,0,0.8027250048,False
11066,1,0.8118610135,0.439818181,1,0.9089690475,0.5570019246,1,,False
11067,0,0.2277065976,0.439818181,0,0.119309519,0.5570019246,0,0.4602763385,False
11068,1,0.6921215227,0.439818181,1,0.8504138973,0.5570019246,1,,False
11069,0,0.1647568023,0.439818181,0,0.08664605107,0.5570019246,0,0.351755901,False
11070,0,0.3074540489,0.439818181,0,0.1279019454,0.5570019246,0,0.6123584725,False
11071,0,0.3613114967,0.439818181,0,0.1551500954,0.5570019246,0,0.7115716753,False
11072,0,0.7378302925,0.439818181,1,0.477108064,0.5570019246,0,0.9973133756,True
11073,0,0.3110863844,0.439818181,0,0.2566379557,0.5570019246,0,0.6183074266,False
11074,0,0.1786668805,0.439818181,0,0.1746633778,0.5570019246,0,0.375935521,False
11075,0,0.2935396096,0.439818181,0,0.1243407436,0.5570019246,0,0.5840529649,False
11076,0,0.3119675179,0.439818181,0,0.1128610534,0.5570019246,0,0.6205142967,False
11077,1,0.6623840077,0.439818181,1,0.4976081665,0.5570019246,0,,False
11078,0,0.3050700216,0.439818181,0,0.5668132889,0.5570019246,1,0.6071771253,False
11079,0,0.3059411346,0.439818181,0,0.1138395916,0.5570019246,0,0.608904241,False
11080,0,0.009831978601,0.439818181,0,0.01565018517,0.5570019246,0,0.04691997697,False
11081,0,0.01707626939,0.439818181,0,0.01147698085,0.5570019246,0,0.07551333717,False
11082,0,0.1964304402,0.439818181,0,0.1794440539,0.5570019246,0,0.4071195548,False
11083,0,0.04273575862,0.439818181,0,0.04374895223,0.5570019246,0,0.1401842257,False
11084,1,0.7654380137,0.439818181,1,0.9076938044,0.5570019246,1,,False
11085,0,0.2945279961,0.439818181,0,0.2103001541,0.5570019246,0,0.5863557858,False
11086,0,0.3887161027,0.439818181,0,0.2042971429,0.5570019246,0,0.758683554,False
11087,0,0.1942436359,0.439818181,0,0.16110747,0.5570019246,0,0.4032815199,False
11088,0,0.731952588,0.439818181,1,0.7891059408,0.5570019246,1,0.9967376703,True
11089,1,0.605180955,0.439818181,1,0.8286785368,0.5570019246,1,,False
11090,0,0.3171603607,0.439818181,0,0.1767064642,0.5570019246,0,0.6317405488,False
11091,0,0.2055007383,0.439818181,0,0.1919027398,0.5570019246,0,0.4240069085,False
11092,0,0.1925679413,0.439818181,0,0.1937383027,0.5570019246,0,0.3993475341,False
11093,0,0.3219429612,0.439818181,0,0.1531595929,0.5570019246,0,0.64066398,False
11094,0,0.3598434048,0.439818181,0,0.1813589839,0.5570019246,0,0.7084052965,False
11095,1,0.7551758708,0.439818181,1,0.5972747696,0.5570019246,1,,False
11096,0,0.2419714245,0.439818181,0,0.2042886754,0.5570019246,0,0.4890616005,False
11097,0,0.6386613481,0.439818181,1,0.4914648264,0.5570019246,0,0.9752446747,True
11098,1,0.7856474094,0.439818181,1,0.9238731786,0.5570019246,1,,False
11099,0,0.5071688639,0.439818181,1,0.329117174,0.5570019246,0,0.901650355,True
11100,0,0.7393028416,0.439818181,1,0.4949104857,0.5570019246,0,0.9975052773,True
11101,0,0.1786898303,0.439818181,0,0.1292162411,0.5570019246,0,0.3760314719,False
11102,0,0.1069390551,0.439818181,0,0.06429352027,0.5570019246,0,0.2580118979,False
11103,0,0.2390713104,0.439818181,0,0.1632388316,0.5570019246,0,0.4828247937,False
11104,1,0.5583281269,0.439818181,1,0.6168983835,0.5570019246,1,,False
11105,1,0.8192542185,0.439818181,1,0.9047877959,0.5570019246,1,,False
11106,0,0.5215358576,0.439818181,1,0.3253966717,0.5570019246,0,0.9144118211,True
11107,0,0.514964239,0.439818181,1,0.7177662721,0.5570019246,1,0.9082709653,True
11108,0,0.5607985591,0.439818181,1,0.2308423615,0.5570019246,0,0.9420456726,True
11109,0,0.3505263665,0.439818181,0,0.1380297143,0.5570019246,0,0.6918057954,False
11110,0,0.337141007,0.439818181,0,0.1281787418,0.5570019246,0,0.6681059298,False
11111,0,0.001407680553,0.439818181,0,0.001962066698,0.5570019246,0,0.006188831318,False
11112,0,0.2929679273,0.439818181,0,0.1171677587,0.5570019246,0,0.5832853579,False
11113,1,0.4673809876,0.439818181,1,0.4603687961,0.5570019246,0,,False
11114,1,0.8332886727,0.439818181,1,0.9211776449,0.5570019246,1,,False
11115,0,0.4081182659,0.439818181,0,0.1445326849,0.5570019246,0,0.7883323738,False
11116,0,0.1811750727,0.439818181,0,0.06852755582,0.5570019246,0,0.3800614086,False
11117,0,0.3879857027,0.439818181,0,0.1838451377,0.5570019246,0,0.7574361927,False
11118,0,0.05781834583,0.439818181,0,0.04743776069,0.5570019246,0,0.1707925542,False
11119,1,0.7730957386,0.439818181,1,0.8336973313,0.5570019246,1,,False
11120,0,0.4414012285,0.439818181,1,0.6378371562,0.5570019246,1,0.8316062176,False
11121,1,0.6511044003,0.439818181,1,0.7152455045,0.5570019246,1,,False
11122,0,0.02119237241,0.439818181,0,0.01853512213,0.5570019246,0,0.0877470735,False
11123,1,0.741969023,0.439818181,1,0.9138012943,0.5570019246,1,,False
11124,0,0.6823275378,0.439818181,1,0.2653919296,0.5570019246,0,0.9889656496,True
11125,1,0.8306360687,0.439818181,1,0.6316524038,0.5570019246,1,,False
11126,0,0.3892467356,0.439818181,0,0.1234763553,0.5570019246,0,0.7598349645,False
11127,0,0.1288693652,0.439818181,0,0.05002400507,0.5570019246,0,0.2939934753,False
11128,1,0.7176343461,0.439818181,1,0.5678303535,0.5570019246,1,,False
11129,1,0.643955166,0.439818181,1,0.5766609951,0.5570019246,1,,False
11130,0,0.3438188256,0.439818181,0,0.2741764127,0.5570019246,0,0.6806754941,False
11131,0,0.67472294,0.439818181,1,0.4905163423,0.5570019246,0,0.9867587795,True
11132,0,0.1204530287,0.439818181,0,0.06940939423,0.5570019246,0,0.280656304,False
11133,0,0.3157055195,0.439818181,0,0.1990386887,0.5570019246,0,0.6286701209,False
11134,1,0.7450380333,0.439818181,1,0.8896160302,0.5570019246,1,,False
11135,0,0.3251407757,0.439818181,0,0.1722995428,0.5570019246,0,0.6462291307,False
11136,1,0.707774942,0.439818181,1,0.8489808452,0.5570019246,1,,False
11137,0,0.09939468325,0.439818181,0,0.09627388756,0.5570019246,0,0.2448666283,False
11138,1,0.6349196756,0.439818181,1,0.7582751125,0.5570019246,1,,False
11139,1,0.768573575,0.439818181,1,0.8761159666,0.5570019246,1,,False
11140,0,0.054287699,0.439818181,0,0.05580418431,0.5570019246,0,0.1623009019,False
11141,0,0.04609957051,0.439818181,0,0.05075345597,0.5570019246,0,0.1470926885,False
11142,0,0.5130945824,0.439818181,1,0.3567453684,0.5570019246,0,0.9067357513,True
11143,0,0.00513530526,0.439818181,0,0.003444513716,0.5570019246,0,0.02705814623,False
11144,1,0.7163885069,0.439818181,1,0.7940389442,0.5570019246,1,,False
11145,0,0.2779415106,0.439818181,0,0.161031702,0.5570019246,0,0.5539243907,False
11146,0,0.7554796323,0.439818181,1,0.3922713377,0.5570019246,0,0.9987526386,True
11147,0,0.3145450929,0.439818181,0,0.1670172702,0.5570019246,0,0.6256956438,False
11148,0,0.1166744437,0.439818181,0,0.1168828711,0.5570019246,0,0.2752830551,False
11149,0,0.2082300413,0.439818181,0,0.1684929678,0.5570019246,0,0.4290923047,False
11150,1,0.778342184,0.439818181,1,0.9172232031,0.5570019246,1,,False
11151,0,0.2004111916,0.439818181,0,0.07011787703,0.5570019246,0,0.4148915755,False
11152,0,0.4340490041,0.439818181,0,0.2039837092,0.5570019246,0,0.8214354251,False
11153,1,0.8210432922,0.439818181,1,0.8459656523,0.5570019246,1,,False
11154,0,0.3338031593,0.439818181,0,0.1415202684,0.5570019246,0,0.6616772213,False
11155,0,0.01619508959,0.439818181,0,0.02307000163,0.5570019246,0,0.07109959701,False
11156,0,0.547415084,0.439818181,1,0.2273037354,0.5570019246,0,0.9327384379,True
11157,1,0.6283623287,0.439818181,1,0.8513193139,0.5570019246,1,,False
11158,0,0.3875691164,0.439818181,0,0.2059367137,0.5570019246,0,0.7561888313,False
11159,0,0.2970723712,0.439818181,0,0.2328617244,0.5570019246,0,0.5921128382,False
11160,0,0.2964013873,0.439818181,0,0.2347832302,0.5570019246,0,0.5901938208,False
11161,0,0.3094191325,0.439818181,0,0.1361708322,0.5570019246,0,0.6159086548,False
11162,0,0.5003817015,0.439818181,1,0.2522670122,0.5570019246,0,0.8957014009,False
11163,0,0.2389649114,0.439818181,0,0.1807466871,0.5570019246,0,0.482632892,False
11164,0,0.1679763135,0.439818181,0,0.09789561508,0.5570019246,0,0.3581846095,False
11165,0,0.4779553941,0.439818181,1,0.2575694845,0.5570019246,0,0.8738246018,False
11166,1,0.813925219,0.439818181,1,0.9276826674,0.5570019246,1,,False
11167,0,0.02526282705,0.439818181,0,0.02381536507,0.5570019246,0,0.09748608712,False
11168,0,0.01020318497,0.439818181,0,0.01981022667,0.5570019246,0,0.0493187488,False
11169,0,0.598805545,0.439818181,1,0.4503145196,0.5570019246,0,0.9615236999,True
11170,0,0.5107425846,0.439818181,1,0.3253422212,0.5570019246,0,0.9048167338,True
11171,0,0.06994787919,0.439818181,0,0.02553305057,0.5570019246,0,0.1952600269,False
11172,1,0.857753109,0.439818181,1,0.9148958909,0.5570019246,1,,False
11173,0,0.6525573202,0.439818181,1,0.4284625981,0.5570019246,0,0.9800422184,True
11174,1,0.5632782174,0.439818181,1,0.4564304662,0.5570019246,0,,False
11175,0,0.3979406734,0.439818181,0,0.1980116099,0.5570019246,0,0.773076185,False
11176,0,0.115105575,0.439818181,0,0.06662236617,0.5570019246,0,0.272308578,False
11177,0,0.1326247419,0.439818181,0,0.1173187706,0.5570019246,0,0.3008059873,False
11178,0,0.4301334628,0.439818181,0,0.174115618,0.5570019246,0,0.8163500288,False
11179,0,0.2372812834,0.439818181,0,0.1319273511,0.5570019246,0,0.478794857,False
11180,1,0.5507129477,0.439818181,1,0.4709101549,0.5570019246,0,,False
11181,0,0.2406297926,0.439818181,0,0.1186990435,0.5570019246,0,0.486374976,False
11182,1,0.6320780686,0.439818181,1,0.5745254825,0.5570019246,1,,False
11183,0,0.5968849907,0.439818181,1,0.3689004398,0.5570019246,0,0.9607560929,True
11184,1,0.7589374112,0.439818181,1,0.9368387425,0.5570019246,1,,False
11185,0,0.5748023766,0.439818181,1,0.5220972419,0.5570019246,0,0.9509691038,True
11186,1,0.6713157173,0.439818181,1,0.6063101708,0.5570019246,1,,False
11187,0,0.3936895059,0.439818181,0,0.2753304054,0.5570019246,0,0.76703128,False
11188,0,0.368408263,0.439818181,0,0.2026768523,0.5570019246,0,0.7247169449,False
11189,1,0.6323677125,0.439818181,1,0.8596315835,0.5570019246,1,,False
11190,0,0.8057433195,0.439818181,1,0.5071217253,0.5570019246,0,1,True
11191,0,0.3310657793,0.439818181,0,0.0903591146,0.5570019246,0,0.656591825,False
11192,0,0.1478815992,0.439818181,0,0.06111752442,0.5570019246,0,0.3242180004,False
11193,0,0.7758151712,0.439818181,1,0.4759580821,0.5570019246,0,0.9995202456,True
11194,0,0.4614982448,0.439818181,1,0.3549829705,0.5570019246,0,0.8551141815,False
11195,0,0.1887888589,0.439818181,0,0.219359853,0.5570019246,0,0.3930147764,False
11196,1,0.7430495063,0.439818181,1,0.9096164182,0.5570019246,1,,False
11197,0,0.2110442889,0.439818181,0,0.180326329,0.5570019246,0,0.4336019958,False
11198,0,0.1998011885,0.439818181,0,0.1466209308,0.5570019246,0,0.4130685089,False
11199,1,0.4190958659,0.439818181,0,0.6540379487,0.5570019246,1,,False
11200,1,0.819699862,0.439818181,1,0.9196529744,0.5570019246,1,,False
11201,0,0.646554124,0.439818181,1,0.4874868227,0.5570019246,0,0.97802725,True
11202,0,0.6515456066,0.439818181,1,0.4559242814,0.5570019246,0,0.9796584149,True
11203,0,0.2064614589,0.439818181,0,0.1757121824,0.5570019246,0,0.4256380733,False
11204,1,0.7742802137,0.439818181,1,0.919872163,0.5570019246,1,,False
11205,0,0.3395908581,0.439818181,0,0.1947388789,0.5570019246,0,0.6725196699,False
11206,0,0.08033857088,0.439818181,0,0.0683789324,0.5570019246,0,0.213298791,False
11207,1,0.7654682386,0.439818181,1,0.6720962989,0.5570019246,1,,False
11208,0,0.7267557264,0.439818181,1,0.453998365,0.5570019246,0,0.9965457686,True
11209,0,0.5169754071,0.439818181,1,0.3205827053,0.5570019246,0,0.909998081,True
11210,1,0.4001875583,0.439818181,0,0.3297788633,0.5570019246,0,,False
11211,0,0.1780337797,0.439818181,0,0.05246934849,0.5570019246,0,0.374400307,False
11212,0,0.1458352878,0.439818181,0,0.05761205501,0.5570019246,0,0.320763769,False
11213,0,0.2448050438,0.439818181,0,0.1034287201,0.5570019246,0,0.4945308002,False
11214,0,0.0490299121,0.439818181,0,0.03619454458,0.5570019246,0,0.1522740357,False
11215,0,0.5581589246,0.439818181,1,0.3507208048,0.5570019246,0,0.9406064095,True
11216,0,0.5703868258,0.439818181,1,0.7435346236,0.5570019246,1,0.9477067741,True
11217,0,0.4712403881,0.439818181,1,0.6881881588,0.5570019246,1,0.8666282863,False
11218,0,0.551367811,0.439818181,1,0.2161940364,0.5570019246,0,0.9352331606,True
11219,1,0.7279489414,0.439818181,1,0.6188325801,0.5570019246,1,,False
11220,0,0.3927647381,0.439818181,0,0.4333756334,0.5570019246,0,0.765496066,False
11221,0,0.1902058256,0.439818181,0,0.1085234464,0.5570019246,0,0.3951256956,False
11222,0,0.2977177003,0.439818181,0,0.1101127892,0.5570019246,0,0.5937440031,False
11223,0,0.02274372164,0.439818181,0,0.0244748431,0.5570019246,0,0.09230473997,False
11224,0,0.283105592,0.439818181,0,0.1826036542,0.5570019246,0,0.5640951833,False
11225,0,0.1983246915,0.439818181,0,0.144564127,0.5570019246,0,0.4097102284,False
11226,0,0.2420175274,0.439818181,0,0.1947867694,0.5570019246,0,0.4891575513,False
11227,1,0.7845229909,0.439818181,1,0.6668237475,0.5570019246,1,,False
11228,0,0.6379840278,0.439818181,1,0.4880924546,0.5570019246,0,0.9749568221,True
11229,0,0.3953460571,0.439818181,0,0.3695678508,0.5570019246,0,0.7701017079,False
11230,0,0.270906623,0.439818181,0,0.2338331164,0.5570019246,0,0.5413548263,False
11231,0,0.0008308900804,0.439818181,0,0.005812243112,0.5570019246,0,0.001343312224,False
11232,0,0.1959228357,0.439818181,0,0.06439195446,0.5570019246,0,0.4064478987,False
11233,1,0.7213866107,0.439818181,1,0.8019029294,0.5570019246,1,,False
11234,0,0.161001856,0.439818181,0,0.3536762428,0.5570019246,0,0.3459988486,False
11235,0,0.1784010608,0.439818181,0,0.08475516118,0.5570019246,0,0.375167914,False
11236,0,0.4790528343,0.439818181,1,0.3485431901,0.5570019246,0,0.8754557666,False
11237,0,0.531665213,0.439818181,1,0.3707591104,0.5570019246,0,0.9215121858,True
11238,0,0.2337095159,0.439818181,0,0.1480397491,0.5570019246,0,0.472749952,False
11239,0,0.6748703706,0.439818181,1,0.4297456878,0.5570019246,0,0.9869506813,True
11240,0,0.4114652058,0.439818181,0,0.2883276727,0.5570019246,0,0.7938975245,False
11241,0,0.05516470978,0.439818181,0,0.04796736675,0.5570019246,0,0.1644597966,False
11242,0,0.405058297,0.439818181,0,0.1752633768,0.5570019246,0,0.784398388,False
11243,1,0.7503669978,0.439818181,1,0.6085980964,0.5570019246,1,,False
11244,0,0.02575525025,0.439818181,0,0.01292109619,0.5570019246,0,0.09911725197,False
11245,0,0.5455481464,0.439818181,1,0.2852777057,0.5570019246,0,0.9315870274,True
11246,0,0.3731351325,0.439818181,0,0.2694338211,0.5570019246,0,0.7342160814,False
11247,0,0.5140092778,0.439818181,1,0.417304889,0.5570019246,0,0.9077912109,True
11248,0,0.3017515493,0.439818181,0,0.1770677318,0.5570019246,0,0.6008443677,False
11249,0,0.2329918136,0.439818181,0,0.1058537302,0.5570019246,0,0.4711187872,False
11250,1,0.8792170757,0.439818181,1,0.9010480721,0.5570019246,1,,False
11251,1,0.7949920118,0.439818181,1,0.6918825211,0.5570019246,1,,False
11252,0,0.1867576564,0.439818181,0,0.05143369975,0.5570019246,0,0.388792938,False
11253,0,0.5342608222,0.439818181,1,0.3492943769,0.5570019246,0,0.922855498,True
11254,0,0.2485326891,0.439818181,0,0.0810261517,0.5570019246,0,0.5012473614,False
11255,0,0.3020756235,0.439818181,0,0.2213656319,0.5570019246,0,0.601324122,False
11256,0,0.4869321814,0.439818181,1,0.5446619697,0.5570019246,0,0.8823642295,False
11257,0,0.5035241161,0.439818181,1,0.5771761563,0.5570019246,1,0.898675878,False
11258,1,0.7010827953,0.439818181,1,0.8544531297,0.5570019246,1,,False
11259,1,0.7816900874,0.439818181,1,0.7942373779,0.5570019246,1,,False
11260,0,0.3915572417,0.439818181,0,0.4066573759,0.5570019246,0,0.7637689503,False
11261,0,0.580948561,0.439818181,1,0.3547612267,0.5570019246,0,0.9536557283,True
11262,0,0.1031441409,0.439818181,0,0.03343665113,0.5570019246,0,0.2512953368,False
11263,1,0.6682238685,0.439818181,1,0.8227879771,0.5570019246,1,,False
11264,0,0.1012295838,0.439818181,0,0.5721500395,0.5570019246,1,0.2479370562,False
11265,1,0.744544954,0.439818181,1,0.88752929,0.5570019246,1,,False
11266,0,0.0304781094,0.439818181,0,0.03436966409,0.5570019246,0,0.1103435041,False
11267,0,0.3634839823,0.439818181,0,0.5372761046,0.5570019246,0,0.7155056611,False
11268,0,0.4808977004,0.439818181,1,0.1102498976,0.5570019246,0,0.8771828824,False
11269,0,0.5635154261,0.439818181,1,0.4384317638,0.5570019246,0,0.944060641,True
11270,1,0.7183435582,0.439818181,1,0.4991390657,0.5570019246,0,,False
11271,0,0.6742913966,0.439818181,1,0.4057764652,0.5570019246,0,0.986374976,True
11272,0,0.2078983791,0.439818181,0,0.1700271895,0.5570019246,0,0.4279408943,False
11273,0,0.2208015394,0.439818181,0,0.1255612806,0.5570019246,0,0.4492419881,False
11274,1,0.6892657464,0.439818181,1,0.9281778954,0.5570019246,1,,False
11275,0,0.6098596996,0.439818181,1,0.3846758162,0.5570019246,0,0.9660333909,True
11276,0,0.1700406371,0.439818181,0,0.1235422555,0.5570019246,0,0.3610631357,False
11277,0,0.4878537939,0.439818181,1,0.7449034057,0.5570019246,1,0.8828439839,False
11278,0,0.4913549832,0.439818181,1,0.3348521429,0.5570019246,0,0.8862022644,False
11279,0,0.2102366502,0.439818181,0,0.121390155,0.5570019246,0,0.4322586836,False
11280,1,0.6735483438,0.439818181,1,0.5595145734,0.5570019246,1,,False
11281,0,0.384465598,0.439818181,0,0.1589063359,0.5570019246,0,0.7521588946,False
11282,0,0.3748135949,0.439818181,0,0.2630094398,0.5570019246,0,0.7368067549,False
11283,0,0.1717397016,0.439818181,0,0.05622460317,0.5570019246,0,0.3633659566,False
11284,0,0.2241040891,0.439818181,0,0.07809810963,0.5570019246,0,0.454615237,False
11285,1,0.6604852123,0.439818181,1,0.805218573,0.5570019246,1,,False
11286,0,0.1936595771,0.439818181,0,0.1013010159,0.5570019246,0,0.4021301094,False
11287,0,0.003964165451,0.439818181,0,0.008780416278,0.5570019246,0,0.02178084821,False
11288,0,0.2367813694,0.439818181,0,0.1249058652,0.5570019246,0,0.4777393974,False
11289,0,0.2842094651,0.439818181,0,0.1488537571,0.5570019246,0,0.5661101516,False
11290,0,0.4673996533,0.439818181,1,0.3837589707,0.5570019246,0,0.8617347918,False
11291,0,0.3701433798,0.439818181,0,0.09305408204,0.5570019246,0,0.7273076185,False
11292,1,0.6462434802,0.439818181,1,0.8713284145,0.5570019246,1,,False
11293,0,0.08650046559,0.439818181,0,0.05637608859,0.5570019246,0,0.2235655344,False
11294,0,0.5394846829,0.439818181,1,0.1892809322,0.5570019246,0,0.9274611399,True
11295,0,0.5009540156,0.439818181,1,0.2672204631,0.5570019246,0,0.8962771061,False
11296,1,0.5176197338,0.439818181,1,0.4795548023,0.5570019246,0,,False
11297,0,0.08886876558,0.439818181,0,0.1004050917,0.5570019246,0,0.2274035694,False
11298,0,0.4817395784,0.439818181,1,0.2821448197,0.5570019246,0,0.878238342,False
11299,0,0.5084264445,0.439818181,1,0.3534344354,0.5570019246,0,0.9028977164,True
11300,0,0.6054542049,0.439818181,1,0.3189035337,0.5570019246,0,0.9646900787,True
11301,0,0.6306535974,0.439818181,1,0.621109645,0.5570019246,1,0.9729418538,True
11302,0,0.6001522375,0.439818181,1,0.6628689408,0.5570019246,1,0.9622913069,True
11303,0,0.3666602309,0.439818181,0,0.163125115,0.5570019246,0,0.721646517,False
11304,1,0.6305617138,0.439818181,1,0.5896829825,0.5570019246,1,,False
11305,0,0.246775751,0.439818181,0,0.1966492004,0.5570019246,0,0.4975052773,False
11306,0,0.2291326017,0.439818181,0,0.1275184555,0.5570019246,0,0.4627710612,False
11307,0,0.2692285643,0.439818181,0,0.1238351227,0.5570019246,0,0.5388601036,False
11308,1,0.5345327427,0.439818181,1,0.8918525464,0.5570019246,1,,False
11309,1,0.5690305701,0.439818181,1,0.4920613352,0.5570019246,0,,False
11310,0,0.2354155491,0.439818181,0,0.08970055505,0.5570019246,0,0.4756284782,False
11311,1,0.6285707135,0.439818181,1,0.9060153585,0.5570019246,1,,False
11312,1,0.8744832537,0.439818181,1,0.8764667071,0.5570019246,1,,False
11313,0,0.4493006246,0.439818181,1,0.6101032301,0.5570019246,1,0.8419689119,False
11314,1,0.8004136562,0.439818181,1,0.8404593903,0.5570019246,1,,False
11315,0,0.2814228206,0.439818181,0,0.1301812175,0.5570019246,0,0.5608328536,False
11316,0,0.4111226963,0.439818181,0,0.6083963661,0.5570019246,1,0.793513721,False
11317,0,0.3764786484,0.439818181,0,0.4225019791,0.5570019246,0,0.7404528881,False
11318,0,0.2557599903,0.439818181,0,0.2348486785,0.5570019246,0,0.5142966801,False
11319,0,0.5035537251,0.439818181,1,0.3050822876,0.5570019246,0,0.8987718288,False
11320,0,0.2261177237,0.439818181,0,0.1174805378,0.5570019246,0,0.4576856649,False
11321,0,0.312198933,0.439818181,0,0.2178386282,0.5570019246,0,0.6208981002,False
11322,1,0.6882642101,0.439818181,1,0.5201293038,0.5570019246,0,,False
11323,1,0.5390801202,0.439818181,1,0.8800447967,0.5570019246,1,,False
11324,0,0.3885965516,0.439818181,0,0.1588470216,0.5570019246,0,0.7582997505,False
11325,0,0.509313548,0.439818181,1,0.7983184642,0.5570019246,1,0.9035693725,True
11326,0,0.251004622,0.439818181,0,0.1763162713,0.5570019246,0,0.5046056419,False
11327,0,0.04788235692,0.439818181,0,0.0257771838,0.5570019246,0,0.1509307235,False
11328,0,0.1491186975,0.439818181,0,0.08059515755,0.5570019246,0,0.3265208213,False
11329,0,0.2060726643,0.439818181,0,0.1146316526,0.5570019246,0,0.4248704663,False
11330,0,0.02324107878,0.439818181,0,0.02291600804,0.5570019246,0,0.0936480522,False
11331,0,0.3436614625,0.439818181,0,0.2947646109,0.5570019246,0,0.6802916907,False
11332,0,0.1666056829,0.439818181,0,0.1140822076,0.5570019246,0,0.3556898868,False
11333,0,0.4899582065,0.439818181,1,0.3847798756,0.5570019246,0,0.8852427557,False
11334,0,0.2229668392,0.439818181,0,0.1597630827,0.5570019246,0,0.4529840722,False
11335,0,0.3427310802,0.439818181,0,0.6104900106,0.5570019246,1,0.6778929188,False
11336,0,0.6011932626,0.439818181,1,0.3512929094,0.5570019246,0,0.9626751103,True
11337,0,0.1281816511,0.439818181,0,0.0571458144,0.5570019246,0,0.2929380157,False
11338,0,0.153249957,0.439818181,0,0.106915961,0.5570019246,0,0.3326616772,False
11339,0,0.2442987694,0.439818181,0,0.2003870592,0.5570019246,0,0.4932834389,False
11340,0,0.2197773386,0.439818181,0,0.1492495004,0.5570019246,0,0.4475148724,False
11341,0,0.4350711239,0.439818181,0,0.2790301156,0.5570019246,0,0.8232584917,False
11342,0,0.4412097333,0.439818181,1,0.3899953794,0.5570019246,0,0.831318365,False
11343,1,0.8312098658,0.439818181,1,0.8883946508,0.5570019246,1,,False
11344,0,0.3367754252,0.439818181,0,0.7136818926,0.5570019246,1,0.6673383228,False
11345,1,0.7322536834,0.439818181,1,0.8475037173,0.5570019246,1,,False
11346,0,0.1586622385,0.439818181,0,0.09727385021,0.5570019246,0,0.3414891576,False
11347,0,0.4574094483,0.439818181,1,0.1868888906,0.5570019246,0,0.8507963922,False
11348,0,0.4671656393,0.439818181,1,0.6004094364,0.5570019246,1,0.8612550374,False
11349,0,0.5288726262,0.439818181,1,0.2394419414,0.5570019246,0,0.91978507,True
11350,1,0.7199550089,0.439818181,1,0.878092802,0.5570019246,1,,False
11351,0,0.5499667869,0.439818181,1,0.4491957975,0.5570019246,0,0.9344655536,True
11352,1,0.7139775474,0.439818181,1,0.8276001628,0.5570019246,1,,False
11353,0,0.1440730756,0.439818181,0,0.07220930887,0.5570019246,0,0.3178852428,False
11354,0,0.1157093699,0.439818181,0,0.05104714802,0.5570019246,0,0.2734599885,False
11355,0,0.5966053626,0.439818181,1,0.3563664946,0.5570019246,0,0.9605641911,True
11356,0,0.3016815037,0.439818181,0,0.1419271205,0.5570019246,0,0.6007484168,False
11357,0,0.5317408712,0.439818181,1,0.7487477311,0.5570019246,1,0.9217040875,True
11358,0,0.2183328444,0.439818181,0,0.1413305732,0.5570019246,0,0.4458837075,False
11359,0,0.307862754,0.439818181,0,0.5956100762,0.5570019246,1,0.6132220303,False
11360,0,0.5352179548,0.439818181,1,0.245209309,0.5570019246,0,0.9240069085,True
11361,0,0.2156946015,0.439818181,0,0.1794488633,0.5570019246,0,0.4401266552,False
11362,0,0.3532589244,0.439818181,0,0.1322314751,0.5570019246,0,0.6958357321,False
11363,0,0.0748101561,0.439818181,0,0.0571730227,0.5570019246,0,0.2038956055,False
11364,0,0.1495366375,0.439818181,0,0.07482994544,0.5570019246,0,0.3274803301,False
11365,0,0.2351371687,0.439818181,0,0.4816785133,0.5570019246,0,0.4753406256,False
11366,0,0.1735610904,0.439818181,0,0.1160217193,0.5570019246,0,0.3668201881,False
11367,0,0.4897467175,0.439818181,1,0.3334945794,0.5570019246,0,0.8848589522,False
11368,1,0.6942440896,0.439818181,1,0.8158089529,0.5570019246,1,,False
11369,0,0.09650666276,0.439818181,0,0.05363165621,0.5570019246,0,0.2404528881,False
11370,0,0.1316680845,0.439818181,0,0.129784162,0.5570019246,0,0.2990788716,False
11371,1,0.628800358,0.439818181,1,0.8800524503,0.5570019246,1,,False
11372,0,0.3562734996,0.439818181,0,0.1897056316,0.5570019246,0,0.7009211284,False
11373,0,0.08268364802,0.439818181,0,0.0885987386,0.5570019246,0,0.2173287277,False
11374,0,0.3887244326,0.439818181,0,0.1293811089,0.5570019246,0,0.7587795049,False
11375,0,0.3075188524,0.439818181,0,0.1967014315,0.5570019246,0,0.6125503742,False
11376,0,0.6673398333,0.439818181,1,0.4652046538,0.5570019246,0,0.9847438112,True
11377,0,0.1294077819,0.439818181,0,0.08014202446,0.5570019246,0,0.2954327384,False
11378,1,0.6611396091,0.439818181,1,0.9056996846,0.5570019246,1,,False
11379,0,0.03468514583,0.439818181,0,0.01984490884,0.5570019246,0,0.1220495107,False
11380,1,0.7003566242,0.439818181,1,0.8973521405,0.5570019246,1,,False
11381,0,0.338274684,0.439818181,0,0.1273720109,0.5570019246,0,0.6700249472,False
11382,0,0.08630897152,0.439818181,0,0.05083778877,0.5570019246,0,0.2233736327,False
11383,1,0.7974744866,0.439818181,1,0.9085852021,0.5570019246,1,,False
11384,0,0.5137152998,0.439818181,1,0.2375363006,0.5570019246,0,0.9073114565,True
11385,0,0.2587661331,0.439818181,0,0.1372292586,0.5570019246,0,0.5201496834,False
11386,1,0.7625266181,0.439818181,1,0.8988170532,0.5570019246,1,,False
11387,0,0.3393517357,0.439818181,0,0.1143722105,0.5570019246,0,0.6720399156,False
11388,0,0.4235920888,0.439818181,0,0.2100596733,0.5570019246,0,0.809345615,False
11389,0,0.2757199997,0.439818181,0,0.1344780744,0.5570019246,0,0.5495106505,False
11390,0,0.3037625911,0.439818181,0,0.1693505877,0.5570019246,0,0.6038188448,False
11391,0,0.1098621995,0.439818181,0,0.05159366811,0.5570019246,0,0.2633851468,False
11392,0,0.6092450046,0.439818181,1,0.1980423599,0.5570019246,0,0.9658414892,True
11393,0,0.5286725956,0.439818181,1,0.4672814819,0.5570019246,0,0.9194012666,True
11394,0,0.3207578007,0.439818181,0,0.2383814757,0.5570019246,0,0.6380733065,False
11395,0,0.6391239276,0.439818181,1,0.4594853243,0.5570019246,0,0.9753406256,True
11396,0,0.09824910333,0.439818181,0,0.1074257128,0.5570019246,0,0.2432354634,False
11397,0,0.04483264009,0.439818181,0,0.01881478258,0.5570019246,0,0.1446939167,False
11398,0,0.3342704972,0.439818181,0,0.1940093836,0.5570019246,0,0.66263673,False
11399,0,0.3262966993,0.439818181,0,0.2819974362,0.5570019246,0,0.6486279025,False
11400,1,0.6736596091,0.439818181,1,0.8489994438,0.5570019246,1,,False
11401,0,0.3211210968,0.439818181,0,0.2451953571,0.5570019246,0,0.6388409135,False
11402,0,0.4981124085,0.439818181,1,0.7815220079,0.5570019246,1,0.8933026291,False
11403,0,0.131516846,0.439818181,0,0.1196245509,0.5570019246,0,0.298791019,False
11404,0,0.4101240011,0.439818181,0,0.115566521,0.5570019246,0,0.7914987526,False
11405,0,0.054287699,0.439818181,0,0.05580418431,0.5570019246,0,0.1623009019,False
11406,0,0.2948346513,0.439818181,0,0.2026216436,0.5570019246,0,0.5870274419,False
11407,0,0.4944396008,0.439818181,1,0.6102872158,0.5570019246,1,0.8886969871,False
11408,0,0.5932110903,0.439818181,1,0.4048957644,0.5570019246,0,0.9594127807,True
11409,1,0.7483900186,0.439818181,1,0.6272027524,0.5570019246,1,,False
11410,0,0.17645506,0.439818181,0,0.1317809554,0.5570019246,0,0.3710420265,False
11411,0,0.1031684252,0.439818181,0,0.05737757029,0.5570019246,0,0.2513912877,False
11412,0,0.370665862,0.439818181,0,0.2801028736,0.5570019246,0,0.728459029,False
11413,0,0.3045606773,0.439818181,0,0.2390916785,0.5570019246,0,0.6062176166,False
11414,0,0.1065715548,0.439818181,0,0.07073974306,0.5570019246,0,0.2573402418,False
11415,0,0.03634223259,0.439818181,0,0.02422970939,0.5570019246,0,0.1265592017,False
11416,0,0.5312763908,0.439818181,1,0.3430870768,0.5570019246,0,0.9212243331,True
11417,0,0.3719147673,0.439818181,0,0.3463190758,0.5570019246,0,0.7315294569,False
11418,0,0.2545434292,0.439818181,0,0.1202114485,0.5570019246,0,0.5116100557,False
11419,0,0.1076773428,0.439818181,0,0.03853739211,0.5570019246,0,0.2591633084,False
11420,0,0.01573317105,0.439818181,0,0.02451684631,0.5570019246,0,0.06918057954,False
11421,0,0.3227986628,0.439818181,0,0.2664367869,0.5570019246,0,0.6419113414,False
11422,0,0.2925894773,0.439818181,0,0.2822696654,0.5570019246,0,0.5823258492,False
11423,1,0.7595839907,0.439818181,1,0.9191509167,0.5570019246,1,,False
11424,0,0.5908929055,0.439818181,1,0.4746500886,0.5570019246,0,0.9581654193,True
11425,0,0.4457579531,0.439818181,1,0.7145827213,0.5570019246,1,0.8378430244,False
11426,0,0.3463185365,0.439818181,0,0.2073492071,0.5570019246,0,0.6853770869,False
11427,0,0.4536184869,0.439818181,1,0.3231755203,0.5570019246,0,0.8472462099,False
11428,0,0.241458549,0.439818181,0,0.1646432503,0.5570019246,0,0.4875263865,False
11429,0,0.5386647118,0.439818181,1,0.8146743702,0.5570019246,1,0.9265016312,True
11430,0,0.2067241515,0.439818181,0,0.04917264136,0.5570019246,0,0.4260218768,False
11431,1,0.7512559001,0.439818181,1,0.9301491976,0.5570019246,1,,False
11432,1,0.6251538347,0.439818181,1,0.7953129332,0.5570019246,1,,False
11433,1,0.5772158069,0.439818181,1,0.8772502905,0.5570019246,1,,False
11434,1,0.6856401935,0.439818181,1,0.6710888024,0.5570019246,1,,False
11435,1,0.8585704866,0.439818181,1,0.895862304,0.5570019246,1,,False
11436,0,0.3781424929,0.439818181,0,0.1810235208,0.5570019246,0,0.7433314143,False
11437,0,0.4389561112,0.439818181,0,0.2668498748,0.5570019246,0,0.8277681827,False
11438,1,0.799293105,0.439818181,1,0.6756857517,0.5570019246,1,,False
11439,0,0.03821461619,0.439818181,0,0.03404698306,0.5570019246,0,0.1309729419,False
11440,0,0.1821394349,0.439818181,0,0.3286939207,0.5570019246,0,0.3818844751,False
11441,0,0.3889218948,0.439818181,0,0.1774083161,0.5570019246,0,0.7590673575,False
11442,0,0.2334569049,0.439818181,0,0.2262454915,0.5570019246,0,0.4715985415,False
11443,1,0.7066794077,0.439818181,1,0.8627128609,0.5570019246,1,,False
11444,1,0.6394297285,0.439818181,1,0.9291007883,0.5570019246,1,,False
11445,0,0.3576301031,0.439818181,0,0.08766167013,0.5570019246,0,0.7044713107,False
11446,0,0.2068538867,0.439818181,0,0.1362217772,0.5570019246,0,0.4263097294,False
11447,1,0.8121379316,0.439818181,1,0.8630288303,0.5570019246,1,,False
11448,1,0.7276508022,0.439818181,1,0.85608594,0.5570019246,1,,False
11449,0,0.5159262388,0.439818181,1,0.1891994019,0.5570019246,0,0.9090385723,True
11450,0,0.0893329356,0.439818181,0,0.0944803917,0.5570019246,0,0.2278833237,False
11451,0,0.5454946738,0.439818181,1,0.331288013,0.5570019246,0,0.9314910766,True
11452,1,0.8056304511,0.439818181,1,0.8352262707,0.5570019246,1,,False
11453,0,0.3462145252,0.439818181,0,0.2725856157,0.5570019246,0,0.6851851852,False
11454,0,0.323750911,0.439818181,0,0.08917248805,0.5570019246,0,0.6432546536,False
11455,0,0.2294246667,0.439818181,0,0.1939185498,0.5570019246,0,0.4632508156,False
11456,1,0.7317443264,0.439818181,1,0.5262461523,0.5570019246,0,,False
11457,0,0.3795945704,0.439818181,0,0.1678846389,0.5570019246,0,0.7461139896,False
11458,0,0.281410195,0.439818181,0,0.1505007566,0.5570019246,0,0.5607369027,False
11459,1,0.6289413907,0.439818181,1,0.7944713103,0.5570019246,1,,False
11460,0,0.4254807799,0.439818181,0,0.2497460381,0.5570019246,0,0.8121281904,False
11461,0,0.6499304093,0.439818181,1,0.432039984,0.5570019246,0,0.9788908079,True
11462,0,0.09751135227,0.439818181,0,0.07834669556,0.5570019246,0,0.2418921512,False
11463,1,0.5288184117,0.439818181,1,0.7549246297,0.5570019246,1,,False
11464,0,0.07071039274,0.439818181,0,0.06581486793,0.5570019246,0,0.1961235847,False
11465,0,0.03051485602,0.439818181,0,0.04272086231,0.5570019246,0,0.1105354059,False
11466,0,0.1221739703,0.439818181,0,0.0552377677,0.5570019246,0,0.2826712723,False
11467,0,0.07150088472,0.439818181,0,0.02896503418,0.5570019246,0,0.1970830935,False
11468,0,0.3707652503,0.439818181,0,0.2397104482,0.5570019246,0,0.7285549799,False
11469,1,0.5154113878,0.439818181,1,0.6709376516,0.5570019246,1,,False
11470,0,0.5456862745,0.439818181,1,0.1704740955,0.5570019246,0,0.9316829783,True
11471,0,0.3568113313,0.439818181,0,0.5132530693,0.5570019246,0,0.7026482441,False
11472,0,0.3910001435,0.439818181,0,0.5781269972,0.5570019246,1,0.7625215889,False
11473,0,0.2309513387,0.439818181,0,0.1136832377,0.5570019246,0,0.4668969488,False
11474,1,0.6817766366,0.439818181,1,0.5943388364,0.5570019246,1,,False
11475,0,0.5155939424,0.439818181,1,0.7494409931,0.5570019246,1,0.9085588179,True
11476,0,0.4884286599,0.439818181,1,0.2864792414,0.5570019246,0,0.8836115909,False
11477,0,0.3401275741,0.439818181,0,0.1801858573,0.5570019246,0,0.673958933,False
11478,0,0.7223541721,0.439818181,1,0.792246464,0.5570019246,1,0.9959700633,True
11479,1,0.4950114245,0.439818181,1,0.4079110807,0.5570019246,0,,False
11480,0,0.3376414286,0.439818181,0,0.2438463075,0.5570019246,0,0.6690654385,False
11481,0,0.4842712821,0.439818181,1,0.1799480593,0.5570019246,0,0.8795816542,False
11482,0,0.622563123,0.439818181,1,0.2766153263,0.5570019246,0,0.9707349837,True
11483,1,0.7346431453,0.439818181,1,0.8559765763,0.5570019246,1,,False
11484,1,0.7072842888,0.439818181,1,0.4608575339,0.5570019246,0,,False
11485,0,0.5344509237,0.439818181,1,0.5914584481,0.5570019246,1,0.9231433506,True
11486,0,0.3903097747,0.439818181,0,0.2865122748,0.5570019246,0,0.7614661293,False
11487,1,0.8101881361,0.439818181,1,0.8390724035,0.5570019246,1,,False
11488,0,0.2279078585,0.439818181,0,0.1836337714,0.5570019246,0,0.4605641911,False
11489,0,0.1320377296,0.439818181,0,0.1373931216,0.5570019246,0,0.2996545769,False
11490,1,0.6672518014,0.439818181,1,0.5193838436,0.5570019246,0,,False
11491,0,0.1610434677,0.439818181,0,0.09510340491,0.5570019246,0,0.3461907503,False
11492,0,0.5547544626,0.439818181,1,0.514775187,0.5570019246,0,0.9381116868,True
11493,0,0.3697731103,0.439818181,0,0.2343579511,0.5570019246,0,0.7264440606,False
11494,0,0.2621954141,0.439818181,0,0.121592874,0.5570019246,0,0.5268662445,False
11495,1,0.5341080296,0.439818181,1,0.8370254601,0.5570019246,1,,False
11496,0,0.6113298254,0.439818181,1,0.2867018761,0.5570019246,0,0.9669928996,True
11497,0,0.04440221798,0.439818181,0,0.0231706294,0.5570019246,0,0.1434465554,False
11498,0,0.3326776795,0.439818181,0,0.6088819196,0.5570019246,1,0.6601420073,False
11499,0,0.1000850703,0.439818181,0,0.0841384984,0.5570019246,0,0.2459220879,False
11500,0,0.3797005472,0.439818181,0,0.2111696029,0.5570019246,0,0.7464018423,False
11501,0,0.07615533204,0.439818181,0,0.0473022931,0.5570019246,0,0.2058146229,False
11502,0,0.6663753195,0.439818181,1,0.3490677177,0.5570019246,0,0.9841681059,True
11503,0,0.09709289879,0.439818181,0,0.04216369821,0.5570019246,0,0.2409326425,False
11504,1,0.6747873158,0.439818181,1,0.6225890864,0.5570019246,1,,False
11505,0,0.2939799829,0.439818181,0,0.5877606082,0.5570019246,1,0.5848205719,False
11506,0,0.2514851693,0.439818181,0,0.1806366426,0.5570019246,0,0.5055651506,False
11507,0,0.03380785395,0.439818181,0,0.04584490622,0.5570019246,0,0.1194588371,False
11508,1,0.5035080642,0.439818181,1,0.4839503737,0.5570019246,0,,False
11509,0,0.02672985922,0.439818181,0,0.01559382021,0.5570019246,0,0.1015160238,False
11510,0,0.2654601449,0.439818181,0,0.2080182309,0.5570019246,0,0.5329111495,False
11511,0,0.03985255047,0.439818181,0,0.04091438056,0.5570019246,0,0.1344271733,False
11512,1,0.8551035461,0.439818181,1,0.9070319424,0.5570019246,1,,False
11513,0,0.6795877301,0.439818181,1,0.7165508986,0.5570019246,1,0.9881020917,True
11514,1,0.8213384845,0.439818181,1,0.7367516321,0.5570019246,1,,False
11515,0,0.4185066863,0.439818181,0,0.2624477486,0.5570019246,0,0.8026290539,False
11516,1,0.6072055093,0.439818181,1,0.5741392212,0.5570019246,1,,False
11517,0,0.1161336386,0.439818181,0,0.09016776542,0.5570019246,0,0.2744194972,False
11518,1,0.8076609584,0.439818181,1,0.6580521748,0.5570019246,1,,False
11519,1,0.5443195736,0.439818181,1,0.5099186962,0.5570019246,0,,False
11520,0,0.4060866285,0.439818181,0,0.5951808,0.5570019246,1,0.7855497985,False
11521,0,0.388940234,0.439818181,0,0.2788228989,0.5570019246,0,0.7592592593,False
11522,0,0.05092522398,0.439818181,0,0.04025264829,0.5570019246,0,0.1567837267,False
11523,1,0.4725678967,0.439818181,1,0.4592846623,0.5570019246,0,,False
11524,0,0.003890271712,0.439818181,0,0.005301251461,0.5570019246,0,0.02110919209,False
11525,0,0.1378620011,0.439818181,0,0.09397087975,0.5570019246,0,0.3085780081,False
11526,0,0.4982919102,0.439818181,1,0.3640298124,0.5570019246,0,0.8934945308,False
11527,1,0.7447621915,0.439818181,1,0.8443811335,0.5570019246,1,,False
11528,0,0.4373011659,0.439818181,0,0.1052224523,0.5570019246,0,0.8255613126,False
11529,0,0.215245676,0.439818181,0,0.2449982361,0.5570019246,0,0.4395509499,False
11530,0,0.1532877735,0.439818181,0,0.06499506846,0.5570019246,0,0.3327576281,False
11531,0,0.3065215606,0.439818181,0,0.1614589606,0.5570019246,0,0.6102475533,False
11532,1,0.5349678739,0.439818181,1,0.4802725726,0.5570019246,0,,False
11533,1,0.6698220814,0.439818181,1,0.830413045,0.5570019246,1,,False
11534,1,0.5599679393,0.439818181,1,0.769002439,0.5570019246,1,,False
11535,0,0.4463354354,0.439818181,1,0.175009477,0.5570019246,0,0.8382268279,False
11536,1,0.753528823,0.439818181,1,0.6712873867,0.5570019246,1,,False
11537,0,0.159761688,0.439818181,0,0.087372207,0.5570019246,0,0.3436960276,False
11538,1,0.8424900058,0.439818181,1,0.8809605084,0.5570019246,1,,False
11539,0,0.6384661882,0.439818181,1,0.8082710103,0.5570019246,1,0.9751487239,True
11540,0,0.09237440457,0.439818181,0,0.06144137963,0.5570019246,0,0.2342160814,False
11541,0,0.02667167058,0.439818181,0,0.02090302206,0.5570019246,0,0.1012281712,False
11542,1,0.6102376567,0.439818181,1,0.6828573997,0.5570019246,1,,False
11543,0,0.6909896716,0.439818181,1,0.7847800884,0.5570019246,1,0.9905008636,True
11544,0,0.0882877589,0.439818181,0,0.06978838657,0.5570019246,0,0.226156208,False
11545,0,0.4283770325,0.439818181,0,0.2837052603,0.5570019246,0,0.8149107657,False
11546,0,0.6543458871,0.439818181,1,0.407889134,0.5570019246,0,0.9810017271,True
11547,1,0.6906095228,0.439818181,1,0.5444915573,0.5570019246,0,,False
11548,0,0.07894645842,0.439818181,0,0.0348111732,0.5570019246,0,0.2107081174,False
11549,0,0.6551018393,0.439818181,1,0.6475720352,0.5570019246,1,0.9813855306,True
11550,1,0.8410567042,0.439818181,1,0.9004867925,0.5570019246,1,,False
11551,0,0.4374381694,0.439818181,0,0.334229761,0.5570019246,0,0.8256572635,False
11552,0,0.5596999602,0.439818181,1,0.2704487712,0.5570019246,0,0.9414699674,True
11553,1,0.6676089007,0.439818181,1,0.8969250789,0.5570019246,1,,False
11554,0,0.3635896559,0.439818181,0,0.2238381658,0.5570019246,0,0.7157935137,False
11555,0,0.2955562665,0.439818181,0,0.4051016647,0.5570019246,0,0.5882748033,False
11556,0,0.770945906,0.439818181,1,0.5488488105,0.5570019246,0,0.999232393,True
11557,0,0.03591520313,0.439818181,0,0.01311356684,0.5570019246,0,0.1255037421,False
11558,1,0.7016497882,0.439818181,1,0.8025867134,0.5570019246,1,,False
11559,0,0.5068540578,0.439818181,1,0.3761637647,0.5570019246,0,0.9012665515,True
11560,0,0.1397876055,0.439818181,0,0.09263333859,0.5570019246,0,0.3117443869,False
11561,0,0.1311540661,0.439818181,0,0.04911482713,0.5570019246,0,0.2982153138,False
11562,0,0.5975080869,0.439818181,1,0.6972096822,0.5570019246,1,0.9609479946,True
11563,0,0.3410807919,0.439818181,0,0.2657437459,0.5570019246,0,0.6751103435,False
11564,0,0.3904889481,0.439818181,0,0.1993769086,0.5570019246,0,0.7620418346,False
11565,0,0.09773387605,0.439818181,0,0.05476863035,0.5570019246,0,0.2425638073,False
11566,0,0.05104130463,0.439818181,0,0.05546029245,0.5570019246,0,0.1571675302,False
11567,0,0.4275864967,0.439818181,0,0.2114035565,0.5570019246,0,0.8142391096,False
11568,0,0.2848319068,0.439818181,0,0.1405212711,0.5570019246,0,0.5672615621,False
11569,0,0.3805028029,0.439818181,0,0.2329008249,0.5570019246,0,0.7477451545,False
11570,0,0.2266599541,0.439818181,0,0.1493632986,0.5570019246,0,0.4587411245,False
11571,0,0.05773360482,0.439818181,0,0.04351050909,0.5570019246,0,0.1706006525,False
11572,1,0.7816277103,0.439818181,1,0.8228325906,0.5570019246,1,,False
11573,0,0.1864810048,0.439818181,0,0.1268154956,0.5570019246,0,0.388025331,False
11574,0,0.6901563067,0.439818181,1,0.5608172468,0.5570019246,1,0.9904049127,True
11575,0,0.6723800892,0.439818181,1,0.4472961721,0.5570019246,0,0.9857992708,True
11576,0,0.6014132259,0.439818181,1,0.3695435131,0.5570019246,0,0.9628670121,True
11577,0,0.3131243558,0.439818181,0,0.152004001,0.5570019246,0,0.6235847246,False
11578,0,0.4792007288,0.439818181,1,0.6543540752,0.5570019246,1,0.8756476684,False
11579,0,0.07706871414,0.439818181,0,0.104307381,0.5570019246,0,0.2074457878,False
11580,0,0.6489392359,0.439818181,1,0.7335075281,0.5570019246,1,0.9786029553,True
11581,0,0.06132145251,0.439818181,0,0.06761403002,0.5570019246,0,0.1787564767,False
11582,0,0.08033857088,0.439818181,0,0.0683789324,0.5570019246,0,0.213298791,False
11583,1,0.5363744182,0.439818181,1,0.4767076251,0.5570019246,0,,False
11584,0,0.2321274007,0.439818181,0,0.144127158,0.5570019246,0,0.4695835732,False
11585,1,0.6963158325,0.439818181,1,0.8786452295,0.5570019246,1,,False
11586,0,0.5564014044,0.439818181,1,0.6721911021,0.5570019246,1,0.9395509499,True
11587,1,0.729807377,0.439818181,1,0.6356534564,0.5570019246,1,,False
11588,0,0.5228090344,0.439818181,1,0.2570341288,0.5570019246,0,0.9153713299,True
11589,0,0.4713983151,0.439818181,1,0.2959057635,0.5570019246,0,0.8668201881,False
11590,0,0.3634985872,0.439818181,0,0.3364035807,0.5570019246,0,0.715601612,False
11591,0,0.5734505253,0.439818181,1,0.4052756793,0.5570019246,0,0.9498176933,True
11592,0,0.5648586229,0.439818181,1,0.7292787882,0.5570019246,1,0.9449241988,True
11593,0,0.1146988488,0.439818181,0,0.09774481651,0.5570019246,0,0.2717328728,False
11594,1,0.5282928012,0.439818181,1,0.7025067376,0.5570019246,1,,False
11595,0,0.5752475988,0.439818181,1,0.3766731224,0.5570019246,0,0.9513529073,True
11596,0,0.2413437223,0.439818181,0,0.2192976415,0.5570019246,0,0.4874304356,False
11597,0,0.6542552672,0.439818181,1,0.6192800476,0.5570019246,1,0.9809057762,True
11598,1,0.7304372644,0.439818181,1,0.8746167252,0.5570019246,1,,False
11599,0,0.4265242265,0.439818181,0,0.5824233529,0.5570019246,1,0.8132796008,False
11600,0,0.449423414,0.439818181,1,0.2112646104,0.5570019246,0,0.8420648628,False
11601,0,0.5308767177,0.439818181,1,0.3424484119,0.5570019246,0,0.9208405296,True
11602,1,0.8318639468,0.439818181,1,0.6709536189,0.5570019246,1,,False
11603,0,0.4430200806,0.439818181,1,0.3448686038,0.5570019246,0,0.8335252351,False
11604,0,0.4534407894,0.439818181,1,0.6402167362,0.5570019246,1,0.8468624064,False
11605,0,0.3548012035,0.439818181,0,0.2422101664,0.5570019246,0,0.6986183074,False
11606,0,0.2108106639,0.439818181,0,0.1245174663,0.5570019246,0,0.4327384379,False
11607,0,0.6374679378,0.439818181,1,0.3988830232,0.5570019246,0,0.9748608712,True
11608,0,0.1166566003,0.439818181,0,0.09918521847,0.5570019246,0,0.2749952025,False
11609,1,0.6666700021,0.439818181,1,0.9136815272,0.5570019246,1,,False
11610,0,0.1558805165,0.439818181,0,0.08377711672,0.5570019246,0,0.3362118595,False
11611,0,0.1926474851,0.439818181,0,0.5096223768,0.5570019246,0,0.3996353867,False
11612,1,0.6296635051,0.439818181,1,0.7797568323,0.5570019246,1,,False
11613,0,0.5181877771,0.439818181,1,0.332983407,0.5570019246,0,0.9111494915,True
11614,0,0.3244900579,0.439818181,0,0.2389313506,0.5570019246,0,0.6446939167,False
11615,0,0.2350985106,0.439818181,0,0.2124066844,0.5570019246,0,0.4751487239,False
11616,0,0.224418323,0.439818181,0,0.1478770815,0.5570019246,0,0.455382844,False
11617,0,0.3734396411,0.439818181,0,0.1963118764,0.5570019246,0,0.7346958357,False
11618,0,0.001621895905,0.439818181,0,0.004943765224,0.5570019246,0,0.007388217233,False
11619,0,0.4773404237,0.439818181,1,0.1894704159,0.5570019246,0,0.8731529457,False
11620,1,0.7354215516,0.439818181,1,0.8560029405,0.5570019246,1,,False
11621,0,0.09029595791,0.439818181,0,0.06718082477,0.5570019246,0,0.2299942429,False
11622,0,0.04342617668,0.439818181,0,0.06047454892,0.5570019246,0,0.1412396853,False
11623,0,0.04693205002,0.439818181,0,0.00911041563,0.5570019246,0,0.1488198043,False
11624,1,0.65642426,0.439818181,1,0.8482018142,0.5570019246,1,,False
11625,0,0.05646161193,0.439818181,0,0.06358262061,0.5570019246,0,0.1676741508,False
11626,0,0.3243049276,0.439818181,0,0.1944477337,0.5570019246,0,0.6442141623,False
11627,1,0.4248075978,0.439818181,0,0.8182997281,0.5570019246,1,,False
11628,1,0.6483057158,0.439818181,1,0.9188464377,0.5570019246,1,,False
11629,0,0.3012219014,0.439818181,0,0.1840332539,0.5570019246,0,0.6000767607,False
11630,1,0.6361812951,0.439818181,1,0.8795196939,0.5570019246,1,,False
11631,0,0.2784942704,0.439818181,0,0.0794178729,0.5570019246,0,0.5553636538,False
11632,0,0.5558585525,0.439818181,1,0.7625382076,0.5570019246,1,0.9391671464,True
11633,0,0.2981665086,0.439818181,0,0.2164577242,0.5570019246,0,0.5947994627,False
11634,0,0.4009892245,0.439818181,0,0.2194735635,0.5570019246,0,0.7789291883,False
11635,0,0.1726987953,0.439818181,0,0.05514368952,0.5570019246,0,0.3649971215,False
11636,0,0.4580422864,0.439818181,1,0.6836069786,0.5570019246,1,0.8520437536,False
11637,0,0.08821756727,0.439818181,0,0.08023369166,0.5570019246,0,0.2260602571,False
11638,0,0.09149931084,0.439818181,0,0.05702695211,0.5570019246,0,0.2326808674,False
11639,0,0.4199415822,0.439818181,0,0.1690005133,0.5570019246,0,0.8049318749,False
11640,1,0.7552317296,0.439818181,1,0.6664959882,0.5570019246,1,,False
11641,0,0.3087216117,0.439818181,0,0.1795452203,0.5570019246,0,0.6146612934,False
11642,0,0.3623127778,0.439818181,0,0.2425286617,0.5570019246,0,0.7134906928,False
11643,0,0.7215316115,0.439818181,1,0.8288745832,0.5570019246,1,0.9956822107,True
11644,0,0.1701678043,0.439818181,0,0.1266512932,0.5570019246,0,0.3613509883,False
11645,0,0.4453567781,0.439818181,1,0.2780854212,0.5570019246,0,0.8367875648,False
11646,0,0.5796540118,0.439818181,1,0.389993695,0.5570019246,0,0.9531759739,True
11647,0,0.4252452617,0.439818181,0,0.3329844161,0.5570019246,0,0.8118403377,False
11648,0,0.05635900464,0.439818181,0,0.04588837704,0.5570019246,0,0.1674342737,False
11649,0,0.6007332281,0.439818181,1,0.1893279385,0.5570019246,0,0.9624832086,True
11650,0,0.1753252988,0.439818181,0,0.05541623043,0.5570019246,0,0.3693149108,False
11651,0,0.5551471579,0.439818181,1,0.2473901612,0.5570019246,0,0.9384954903,True
11652,0,0.182210655,0.439818181,0,0.0988323568,0.5570019246,0,0.381980426,False
11653,0,0.4308388529,0.439818181,0,0.340345491,0.5570019246,0,0.8173095375,False
11654,1,0.6747419993,0.439818181,1,0.8974613286,0.5570019246,1,,False
11655,0,0.4070581538,0.439818181,0,0.3051486024,0.5570019246,0,0.7869890616,False
11656,0,0.6415500596,0.439818181,1,0.2399906522,0.5570019246,0,0.9764920361,True
11657,0,0.284576347,0.439818181,0,0.2336086984,0.5570019246,0,0.5666858568,False
11658,0,0.1890317442,0.439818181,0,0.05672985299,0.5570019246,0,0.3932066782,False
11659,0,0.001473649867,0.439818181,0,0.00569817524,0.5570019246,0,0.006812511994,False
11660,0,0.5722537965,0.439818181,1,0.4070621437,0.5570019246,0,0.9490500864,True
11661,0,0.256386823,0.439818181,0,0.569919273,0.5570019246,1,0.5154480906,False
11662,0,0.2461223718,0.439818181,0,0.1896362533,0.5570019246,0,0.4960660142,False
11663,0,0.4578896865,0.439818181,1,0.2074624861,0.5570019246,0,0.8519478027,False
11664,0,0.4755776054,0.439818181,1,0.3876382353,0.5570019246,0,0.87142583,False
11665,1,0.8062567682,0.439818181,1,0.8877244342,0.5570019246,1,,False
11666,0,0.6112052642,0.439818181,1,0.2337974569,0.5570019246,0,0.9668009979,True
11667,0,0.2426157281,0.439818181,0,0.1344344709,0.5570019246,0,0.4904049127,False
11668,0,0.3527806594,0.439818181,0,0.1569092955,0.5570019246,0,0.6952600269,False
11669,1,0.5384827343,0.439818181,1,0.4373317071,0.5570019246,0,,False
11670,0,0.3743950366,0.439818181,0,0.3180070346,0.5570019246,0,0.7364229514,False
11671,0,0.1231919819,0.439818181,0,0.09735074921,0.5570019246,0,0.2843024372,False
11672,0,0.1706801305,0.439818181,0,0.4886540476,0.5570019246,0,0.3620226444,False
11673,0,0.03771438271,0.439818181,0,0.03255947848,0.5570019246,0,0.1299174822,False
11674,0,0.07427033307,0.439818181,0,0.0311570533,0.5570019246,0,0.2023603915,False
11675,0,0.3587285734,0.439818181,0,0.6554038715,0.5570019246,1,0.7066781808,False
11676,0,0.1621441971,0.439818181,0,0.1000567809,0.5570019246,0,0.3477259643,False
11677,0,0.4670328201,0.439818181,1,0.2747667704,0.5570019246,0,0.8609671848,False
11678,0,0.5658696389,0.439818181,1,0.3098745476,0.5570019246,0,0.9456918058,True
11679,0,0.1813387971,0.439818181,0,0.1455353445,0.5570019246,0,0.3806371138,False
11680,1,0.5260333965,0.439818181,1,0.8785280555,0.5570019246,1,,False
11681,0,0.1024732922,0.439818181,0,0.06474951146,0.5570019246,0,0.2497601228,False
11682,0,0.03476825727,0.439818181,0,0.03456111496,0.5570019246,0,0.1223373633,False
11683,1,0.5808933321,0.439818181,1,0.8425553512,0.5570019246,1,,False
11684,0,0.06103319625,0.439818181,0,0.02445097698,0.5570019246,0,0.1778929188,False
11685,0,0.461697245,0.439818181,1,0.2398561595,0.5570019246,0,0.8553060833,False
11686,0,0.5460259444,0.439818181,1,0.3487015611,0.5570019246,0,0.9319708309,True
11687,1,0.6047600457,0.439818181,1,0.8941141766,0.5570019246,1,,False
11688,0,0.4607006922,0.439818181,1,0.2499067418,0.5570019246,0,0.8544425254,False
11689,1,0.4727289679,0.439818181,1,0.4449046176,0.5570019246,0,,False
11690,0,0.1450240182,0.439818181,0,0.1313028769,0.5570019246,0,0.3195164076,False
11691,0,0.07384296526,0.439818181,0,0.09141564372,0.5570019246,0,0.2015927845,False
11692,0,0.3718925946,0.439818181,0,0.2634862316,0.5570019246,0,0.731433506,False
11693,1,0.4951452952,0.439818181,1,0.3975538673,0.5570019246,0,,False
11694,0,0.6926770368,0.439818181,1,0.6964681994,0.5570019246,1,0.9908846671,True
11695,1,0.7206888137,0.439818181,1,0.8185742322,0.5570019246,1,,False
11696,0,0.2699200749,0.439818181,0,0.1489240763,0.5570019246,0,0.5395317597,False
11697,0,0.5411421991,0.439818181,1,0.1698612299,0.5570019246,0,0.9283246978,True
11698,0,0.02152026132,0.439818181,0,0.01834770969,0.5570019246,0,0.08904241029,False
11699,0,0.00287962825,0.439818181,0,0.001493060314,0.5570019246,0,0.01458453272,False
11700,0,0.4678779454,0.439818181,1,0.3332170292,0.5570019246,0,0.8621185953,False
11701,1,0.6689722585,0.439818181,1,0.5689654854,0.5570019246,1,,False
11702,0,0.3844493576,0.439818181,0,0.2236858673,0.5570019246,0,0.7520629438,False
11703,0,0.4858609111,0.439818181,1,0.2655211773,0.5570019246,0,0.8815006717,False
11704,1,0.5826307428,0.439818181,1,0.7861192418,0.5570019246,1,,False
11705,0,0.5022811469,0.439818181,1,0.358162731,0.5570019246,0,0.8977163692,False
11706,0,0.03615749642,0.439818181,0,0.02678689277,0.5570019246,0,0.1259834964,False
11707,0,0.006249426813,0.439818181,0,0.009894524805,0.5570019246,0,0.03329495298,False
11708,0,0.5046024252,0.439818181,1,0.1898302473,0.5570019246,0,0.8997313376,False
11709,1,0.774665793,0.439818181,1,0.9238272874,0.5570019246,1,,False
11710,0,0.3113536074,0.439818181,0,0.1306363381,0.5570019246,0,0.6191709845,False
11711,0,0.3350115061,0.439818181,0,0.2169307667,0.5570019246,0,0.6644597966,False
11712,0,0.3665313299,0.439818181,0,0.3262775149,0.5570019246,0,0.7210708117,False
11713,0,0.5139359202,0.439818181,1,0.615471378,0.5570019246,1,0.9075993092,True
11714,0,0.2993010629,0.439818181,0,0.2169753433,0.5570019246,0,0.5971982345,False
11715,1,0.656489043,0.439818181,1,0.5884035845,0.5570019246,1,,False
11716,0,0.5001916847,0.439818181,1,0.2166424501,0.5570019246,0,0.8955094991,False
11717,0,0.2766659522,0.439818181,0,0.1544287961,0.5570019246,0,0.5513337171,False
11718,0,0.3207923865,0.439818181,0,0.2327952316,0.5570019246,0,0.6381692573,False
11719,0,0.2097872635,0.439818181,0,0.1339761639,0.5570019246,0,0.4312991748,False
11720,0,0.3259502935,0.439818181,0,0.3060253033,0.5570019246,0,0.647476492,False
11721,1,0.7304489592,0.439818181,1,0.9301932922,0.5570019246,1,,False
11722,1,0.7476661251,0.439818181,1,0.8335955661,0.5570019246,1,,False
11723,0,0.6373550061,0.439818181,1,0.7491559959,0.5570019246,1,0.9747649204,True
11724,0,0.2208800322,0.439818181,0,0.1277912984,0.5570019246,0,0.4495298407,False
11725,1,0.7954121885,0.439818181,1,0.942063821,0.5570019246,1,,False
11726,0,0.2961227015,0.439818181,0,0.1313970855,0.5570019246,0,0.5895221647,False
11727,0,0.1754680116,0.439818181,0,0.149748278,0.5570019246,0,0.3696027634,False
11728,0,0.2922290432,0.439818181,0,0.6062346974,0.5570019246,1,0.5814622913,False
11729,0,0.5337872023,0.439818181,1,0.2466169815,0.5570019246,0,0.9225676454,True
11730,0,0.3376252554,0.439818181,0,0.224707762,0.5570019246,0,0.6689694876,False
11731,0,0.06714147951,0.439818181,0,0.02395507065,0.5570019246,0,0.189119171,False
11732,0,0.06722474394,0.439818181,0,0.03675686966,0.5570019246,0,0.1894070236,False
11733,0,0.03047700411,0.439818181,0,0.0242963516,0.5570019246,0,0.1102475533,False
11734,0,0.01033838309,0.439818181,0,0.01252947859,0.5570019246,0,0.05003838035,False
11735,0,0.1658937669,0.439818181,0,0.1032898453,0.5570019246,0,0.3539627711,False
11736,1,0.8487663259,0.439818181,1,0.9026733441,0.5570019246,1,,False
11737,0,0.781361805,0.439818181,1,0.5540014723,0.5570019246,0,0.9997121474,True
11738,0,0.312448309,0.439818181,0,0.1816966581,0.5570019246,0,0.6219535598,False
11739,0,0.6747397762,0.439818181,1,0.4249623131,0.5570019246,0,0.9868547304,True
11740,0,0.4902948952,0.439818181,1,0.244448362,0.5570019246,0,0.8856265592,False
11741,1,0.7855466104,0.439818181,1,0.9104120219,0.5570019246,1,,False
11742,1,0.5798704605,0.439818181,1,0.7968612014,0.5570019246,1,,False
11743,0,0.5654824201,0.439818181,1,0.2936005939,0.5570019246,0,0.9455958549,True
11744,0,0.2794477142,0.439818181,0,0.220848278,0.5570019246,0,0.5575705239,False
11745,0,0.2580258542,0.439818181,0,0.07119822649,0.5570019246,0,0.5189982729,False
11746,0,0.3606040089,0.439818181,0,0.2550830474,0.5570019246,0,0.7096526578,False
11747,1,0.5549413358,0.439818181,1,0.4766880951,0.5570019246,0,,False
11748,0,0.01643624439,0.439818181,0,0.01205484916,0.5570019246,0,0.07249088467,False
11749,0,0.3911624551,0.439818181,0,0.1582151018,0.5570019246,0,0.7629053924,False
11750,0,0.03010379488,0.439818181,0,0.02582654107,0.5570019246,0,0.1093839954,False
11751,1,0.8179010288,0.439818181,1,0.8817834128,0.5570019246,1,,False
11752,0,0.1125414138,0.439818181,0,0.08357633719,0.5570019246,0,0.2679907887,False
11753,0,0.3900811848,0.439818181,0,0.1629302386,0.5570019246,0,0.7612742276,False
11754,1,0.6995383811,0.439818181,1,0.6233267616,0.5570019246,1,,False
11755,0,0.2745780778,0.439818181,0,0.1905733152,0.5570019246,0,0.547687584,False
11756,0,0.1861496713,0.439818181,0,0.1125950502,0.5570019246,0,0.3875455767,False
11757,0,0.257779902,0.439818181,0,0.1748911623,0.5570019246,0,0.5182306659,False
11758,0,0.2357605706,0.439818181,0,0.1475812796,0.5570019246,0,0.4759163308,False
11759,0,0.1688152901,0.439818181,0,0.08693622714,0.5570019246,0,0.3590481673,False
11760,0,0.06871462055,0.439818181,0,0.06662977987,0.5570019246,0,0.1923815007,False
11761,0,0.1919573873,0.439818181,0,0.1570454187,0.5570019246,0,0.3982920745,False
11762,0,0.08321334286,0.439818181,0,0.09470066528,0.5570019246,0,0.2180003838,False
11763,0,0.1997818083,0.439818181,0,0.1709629848,0.5570019246,0,0.4128766072,False
11764,0,0.03714202069,0.439818181,0,0.04037985342,0.5570019246,0,0.1287660718,False
11765,0,0.5537684931,0.439818181,1,0.3626463703,0.5570019246,0,0.9377278833,True
11766,1,0.4611752705,0.439818181,1,0.4650570319,0.5570019246,0,,False
11767,0,0.279356352,0.439818181,0,0.1741574749,0.5570019246,0,0.5572826713,False
11768,0,0.4358847057,0.439818181,0,0.1626841895,0.5570019246,0,0.8244099021,False
11769,0,0.1999294195,0.439818181,0,0.07469289129,0.5570019246,0,0.4133563615,False
11770,0,0.4347346899,0.439818181,0,0.5010649934,0.5570019246,0,0.8226827864,False
11771,1,0.6700202494,0.439818181,1,0.8733608363,0.5570019246,1,,False
11772,1,0.8177526876,0.439818181,1,0.6141085266,0.5570019246,1,,False
11773,0,0.3607217307,0.439818181,0,0.3218617062,0.5570019246,0,0.7098445596,False
11774,0,0.5981100044,0.439818181,1,0.5577820466,0.5570019246,1,0.9613317981,True
11775,0,0.4457308153,0.439818181,1,0.3686877722,0.5570019246,0,0.8377470735,False
11776,0,0.0581104118,0.439818181,0,0.06185874909,0.5570019246,0,0.1718480138,False
11777,0,0.1856821162,0.439818181,0,0.1442044644,0.5570019246,0,0.3868739206,False
11778,0,0.1139350531,0.439818181,0,0.08007703145,0.5570019246,0,0.2706774132,False
11779,1,0.623653606,0.439818181,1,0.7970559898,0.5570019246,1,,False
11780,1,0.6896562019,0.439818181,1,0.7424172053,0.5570019246,1,,False
11781,0,0.3654743219,0.439818181,0,0.1405914254,0.5570019246,0,0.7190558434,False
11782,0,0.2896574243,0.439818181,0,0.7630370291,0.5570019246,1,0.5759930915,False
11783,0,0.1660132573,0.439818181,0,0.1197055659,0.5570019246,0,0.3546344272,False
11784,0,0.3786656598,0.439818181,0,0.1308194532,0.5570019246,0,0.7441949722,False
11785,0,0.292746496,0.439818181,0,0.1702638815,0.5570019246,0,0.5825177509,False
11786,0,0.1001834372,0.439818181,0,0.09891327891,0.5570019246,0,0.2462099405,False
11787,0,0.1144451253,0.439818181,0,0.07836684672,0.5570019246,0,0.2714450201,False
11788,0,0.5081748107,0.439818181,1,0.3152556321,0.5570019246,0,0.902417962,True
11789,0,0.537310344,0.439818181,1,0.2691794232,0.5570019246,0,0.9255421224,True
11790,0,0.1674655811,0.439818181,0,0.1932716199,0.5570019246,0,0.3568412973,False
11791,0,0.0402853972,0.439818181,0,0.0373358289,0.5570019246,0,0.1354826329,False
11792,0,0.1263253024,0.439818181,0,0.07119530966,0.5570019246,0,0.2895797352,False
11793,1,0.4756883999,0.439818181,1,0.3858638912,0.5570019246,0,,False
11794,0,0.3485154959,0.439818181,0,0.5890088767,0.5570019246,1,0.689119171,False
11795,1,0.7721322023,0.439818181,1,0.6026752478,0.5570019246,1,,False
11796,0,0.2897344714,0.439818181,0,0.1437736625,0.5570019246,0,0.5764728459,False
11797,0,0.1363741349,0.439818181,0,0.1002945053,0.5570019246,0,0.3060832854,False
11798,1,0.8477082597,0.439818181,1,0.9175952735,0.5570019246,1,,False
11799,1,0.3179730275,0.439818181,0,0.3060896736,0.5570019246,0,,False
11800,0,0.3130212735,0.439818181,0,0.1583729971,0.5570019246,0,0.6231049703,False
11801,1,0.691489951,0.439818181,1,0.8481223061,0.5570019246,1,,False
11802,0,0.007049764881,0.439818181,0,0.006232876749,0.5570019246,0,0.03626943005,False
11803,0,0.4152325953,0.439818181,0,0.137207056,0.5570019246,0,0.7977355594,False
11804,0,0.5775918938,0.439818181,1,0.3020754609,0.5570019246,0,0.9521205143,True
11805,0,0.7105720657,0.439818181,1,0.5796083238,0.5570019246,1,0.9941469967,True
11806,0,0.228909385,0.439818181,0,0.1820877217,0.5570019246,0,0.4620994051,False
11807,0,0.4916054684,0.439818181,1,0.1823654429,0.5570019246,0,0.8862982153,False
11808,0,0.1190404506,0.439818181,0,0.09196512306,0.5570019246,0,0.2787372865,False
11809,0,0.2622822673,0.439818181,0,0.656055973,0.5570019246,1,0.5270581462,False
11810,1,0.5213855582,0.439818181,1,0.8095436401,0.5570019246,1,,False
11811,0,0.4873306596,0.439818181,1,0.3396777026,0.5570019246,0,0.8825561313,False
11812,0,0.2171757764,0.439818181,0,0.1885217491,0.5570019246,0,0.443293034,False
11813,0,0.05791502152,0.439818181,0,0.04359703691,0.5570019246,0,0.1711763577,False
11814,0,0.001777530056,0.439818181,0,0.00252818225,0.5570019246,0,0.008155824218,False
11815,0,0.1981312682,0.439818181,0,0.09625985555,0.5570019246,0,0.4095183266,False
11816,0,0.2345325583,0.439818181,0,0.1647031654,0.5570019246,0,0.4738054116,False
11817,1,0.7473059136,0.439818181,1,0.9140919941,0.5570019246,1,,False
11818,0,0.3528182524,0.439818181,0,0.227708855,0.5570019246,0,0.6954519286,False
11819,0,0.2568736305,0.439818181,0,0.22205003,0.5570019246,0,0.5166954519,False
11820,0,0.5620025747,0.439818181,1,0.3298013336,0.5570019246,0,0.9429092305,True
11821,0,0.2300212186,0.439818181,0,0.1442622102,0.5570019246,0,0.4645941278,False
11822,0,0.02131597,0.439818181,0,0.03547807109,0.5570019246,0,0.08837075417,False
11823,1,0.7180098521,0.439818181,1,0.8147528031,0.5570019246,1,,False
11824,0,0.4352985748,0.439818181,0,0.1516738433,0.5570019246,0,0.8235463443,False
11825,0,0.5145423536,0.439818181,1,0.4634938935,0.5570019246,0,0.9078871618,True
11826,0,0.2885216886,0.439818181,0,0.1085625937,0.5570019246,0,0.573402418,False
11827,0,0.5492812785,0.439818181,1,0.5005762916,0.5570019246,0,0.9342736519,True
11828,0,0.001777530056,0.439818181,0,0.00252818225,0.5570019246,0,0.008155824218,False
11829,0,0.5043050106,0.439818181,1,0.3468695849,0.5570019246,0,0.8995394358,False
11830,0,0.7488195678,0.439818181,1,0.4626864544,0.5570019246,0,0.9983688352,True
11831,1,0.7693892133,0.439818181,1,0.7983220307,0.5570019246,1,,False
11832,0,0.4939881551,0.439818181,1,0.2080986572,0.5570019246,0,0.8882172328,False
11833,1,0.6781205481,0.439818181,1,0.6492407706,0.5570019246,1,,False
11834,0,0.3285886336,0.439818181,0,0.1615306639,0.5570019246,0,0.6519861831,False
11835,0,0.2911833177,0.439818181,0,0.2306578268,0.5570019246,0,0.5792554212,False
11836,0,0.3836642769,0.439818181,0,0.2775575188,0.5570019246,0,0.751103435,False
11837,0,0.01622358878,0.439818181,0,0.01403556506,0.5570019246,0,0.07138744963,False
11838,0,0.4549614051,0.439818181,1,0.2269278548,0.5570019246,0,0.8493571291,False
11839,0,0.4688491255,0.439818181,1,0.2767009434,0.5570019246,0,0.8637497601,False
11840,0,0.6437286573,0.439818181,1,0.3598185809,0.5570019246,0,0.9768758396,True
11841,0,0.256394243,0.439818181,0,0.2705529631,0.5570019246,0,0.5155440415,False
11842,0,0.3370480859,0.439818181,0,0.2653979937,0.5570019246,0,0.667914028,False
11843,0,0.2382863349,0.439818181,0,0.1289458175,0.5570019246,0,0.4813855306,False
11844,0,0.04346814078,0.439818181,0,0.03357413085,0.5570019246,0,0.141431587,False
11845,0,0.2796184747,0.439818181,0,0.1105365655,0.5570019246,0,0.5577624256,False
11846,0,0.6817823339,0.439818181,1,0.5135659221,0.5570019246,0,0.9887737478,True
11847,0,0.06933630255,0.439818181,0,0.03263170523,0.5570019246,0,0.1940126655,False
11848,0,0.3953001293,0.439818181,0,0.1503100398,0.5570019246,0,0.7699098062,False
11849,0,0.250370361,0.439818181,0,0.2018224341,0.5570019246,0,0.5038380349,False
11850,0,0.1226470226,0.439818181,0,0.08768596317,0.5570019246,0,0.2833429284,False
11851,0,0.4133253559,0.439818181,0,0.5249173275,0.5570019246,0,0.7951448858,False
11852,0,0.7217529635,0.439818181,1,0.6131852808,0.5570019246,1,0.9957781616,True
11853,1,0.8007444987,0.439818181,1,0.8084672782,0.5570019246,1,,False
11854,0,0.5214560335,0.439818181,1,0.4514590423,0.5570019246,0,0.9142199194,True
11855,0,0.5954244663,0.439818181,1,0.4108917408,0.5570019246,0,0.9602763385,True
11856,0,0.4455019752,0.439818181,1,0.4709168778,0.5570019246,0,0.8372673191,False
11857,1,0.6832961387,0.439818181,1,0.5288164887,0.5570019246,0,,False
11858,0,0.5218111369,0.439818181,1,0.6257120354,0.5570019246,1,0.9147956246,True
11859,1,0.8166447007,0.439818181,1,0.9253435406,0.5570019246,1,,False
11860,0,0.47824796,0.439818181,1,0.268417104,0.5570019246,0,0.8743043562,False
11861,0,0.1853031715,0.439818181,0,0.07626863387,0.5570019246,0,0.3862022644,False
11862,0,0.4710196642,0.439818181,1,0.5842191422,0.5570019246,1,0.8662444828,False
11863,1,0.5692321349,0.439818181,1,0.7663698647,0.5570019246,1,,False
11864,1,0.8216357096,0.439818181,1,0.6528662528,0.5570019246,1,,False
11865,0,0.03240523161,0.439818181,0,0.02420596724,0.5570019246,0,0.1154289004,False
11866,0,0.09264675009,0.439818181,0,0.1150122639,0.5570019246,0,0.2348877375,False
11867,0,0.57926688,0.439818181,1,0.4631896148,0.5570019246,0,0.9528881213,True
11868,0,0.1166307598,0.439818181,0,0.1003562772,0.5570019246,0,0.2748033007,False
11869,0,0.2882953789,0.439818181,0,0.1399230481,0.5570019246,0,0.5728267127,False
11870,0,0.5603923469,0.439818181,1,0.2737918435,0.5570019246,0,0.94175782,True
11871,1,0.7184437731,0.439818181,1,0.9194422528,0.5570019246,1,,False
11872,0,0.4550095761,0.439818181,1,0.2612492762,0.5570019246,0,0.84945308,False
11873,0,0.1115722648,0.439818181,0,0.04518865111,0.5570019246,0,0.2658798695,False
11874,0,0.5857525534,0.439818181,1,0.2389177812,0.5570019246,0,0.956150451,True
11875,0,0.1702949219,0.439818181,0,0.1677025217,0.5570019246,0,0.36154289,False
11876,0,0.6218774938,0.439818181,1,0.3125965894,0.5570019246,0,0.9703511802,True
11877,0,0.2061144721,0.439818181,0,0.09310510277,0.5570019246,0,0.4249664172,False
11878,0,0.4327526259,0.439818181,0,0.1743615997,0.5570019246,0,0.8196123585,False
11879,1,0.6083147236,0.439818181,1,0.5742619702,0.5570019246,1,,False
11880,0,0.3708006472,0.439818181,0,0.1667874236,0.5570019246,0,0.7286509307,False
11881,0,0.2693417288,0.439818181,0,0.2063564292,0.5570019246,0,0.5389560545,False
11882,0,0.4744816598,0.439818181,1,0.2823306453,0.5570019246,0,0.8702744195,False
11883,0,0.306839769,0.439818181,0,0.2637646504,0.5570019246,0,0.6108232585,False
11884,0,0.191537649,0.439818181,0,0.1312282354,0.5570019246,0,0.3975244675,False
11885,0,0.2073069606,0.439818181,0,0.1611346943,0.5570019246,0,0.4270773364,False
11886,0,0.3416270769,0.439818181,0,0.20426294,0.5570019246,0,0.6758779505,False
11887,0,0.6156300017,0.439818181,1,0.8347355,0.5570019246,1,0.9686240645,True
11888,0,0.4311686157,0.439818181,0,0.1512065911,0.5570019246,0,0.8178852428,False
11889,1,0.7488763719,0.439818181,1,0.8053387205,0.5570019246,1,,False
11890,0,0.2432167991,0.439818181,0,0.180910959,0.5570019246,0,0.4913644214,False
11891,1,0.7836338657,0.439818181,1,0.8302564652,0.5570019246,1,,False
11892,0,0.3152943332,0.439818181,0,0.1203288098,0.5570019246,0,0.6276146613,False
11893,0,0.0168705597,0.439818181,0,0.007191755808,0.5570019246,0,0.07455382844,False
11894,1,0.6717898742,0.439818181,1,0.5187341757,0.5570019246,0,,False
11895,0,0.0909444754,0.439818181,0,0.03541324745,0.5570019246,0,0.2313375552,False
11896,0,0.5927875408,0.439818181,1,0.4959294022,0.5570019246,0,0.959124928,True
11897,0,0.2613769415,0.439818181,0,0.2871860541,0.5570019246,0,0.5246593744,False
11898,0,0.3855508774,0.439818181,0,0.1757083988,0.5570019246,0,0.7536941086,False
11899,0,0.2264864537,0.439818181,0,0.1651966985,0.5570019246,0,0.4583573211,False
11900,0,0.33566124,0.439818181,0,0.1632586663,0.5570019246,0,0.6656112071,False
11901,0,0.06924014323,0.439818181,0,0.0533735765,0.5570019246,0,0.1937248129,False
11902,0,0.3625863941,0.439818181,0,0.5588676727,0.5570019246,1,0.714066398,False
11903,0,0.2129836138,0.439818181,0,0.1281199584,0.5570019246,0,0.4360967185,False
11904,0,0.4366600232,0.439818181,0,0.171319218,0.5570019246,0,0.8249856074,False
11905,0,0.6538286998,0.439818181,1,0.4321007688,0.5570019246,0,0.9806179236,True
11906,0,0.2189659449,0.439818181,0,0.1469389016,0.5570019246,0,0.4465553637,False
11907,1,0.7578847614,0.439818181,1,0.8294399952,0.5570019246,1,,False
11908,0,0.3274643293,0.439818181,0,0.4343751596,0.5570019246,0,0.6500671656,False
11909,0,0.0495406115,0.439818181,0,0.04039254874,0.5570019246,0,0.1534254462,False
11910,0,0.1613439076,0.439818181,0,0.1088449655,0.5570019246,0,0.3466705047,False
11911,0,0.4073069226,0.439818181,0,0.7110520097,0.5570019246,1,0.7871809633,False
11912,0,0.5520197988,0.439818181,1,0.4478348871,0.5570019246,0,0.9359048167,True
11913,1,0.6844947568,0.439818181,1,0.8116573705,0.5570019246,1,,False
11914,0,0.2171683102,0.439818181,0,0.1436892081,0.5570019246,0,0.4431970831,False
11915,1,0.5913823321,0.439818181,1,0.6768538445,0.5570019246,1,,False
11916,0,0.1378246817,0.439818181,0,0.0685145638,0.5570019246,0,0.3084820572,False
11917,0,0.6186709396,0.439818181,1,0.4168492417,0.5570019246,0,0.9692957206,True
11918,0,0.491227238,0.439818181,1,0.3960257634,0.5570019246,0,0.8861063136,False
11919,0,0.06292631371,0.439818181,0,0.08668713594,0.5570019246,0,0.1811552485,False
11920,0,0.220495279,0.439818181,0,0.1538606024,0.5570019246,0,0.4482824794,False
11921,0,0.2738802873,0.439818181,0,0.1745526681,0.5570019246,0,0.5463442717,False
11922,0,0.4101903048,0.439818181,0,0.2614843132,0.5570019246,0,0.7916906544,False
11923,1,0.8201907438,0.439818181,1,0.9294075839,0.5570019246,1,,False
11924,0,0.2938687407,0.439818181,0,0.08207665054,0.5570019246,0,0.5846286701,False
11925,1,0.7671924257,0.439818181,1,0.9422674941,0.5570019246,1,,False
11926,0,0.05242293496,0.439818181,0,0.03534159225,0.5570019246,0,0.1596622529,False
11927,1,0.6107604682,0.439818181,1,0.4923945809,0.5570019246,0,,False
11928,1,0.7859706286,0.439818181,1,0.859659099,0.5570019246,1,,False
11929,0,0.3821618547,0.439818181,0,0.285323723,0.5570019246,0,0.7493763193,False
11930,0,0.5394439021,0.439818181,1,0.2261549473,0.5570019246,0,0.9272692382,True
11931,0,0.4830161048,0.439818181,1,0.2888323087,0.5570019246,0,0.8787180963,False
11932,0,0.4039409623,0.439818181,0,0.1790973544,0.5570019246,0,0.7830550758,False
11933,0,0.1386938375,0.439818181,0,0.07259826149,0.5570019246,0,0.3095375168,False
11934,1,0.7209209251,0.439818181,1,0.524735435,0.5570019246,0,,False
11935,0,0.05842103779,0.439818181,0,0.03926178074,0.5570019246,0,0.1726635962,False
11936,1,0.5183431366,0.439818181,1,0.5034734298,0.5570019246,0,,False
11937,0,0.567410514,0.439818181,1,0.4879772217,0.5570019246,0,0.9465553637,True
11938,0,0.2734848735,0.439818181,0,0.1389837865,0.5570019246,0,0.5451928613,False
11939,0,0.007049764881,0.439818181,0,0.006232876749,0.5570019246,0,0.03626943005,False
11940,0,0.03263930025,0.439818181,0,0.03695723217,0.5570019246,0,0.1160046056,False
11941,0,0.1834053254,0.439818181,0,0.09064724568,0.5570019246,0,0.3838034926,False
11942,0,0.1828337409,0.439818181,0,0.1590273562,0.5570019246,0,0.3831318365,False
11943,0,0.3708245611,0.439818181,0,0.2688409459,0.5570019246,0,0.7287468816,False
11944,0,0.3216254973,0.439818181,0,0.3533435705,0.5570019246,0,0.6398004222,False
11945,0,0.2432918153,0.439818181,0,0.1428000686,0.5570019246,0,0.4915563232,False
11946,0,0.343499562,0.439818181,0,0.6123671271,0.5570019246,1,0.6798119363,False
11947,0,0.4869008021,0.439818181,1,0.3082783896,0.5570019246,0,0.8822682786,False
11948,0,0.5544944239,0.439818181,1,0.4289213347,0.5570019246,0,0.9379197851,True
11949,0,0.6477969244,0.439818181,1,0.3042272956,0.5570019246,0,0.9782191518,True
11950,0,0.2307451055,0.439818181,0,0.2608122721,0.5570019246,0,0.4665131453,False
11951,0,0.09011390566,0.439818181,0,0.08820912715,0.5570019246,0,0.2296104395,False
11952,1,0.5890422663,0.439818181,1,0.819280045,0.5570019246,1,,False
11953,0,0.07715993176,0.439818181,0,0.05905702343,0.5570019246,0,0.2078295912,False
11954,0,0.07903860126,0.439818181,0,0.07307212026,0.5570019246,0,0.2108040683,False
11955,0,0.3731715259,0.439818181,0,0.2541673874,0.5570019246,0,0.7343120322,False
11956,1,0.3759516265,0.439818181,0,0.7360286103,0.5570019246,1,,False
11957,1,0.4094885044,0.439818181,0,0.3344225406,0.5570019246,0,,False
11958,0,0.4189952492,0.439818181,0,0.3066096689,0.5570019246,0,0.80330071,False
11959,0,0.2655015744,0.439818181,0,0.1546478754,0.5570019246,0,0.5331030512,False
11960,0,0.3352281234,0.439818181,0,0.2059216743,0.5570019246,0,0.6645557475,False
11961,0,0.4178280491,0.439818181,0,0.1909481684,0.5570019246,0,0.8013816926,False
11962,1,0.8055604395,0.439818181,1,0.8470777875,0.5570019246,1,,False
11963,0,0.1391581198,0.439818181,0,0.06045341289,0.5570019246,0,0.3104010746,False
11964,0,0.2009300716,0.439818181,0,0.2302839554,0.5570019246,0,0.4159470351,False
11965,0,0.4386131205,0.439818181,0,0.2467822551,0.5570019246,0,0.8275762809,False
11966,1,0.7000070001,0.439818181,1,0.7186806261,0.5570019246,1,,False
11967,0,0.5092838804,0.439818181,1,0.7118399751,0.5570019246,1,0.9034734216,True
11968,0,0.2856874629,0.439818181,0,0.2129090894,0.5570019246,0,0.5688927269,False
11969,0,0.1697688334,0.439818181,0,0.149843383,0.5570019246,0,0.3604874304,False
11970,0,0.1130006161,0.439818181,0,0.1180568672,0.5570019246,0,0.2686624448,False
11971,0,0.2912872312,0.439818181,0,0.229280958,0.5570019246,0,0.5793513721,False
11972,0,0.2432675087,0.439818181,0,0.09249305361,0.5570019246,0,0.4914603723,False
11973,0,0.3665460285,0.439818181,0,0.1126407251,0.5570019246,0,0.7212627135,False
11974,0,0.2377809027,0.439818181,0,0.1562840047,0.5570019246,0,0.4798503166,False
11975,0,0.3601482299,0.439818181,0,0.1779874953,0.5570019246,0,0.7091729035,False
11976,0,0.2669209064,0.439818181,0,0.2704156644,0.5570019246,0,0.5356937248,False
11977,0,0.6568370366,0.439818181,1,0.4532017853,0.5570019246,0,0.9817693341,True
11978,0,0.6912977387,0.439818181,1,0.5567117084,0.5570019246,0,0.9905968144,True
11979,0,0.1909293866,0.439818181,0,0.1328016519,0.5570019246,0,0.396373057,False
11980,1,0.7234362348,0.439818181,1,0.9237383437,0.5570019246,1,,False
11981,0,0.3763980547,0.439818181,0,0.2526732055,0.5570019246,0,0.7402609864,False
11982,0,0.2568310523,0.439818181,0,0.09697724609,0.5570019246,0,0.5165995011,False
11983,1,0.7141566869,0.439818181,1,0.842966983,0.5570019246,1,,False
11984,0,0.6913310727,0.439818181,1,0.7075496768,0.5570019246,1,0.9906927653,True
11985,0,0.5535196255,0.439818181,1,0.4029491839,0.5570019246,0,0.937248129,True
11986,0,0.1913214572,0.439818181,0,0.1216906613,0.5570019246,0,0.3970447131,False
11987,1,0.8487258977,0.439818181,1,0.8772959217,0.5570019246,1,,False
11988,1,0.6553458497,0.439818181,1,0.8736785216,0.5570019246,1,,False
11989,1,0.8311379633,0.439818181,1,0.7339796818,0.5570019246,1,,False
11990,0,0.01203500577,0.439818181,0,0.009736857505,0.5570019246,0,0.05699481865,False
11991,0,0.3136141853,0.439818181,0,0.232179921,0.5570019246,0,0.6245442334,False
11992,0,0.7433507122,0.439818181,1,0.7803595272,0.5570019246,1,0.9980809825,True
11993,0,0.316529536,0.439818181,0,0.2352213065,0.5570019246,0,0.6303972366,False
11994,0,0.004146505097,0.439818181,0,0.01105364926,0.5570019246,0,0.02254845519,False
11995,0,0.6921018426,0.439818181,1,0.3882167728,0.5570019246,0,0.9907887162,True
11996,0,0.1505597106,0.439818181,0,0.1121332521,0.5570019246,0,0.329015544,False
11997,0,0.1461561992,0.439818181,0,0.06427100026,0.5570019246,0,0.3211475724,False
11998,0,0.2410602485,0.439818181,0,0.1045195695,0.5570019246,0,0.4869506813,False
11999,0,0.02263979153,0.439818181,0,0.02141299309,0.5570019246,0,0.09192093648,False
12000,0,0.3871225033,0.439818181,0,0.2079601512,0.5570019246,0,0.7554212243,False
12001,0,0.4546806225,0.439818181,1,0.2496378476,0.5570019246,0,0.8485895222,False
12002,0,0.6615753072,0.439818181,1,0.3116262734,0.5570019246,0,0.982632892,True
12003,0,0.3216303024,0.439818181,0,0.1404851935,0.5570019246,0,0.6398963731,False
12004,0,0.307190345,0.439818181,0,0.1561732043,0.5570019246,0,0.6115908655,False
12005,0,0.2277799129,0.439818181,0,0.1721287129,0.5570019246,0,0.4604682403,False
12006,0,0.3665871484,0.439818181,0,0.5160768161,0.5570019246,0,0.7214546152,False
12007,0,0.4931313929,0.439818181,1,0.2450361462,0.5570019246,0,0.8871617732,False
12008,0,0.3467134276,0.439818181,0,0.1388058171,0.5570019246,0,0.6861446939,False
12009,0,0.5195909208,0.439818181,1,0.2329160324,0.5570019246,0,0.9123968528,True
12010,0,0.6233073071,0.439818181,1,0.7941694062,0.5570019246,1,0.9708309346,True
12011,0,0.2920317469,0.439818181,0,0.1584098555,0.5570019246,0,0.5808865861,False
12012,0,0.05859139278,0.439818181,0,0.02134471072,0.5570019246,0,0.1733832278,False
12013,0,0.0128733409,0.439818181,0,0.01287597109,0.5570019246,0,0.05948954135,False
12014,1,0.5359567819,0.439818181,1,0.7876887801,0.5570019246,1,,False
12015,1,0.6973255957,0.439818181,1,0.8937979882,0.5570019246,1,,False
12016,0,0.2159790133,0.439818181,0,0.06585593271,0.5570019246,0,0.4408942621,False
12017,1,0.6835141319,0.439818181,1,0.5622671386,0.5570019246,1,,False
12018,0,0.3841136498,0.439818181,0,0.2510686093,0.5570019246,0,0.7516791403,False
12019,0,0.5397832715,0.439818181,1,0.2454810962,0.5570019246,0,0.9275570908,True
12020,1,0.7451902941,0.439818181,1,0.6622270277,0.5570019246,1,,False
12021,0,0.3649778245,0.439818181,0,0.2485291801,0.5570019246,0,0.718576089,False
12022,0,0.1093440318,0.439818181,0,0.1030980823,0.5570019246,0,0.2624256381,False
12023,1,0.4540499681,0.439818181,1,0.8242946925,0.5570019246,1,,False
12024,1,0.7921506054,0.439818181,1,0.8452386051,0.5570019246,1,,False
12025,0,0.3978276458,0.439818181,0,0.2072603663,0.5570019246,0,0.7728842832,False
12026,0,0.1499111936,0.439818181,0,0.1074886739,0.5570019246,0,0.3282479371,False
12027,0,0.2421652181,0.439818181,0,0.1128084608,0.5570019246,0,0.4896373057,False
12028,0,0.6267320086,0.439818181,1,0.6993568212,0.5570019246,1,0.9718863942,True
12029,0,0.524085162,0.439818181,1,0.4007502947,0.5570019246,0,0.9163308386,True
12030,0,0.2589386915,0.439818181,0,0.09825076984,0.5570019246,0,0.5207253886,False
12031,0,0.2317527894,0.439818181,0,0.1896325235,0.5570019246,0,0.4685281136,False
12032,0,0.2890083933,0.439818181,0,0.2693485623,0.5570019246,0,0.5742659758,False
12033,0,0.3287680602,0.439818181,0,0.1213378878,0.5570019246,0,0.6522740357,False
12034,0,0.2285818889,0.439818181,0,0.1561623703,0.5570019246,0,0.4613317981,False
12035,0,0.3290249399,0.439818181,0,0.2343855507,0.5570019246,0,0.6532335444,False
12036,0,0.4314685992,0.439818181,0,0.1695714606,0.5570019246,0,0.8183649971,False
12037,1,0.6496994195,0.439818181,1,0.6984700386,0.5570019246,1,,False
12038,0,0.5266099518,0.439818181,1,0.2684228357,0.5570019246,0,0.9178660526,True
12039,0,0.4673435395,0.439818181,1,0.3258192142,0.5570019246,0,0.8616388409,False
12040,0,0.2401882919,0.439818181,0,0.2181288544,0.5570019246,0,0.485607369,False
12041,0,0.2627168165,0.439818181,0,0.1508550172,0.5570019246,0,0.5282095567,False
12042,0,0.3748047121,0.439818181,0,0.1741523966,0.5570019246,0,0.7367108041,False
12043,0,0.3916355217,0.439818181,0,0.139324611,0.5570019246,0,0.763960852,False
12044,0,0.1270961642,0.439818181,0,0.08770376426,0.5570019246,0,0.2910189983,False
12045,0,0.4943446937,0.439818181,1,0.2922965791,0.5570019246,0,0.8886010363,False
12046,0,0.3163181743,0.439818181,0,0.1438056737,0.5570019246,0,0.6298215314,False
12047,0,0.03614298583,0.439818181,0,0.007940341839,0.5570019246,0,0.1258875456,False
12048,0,0.3467077168,0.439818181,0,0.264835929,0.5570019246,0,0.686048743,False
12049,0,0.5516389455,0.439818181,1,0.2958479848,0.5570019246,0,0.9355210132,True
12050,1,0.4163748053,0.439818181,0,0.7351120237,0.5570019246,1,,False
12051,0,0.2221883938,0.439818181,0,0.1414334744,0.5570019246,0,0.4516407599,False
12052,0,0.3879724793,0.439818181,0,0.2956905935,0.5570019246,0,0.7572442909,False
12053,0,0.4488458854,0.439818181,1,0.286676503,0.5570019246,0,0.8412972558,False
12054,1,0.5593849783,0.439818181,1,0.4260073725,0.5570019246,0,,False
12055,0,0.4907844691,0.439818181,1,0.2102136149,0.5570019246,0,0.8859144118,False
12056,0,0.1000686999,0.439818181,0,0.1201004248,0.5570019246,0,0.245826137,False
12057,0,0.03562104613,0.439818181,0,0.04129540932,0.5570019246,0,0.1245442334,False
12058,0,0.1201970958,0.439818181,0,0.05969673738,0.5570019246,0,0.2802725005,False
12059,0,0.219016592,0.439818181,0,0.1356163701,0.5570019246,0,0.4466513145,False
12060,1,0.7193828097,0.439818181,1,0.8774738459,0.5570019246,1,,False
12061,0,0.3899588463,0.439818181,0,0.2867872768,0.5570019246,0,0.7608904241,False
12062,0,0.0339977089,0.439818181,0,0.04596692369,0.5570019246,0,0.1198426406,False
12063,0,0.2419324883,0.439818181,0,0.1523444165,0.5570019246,0,0.4888696987,False
12064,0,0.01820960223,0.439818181,0,0.01436069549,0.5570019246,0,0.07829591249,False
12065,0,0.1328774009,0.439818181,0,0.09001310143,0.5570019246,0,0.3012857417,False
12066,0,0.6821503674,0.439818181,1,0.396954293,0.5570019246,0,0.9888696987,True
12067,0,0.1684926367,0.439818181,0,0.08647667788,0.5570019246,0,0.3584724621,False
12068,0,0.3035392504,0.439818181,0,0.1550095761,0.5570019246,0,0.6035309921,False
12069,0,0.39220846,0.439818181,0,0.2156552452,0.5570019246,0,0.7644406064,False
12070,0,0.4010955275,0.439818181,0,0.1959074139,0.5570019246,0,0.7794089426,False
12071,0,0.1669019269,0.439818181,0,0.06885167924,0.5570019246,0,0.3559777394,False
12072,0,0.126845115,0.439818181,0,0.09848549794,0.5570019246,0,0.2907311457,False
12073,0,0.3125578273,0.439818181,0,0.1866768787,0.5570019246,0,0.6221454615,False
12074,0,0.0841717836,0.439818181,0,0.05690546546,0.5570019246,0,0.2198234504,False
12075,0,0.257088948,0.439818181,0,0.08176774027,0.5570019246,0,0.517367108,False
12076,0,0.4195840012,0.439818181,0,0.1716873814,0.5570019246,0,0.804068317,False
12077,0,0.01820557028,0.439818181,0,0.0157619182,0.5570019246,0,0.07819996162,False
12078,0,0.1664099718,0.439818181,0,0.09885400212,0.5570019246,0,0.355497985,False
12079,0,0.2932533568,0.439818181,0,0.3793265994,0.5570019246,0,0.5837651123,False
12080,0,0.5459308884,0.439818181,1,0.1677475162,0.5570019246,0,0.9318748801,True
12081,0,0.3474349647,0.439818181,0,0.2252739773,0.5570019246,0,0.6874880061,False
12082,0,0.07480030386,0.439818181,0,0.09636362504,0.5570019246,0,0.2037996546,False
12083,0,0.4025538917,0.439818181,0,0.2252393497,0.5570019246,0,0.7812320092,False
12084,0,0.4475564664,0.439818181,1,0.1190079588,0.5570019246,0,0.8394741892,False
12085,0,0.4793265516,0.439818181,1,0.1639722537,0.5570019246,0,0.8760314719,False
12086,0,0.09245228956,0.439818181,0,0.03648195187,0.5570019246,0,0.2344079831,False
12087,1,0.3450851739,0.439818181,0,0.334192397,0.5570019246,0,,False
12088,0,0.2857414247,0.439818181,0,0.1515474739,0.5570019246,0,0.5689886778,False
12089,0,0.5071160783,0.439818181,1,0.824648809,0.5570019246,1,0.9014584533,True
12090,0,0.681082764,0.439818181,1,0.4690737451,0.5570019246,0,0.9882939935,True
12091,0,0.07187186795,0.439818181,0,0.08070972743,0.5570019246,0,0.1977547496,False
12092,0,0.31485688,0.439818181,0,0.1049909511,0.5570019246,0,0.6266551526,False
12093,0,0.1412148016,0.439818181,0,0.1029444925,0.5570019246,0,0.31318365,False
12094,0,0.4218671243,0.439818181,0,0.6172156066,0.5570019246,1,0.8070427941,False
12095,0,0.249918237,0.439818181,0,0.1762226012,0.5570019246,0,0.5030704279,False
12096,1,0.7709383968,0.439818181,1,0.8182755705,0.5570019246,1,,False
12097,1,0.7269079669,0.439818181,1,0.8452137908,0.5570019246,1,,False
12098,0,0.2315372917,0.439818181,0,0.1918419431,0.5570019246,0,0.4680483592,False
12099,0,0.527226754,0.439818181,1,0.2841674685,0.5570019246,0,0.9182498561,True
12100,0,0.4196828937,0.439818181,0,0.2558083976,0.5570019246,0,0.8043561696,False
12101,0,0.3981003739,0.439818181,0,0.3324758642,0.5570019246,0,0.7733640376,False
12102,0,0.3057007939,0.439818181,0,0.578379505,0.5570019246,1,0.6084244867,False
12103,0,0.6056683697,0.439818181,1,0.4615878445,0.5570019246,0,0.9647860296,True
12104,1,0.7727322978,0.439818181,1,0.8070112199,0.5570019246,1,,False
12105,1,0.7119982312,0.439818181,1,0.9290827203,0.5570019246,1,,False
12106,0,0.1266617537,0.439818181,0,0.1461244738,0.5570019246,0,0.2905392439,False
12107,0,0.2925800332,0.439818181,0,0.4429121573,0.5570019246,0,0.5822298983,False
12108,0,0.5286986254,0.439818181,1,0.2546610086,0.5570019246,0,0.9195931683,True
12109,1,0.6968515542,0.439818181,1,0.8388411281,0.5570019246,1,,False
12110,0,0.7151289258,0.439818181,1,0.2725161359,0.5570019246,0,0.9948186528,True
12111,0,0.4532049216,0.439818181,1,0.4145039678,0.5570019246,0,0.8466705047,False
12112,0,0.3772683752,0.439818181,0,0.1834439687,0.5570019246,0,0.7419881021,False
12113,0,0.3026489825,0.439818181,0,0.1035114722,0.5570019246,0,0.6025714834,False
12114,0,0.5591323207,0.439818181,1,0.7501891686,0.5570019246,1,0.940990213,True
12115,1,0.7223467911,0.439818181,1,0.8991847333,0.5570019246,1,,False
12116,0,0.259566933,0.439818181,0,0.4938422461,0.5570019246,0,0.5217808482,False
12117,0,0.01931244013,0.439818181,0,0.01153626562,0.5570019246,0,0.08222989829,False
12118,1,0.7179826389,0.439818181,1,0.8984814686,0.5570019246,1,,False
12119,0,0.03654659301,0.439818181,0,0.02825017587,0.5570019246,0,0.1272308578,False
12120,0,0.08464575716,0.439818181,0,0.04359042539,0.5570019246,0,0.2207829591,False
12121,1,0.7692197416,0.439818181,1,0.8251800086,0.5570019246,1,,False
12122,0,0.6671967661,0.439818181,1,0.3517839337,0.5570019246,0,0.9845519094,True
12123,0,0.6651447315,0.439818181,1,0.4985814098,0.5570019246,0,0.9837843024,True
12124,0,0.3386789629,0.439818181,0,0.2433787857,0.5570019246,0,0.6706966033,False
12125,1,0.4996942094,0.439818181,1,0.5081258074,0.5570019246,0,,False
12126,0,0.08973029368,0.439818181,0,0.03314676898,0.5570019246,0,0.2289387833,False
12127,0,0.3741050092,0.439818181,0,0.1486049843,0.5570019246,0,0.7357512953,False
12128,1,0.5860985821,0.439818181,1,0.7326686447,0.5570019246,1,,False
12129,0,0.5818433786,0.439818181,1,0.3056731632,0.5570019246,0,0.9543273844,True
12130,1,0.6121112271,0.439818181,1,0.7015343141,0.5570019246,1,,False
12131,1,0.6824704082,0.439818181,1,0.5717885034,0.5570019246,1,,False
12132,0,0.3053407475,0.439818181,0,0.5073452437,0.5570019246,0,0.6080406832,False
12133,0,0.3042005236,0.439818181,0,0.2702829165,0.5570019246,0,0.6050662061,False
12134,0,0.5520421401,0.439818181,1,0.2969865168,0.5570019246,0,0.9360007676,True
12135,0,0.5410289065,0.439818181,1,0.3189943581,0.5570019246,0,0.9282287469,True
12136,0,0.1419094039,0.439818181,0,0.08921410454,0.5570019246,0,0.3145269622,False
12137,0,0.1326076201,0.439818181,0,0.08700084977,0.5570019246,0,0.3006140856,False
12138,0,0.3575973504,0.439818181,0,0.2678684055,0.5570019246,0,0.7043753598,False
12139,0,0.2139349181,0.439818181,0,0.1854683087,0.5570019246,0,0.4375359816,False
12140,0,0.5407303035,0.439818181,1,0.6412834682,0.5570019246,1,0.9279408943,True
12141,0,0.1475545105,0.439818181,0,0.05786209469,0.5570019246,0,0.323738246,False
12142,0,0.6649944923,0.439818181,1,0.549490306,0.5570019246,0,0.9834004989,True
12143,0,0.2573606597,0.439818181,0,0.217959276,0.5570019246,0,0.5176549607,False
12144,1,0.7315702493,0.439818181,1,0.774879165,0.5570019246,1,,False
12145,0,0.2710050613,0.439818181,0,0.09459089574,0.5570019246,0,0.5414507772,False
12146,1,0.7572160933,0.439818181,1,0.877135584,0.5570019246,1,,False
12147,0,0.6408264018,0.439818181,1,0.2302511679,0.5570019246,0,0.9761082326,True
12148,1,0.5676976908,0.439818181,1,0.7112224831,0.5570019246,1,,False
12149,0,0.6857203967,0.439818181,1,0.736271637,0.5570019246,1,0.9896373057,True
12150,0,0.5206827344,0.439818181,1,0.1785688431,0.5570019246,0,0.9133563615,True
12151,0,0.4094862166,0.439818181,0,0.3634941613,0.5570019246,0,0.7906351948,False
12152,0,0.369845055,0.439818181,0,0.3416738773,0.5570019246,0,0.7267319133,False
12153,0,0.6746846134,0.439818181,1,0.5325366609,0.5570019246,0,0.9866628286,True
12154,0,0.3011829323,0.439818181,0,0.1821288989,0.5570019246,0,0.5999808098,False
12155,0,0.1828258923,0.439818181,0,0.08093747638,0.5570019246,0,0.3830358856,False
12156,0,0.2533544553,0.439818181,0,0.1664449296,0.5570019246,0,0.5090193821,False
12157,0,0.1491793245,0.439818181,0,0.0939777211,0.5570019246,0,0.326808674,False
12158,0,0.1242638394,0.439818181,0,0.05399281406,0.5570019246,0,0.2853578968,False
12159,1,0.6550495755,0.439818181,1,0.4655121165,0.5570019246,0,,False
12160,0,0.001407680553,0.439818181,0,0.001962066698,0.5570019246,0,0.006188831318,False
12161,0,0.3460833887,0.439818181,0,0.2464347302,0.5570019246,0,0.6849932834,False
12162,1,0.6885711299,0.439818181,1,0.632603793,0.5570019246,1,,False
12163,0,0.005751532303,0.439818181,0,0.009818550518,0.5570019246,0,0.02984072155,False
12164,1,0.7060802542,0.439818181,1,0.8153979248,0.5570019246,1,,False
12165,0,0.1374466265,0.439818181,0,0.1075302841,0.5570019246,0,0.3078104011,False
12166,1,0.7776037255,0.439818181,1,0.8782479603,0.5570019246,1,,False
12167,1,0.6648667764,0.439818181,1,0.600368709,0.5570019246,1,,False
12168,0,0.3773186792,0.439818181,0,0.2419209347,0.5570019246,0,0.742084053,False
12169,1,0.6401997191,0.439818181,1,0.4241452859,0.5570019246,0,,False
12170,0,0.353705269,0.439818181,0,0.5744235663,0.5570019246,1,0.6962195356,False
12171,0,0.5415715063,0.439818181,1,0.6346438716,0.5570019246,1,0.9288044521,True
12172,0,0.4002474603,0.439818181,0,0.3562873094,0.5570019246,0,0.7779696795,False
12173,1,0.7126754317,0.439818181,1,0.6241069714,0.5570019246,1,,False
12174,0,0.4450604655,0.439818181,1,0.3103853796,0.5570019246,0,0.8363078104,False
12175,0,0.006195175658,0.439818181,0,0.006497613642,0.5570019246,0,0.03300710036,False
12176,0,0.01073804465,0.439818181,0,0.0203888962,0.5570019246,0,0.05142966801,False
12177,0,0.5871744533,0.439818181,1,0.3811112573,0.5570019246,0,0.956918058,True
12178,0,0.2981946068,0.439818181,0,0.1420522523,0.5570019246,0,0.5948954135,False
12179,1,0.7827214284,0.439818181,1,0.8098841972,0.5570019246,1,,False
12180,0,0.6082819963,0.439818181,1,0.5393896137,0.5570019246,0,0.9655536365,True
12181,0,0.06731762864,0.439818181,0,0.06542954183,0.5570019246,0,0.1896469008,False
12182,0,0.01946580976,0.439818181,0,0.0122283683,0.5570019246,0,0.08270965266,False
12183,1,0.643804411,0.439818181,1,0.8340673216,0.5570019246,1,,False
12184,0,0.1945374938,0.439818181,0,0.1287912296,0.5570019246,0,0.403953176,False
12185,0,0.6691618206,0.439818181,1,0.7794575876,0.5570019246,1,0.9851276147,True
12186,0,0.08033857088,0.439818181,0,0.0683789324,0.5570019246,0,0.213298791,False
12187,0,0.2214593028,0.439818181,0,0.09973710206,0.5570019246,0,0.4502014968,False
12188,0,0.1190487656,0.439818181,0,0.5717070765,0.5570019246,1,0.2789291883,False
12189,0,0.5821294843,0.439818181,1,0.6345485447,0.5570019246,1,0.9545192861,True
12190,0,0.306287005,0.439818181,0,0.4303961783,0.5570019246,0,0.6099597006,False
12191,0,0.6954204735,0.439818181,1,0.7710141857,0.5570019246,1,0.9912684705,True
12192,1,0.7609235203,0.439818181,1,0.817542968,0.5570019246,1,,False
12193,0,0.2272275141,0.439818181,0,0.1471867564,0.5570019246,0,0.4596046824,False
12194,0,0.06741332779,0.439818181,0,0.05898682137,0.5570019246,0,0.1899827288,False
12195,0,0.5528918287,0.439818181,1,0.2981420942,0.5570019246,0,0.9368643255,True
12196,0,0.5078957612,0.439818181,1,0.3826843588,0.5570019246,0,0.9020341585,True
12197,0,0.521284409,0.439818181,1,0.3565276664,0.5570019246,0,0.9140280177,True
12198,0,0.1375468086,0.439818181,0,0.148177161,0.5570019246,0,0.3080023028,False
12199,0,0.3839085846,0.439818181,0,0.3363386145,0.5570019246,0,0.7514872385,False
12200,0,0.1885961732,0.439818181,0,0.1272780104,0.5570019246,0,0.3926309729,False
12201,0,0.00377349392,0.439818181,0,0.00551510525,0.5570019246,0,0.02062943773,False
12202,1,0.6424988358,0.439818181,1,0.9005191372,0.5570019246,1,,False
12203,1,0.5871606894,0.439818181,1,0.4739638263,0.5570019246,0,,False
12204,0,0.5132328685,0.439818181,1,0.2772075505,0.5570019246,0,0.9070236039,True
12205,0,0.4783244388,0.439818181,1,0.5362399525,0.5570019246,0,0.8744962579,False
12206,1,0.4483279322,0.439818181,1,0.6564865428,0.5570019246,1,,False
12207,0,0.08629053533,0.439818181,0,0.03014787881,0.5570019246,0,0.2230857801,False
12208,0,0.4798632982,0.439818181,1,0.4504579321,0.5570019246,0,0.8764152754,False
12209,0,0.2380656407,0.439818181,0,0.1295115371,0.5570019246,0,0.4805219727,False
12210,1,0.4869028216,0.439818181,1,0.4517279156,0.5570019246,0,,False
12211,1,0.6133382999,0.439818181,1,0.8438102348,0.5570019246,1,,False
12212,0,0.1618949685,0.439818181,0,0.1167026769,0.5570019246,0,0.3472462099,False
12213,0,0.2390875163,0.439818181,0,0.07514241119,0.5570019246,0,0.4829207446,False
12214,0,0.2686746796,0.439818181,0,0.2063886469,0.5570019246,0,0.5377086931,False
12215,0,0.5626614953,0.439818181,1,0.4864093314,0.5570019246,0,0.9435808866,True
12216,0,0.2097805524,0.439818181,0,0.1160585125,0.5570019246,0,0.4312032239,False
12217,1,0.7130046195,0.439818181,1,0.6663012751,0.5570019246,1,,False
12218,0,0.321262595,0.439818181,0,0.2162081572,0.5570019246,0,0.6390328152,False
12219,0,0.273564857,0.439818181,0,0.2677187379,0.5570019246,0,0.5455766647,False
12220,0,0.1934383278,0.439818181,0,0.08685845242,0.5570019246,0,0.401650355,False
12221,0,0.05595885063,0.439818181,0,0.07745495107,0.5570019246,0,0.166378814,False
12222,1,0.6613621247,0.439818181,1,0.7105335864,0.5570019246,1,,False
12223,0,0.4680141053,0.439818181,1,0.2676289529,0.5570019246,0,0.8625023988,False
12224,1,0.7640255173,0.439818181,1,0.9031021858,0.5570019246,1,,False
12225,0,0.3907615741,0.439818181,0,0.3933626289,0.5570019246,0,0.7624256381,False
12226,0,0.0165908103,0.439818181,0,0.01699329306,0.5570019246,0,0.07301861447,False
12227,0,0.09893219676,0.439818181,0,0.03787446916,0.5570019246,0,0.2440990213,False
12228,0,0.2872541468,0.439818181,0,0.1525698782,0.5570019246,0,0.5711955479,False
12229,1,0.5274858019,0.439818181,1,0.819213002,0.5570019246,1,,False
12230,0,0.1789759112,0.439818181,0,0.1453220355,0.5570019246,0,0.3765112263,False
12231,1,0.6178972836,0.439818181,1,0.502756916,0.5570019246,0,,False
12232,0,0.310703817,0.439818181,0,0.1877587422,0.5570019246,0,0.6176357705,False
12233,0,0.1445263226,0.439818181,0,0.08902634517,0.5570019246,0,0.3188447515,False
12234,0,0.6092645738,0.439818181,1,0.7140993904,0.5570019246,1,0.96593744,True
12235,1,0.7908460609,0.439818181,1,0.9305299122,0.5570019246,1,,False
12236,0,0.2849749607,0.439818181,0,0.1394845928,0.5570019246,0,0.5677413164,False
12237,1,0.797015755,0.439818181,1,0.8481915412,0.5570019246,1,,False
12238,0,0.5384794922,0.439818181,1,0.7592265681,0.5570019246,1,0.9264056803,True
12239,0,0.4097992205,0.439818181,0,0.2825646669,0.5570019246,0,0.7911149491,False
12240,0,0.2760866722,0.439818181,0,0.1448194445,0.5570019246,0,0.5501823067,False
12241,0,0.2566879114,0.439818181,0,0.177708663,0.5570019246,0,0.5164075993,False
12242,0,0.4128664375,0.439818181,0,0.2597773933,0.5570019246,0,0.7946651315,False
12243,0,0.1589153809,0.439818181,0,0.1249942477,0.5570019246,0,0.341872961,False
12244,0,0.3756590876,0.439818181,0,0.3247933508,0.5570019246,0,0.7386298215,False
12245,0,0.6382074204,0.439818181,1,0.5955859448,0.5570019246,1,0.975052773,True
12246,0,0.3162390619,0.439818181,0,0.327937984,0.5570019246,0,0.6294377279,False
12247,0,0.3682590786,0.439818181,0,0.117299134,0.5570019246,0,0.7246209941,False
12248,0,0.22231338,0.439818181,0,0.450840677,0.5570019246,0,0.4518326617,False
12249,0,0.08366815935,0.439818181,0,0.06785727449,0.5570019246,0,0.2190558434,False
12250,0,0.4895725241,0.439818181,1,0.2220853844,0.5570019246,0,0.8847630013,False
12251,0,0.7244067873,0.439818181,1,0.7483542455,0.5570019246,1,0.9961619651,True
12252,0,0.2896336708,0.439818181,0,0.2273393219,0.5570019246,0,0.5758971407,False
12253,1,0.4709438167,0.439818181,1,0.7785304844,0.5570019246,1,,False
12254,0,0.1140565799,0.439818181,0,0.1214572296,0.5570019246,0,0.2708693149,False
12255,0,0.2737035137,0.439818181,0,0.2033496041,0.5570019246,0,0.5458645174,False
12256,0,0.4754767691,0.439818181,1,0.3570323378,0.5570019246,0,0.8712339282,False
12257,0,0.1928645597,0.439818181,0,0.1492417027,0.5570019246,0,0.4002110919,False
12258,0,0.2916924156,0.439818181,0,0.2438747219,0.5570019246,0,0.5801189791,False
12259,0,0.6629289738,0.439818181,1,0.3537065986,0.5570019246,0,0.9829207446,True
12260,0,0.2761754365,0.439818181,0,0.2950961215,0.5570019246,0,0.5503742084,False
12261,0,0.5707968932,0.439818181,1,0.371714071,0.5570019246,0,0.9478986759,True
12262,0,0.6076765939,0.439818181,1,0.3690324112,0.5570019246,0,0.965169833,True
12263,0,0.419741299,0.439818181,0,0.3266212116,0.5570019246,0,0.8045480714,False
12264,0,0.3686552373,0.439818181,0,0.1214354837,0.5570019246,0,0.7251966993,False
12265,0,0.09533837574,0.439818181,0,0.0792480994,0.5570019246,0,0.2385338707,False
12266,1,0.6565118774,0.439818181,1,0.7613224027,0.5570019246,1,,False
12267,0,0.4433965673,0.439818181,1,0.5635271337,0.5570019246,1,0.8340049894,False
12268,1,0.4311462197,0.439818181,0,0.8297198967,0.5570019246,1,,False
12269,0,0.4723389708,0.439818181,1,0.7216098602,0.5570019246,1,0.8677796968,False
12270,0,0.2098316553,0.439818181,0,0.1188034041,0.5570019246,0,0.4314910766,False
12271,0,0.434256574,0.439818181,0,0.2920319146,0.5570019246,0,0.822203032,False
12272,0,0.3229370572,0.439818181,0,0.5889551381,0.5570019246,1,0.642199194,False
12273,1,0.8327937135,0.439818181,1,0.8981517461,0.5570019246,1,,False
12274,0,0.7015469004,0.439818181,1,0.7861851282,0.5570019246,1,0.9927077336,True
12275,0,0.05943358472,0.439818181,0,0.04483547785,0.5570019246,0,0.1751103435,False
12276,0,0.417040639,0.439818181,0,0.2351126815,0.5570019246,0,0.8002302821,False
12277,1,0.7746530234,0.439818181,1,0.925360645,0.5570019246,1,,False
12278,0,0.06843643942,0.439818181,0,0.03865554196,0.5570019246,0,0.1917098446,False
12279,0,0.6683487876,0.439818181,1,0.7721932335,0.5570019246,1,0.984839762,True
12280,0,0.3890520119,0.439818181,0,0.3283614117,0.5570019246,0,0.7596430628,False
12281,0,0.5131060845,0.439818181,1,0.2979017993,0.5570019246,0,0.9068317022,True
12282,0,0.5785529686,0.439818181,1,0.291929812,0.5570019246,0,0.9525043178,True
12283,0,0.6183866052,0.439818181,1,0.5175679522,0.5570019246,0,0.9691997697,True
12284,0,0.1873433432,0.439818181,0,0.04339593075,0.5570019246,0,0.3902322011,False
12285,0,0.1498839852,0.439818181,0,0.08642015443,0.5570019246,0,0.3281519862,False
12286,0,0.708576365,0.439818181,1,0.7486366162,0.5570019246,1,0.9938591441,True
12287,0,0.1028260535,0.439818181,0,0.07471089122,0.5570019246,0,0.2508155824,False
12288,0,0.4637295629,0.439818181,1,0.570628549,0.5570019246,1,0.8576089042,False
12289,0,0.4405208864,0.439818181,1,0.1844136763,0.5570019246,0,0.8302629054,False
12290,0,0.1024780324,0.439818181,0,0.09802586636,0.5570019246,0,0.2499520246,False
12291,0,0.09637874247,0.439818181,0,0.03698639586,0.5570019246,0,0.2401650355,False
12292,0,0.1116863502,0.439818181,0,0.09333836063,0.5570019246,0,0.266263673,False
12293,0,0.02601924868,0.439818181,0,0.02009648616,0.5570019246,0,0.09988485895,False
12294,0,0.1223309131,0.439818181,0,0.08001886893,0.5570019246,0,0.2828631741,False
12295,0,0.1560195913,0.439818181,0,0.1299374111,0.5570019246,0,0.3364037613,False
12296,0,0.2068896068,0.439818181,0,0.1115315974,0.5570019246,0,0.426597582,False
12297,0,0.2211583114,0.439818181,0,0.1124152793,0.5570019246,0,0.4498176933,False
12298,0,0.2820943816,0.439818181,0,0.2450496376,0.5570019246,0,0.5623680675,False
12299,0,0.1926941926,0.439818181,0,0.1837976652,0.5570019246,0,0.3998272884,False
12300,0,0.3318647178,0.439818181,0,0.2000005517,0.5570019246,0,0.658127039,False
12301,0,0.2978042236,0.439818181,0,0.2253951583,0.5570019246,0,0.5941278066,False
12302,0,0.01630100744,0.439818181,0,0.01339681514,0.5570019246,0,0.07167530225,False
12303,0,0.1670232971,0.439818181,0,0.1419462365,0.5570019246,0,0.3561696411,False
12304,0,0.1984596634,0.439818181,0,0.06553184819,0.5570019246,0,0.409998081,False
12305,0,0.2592340524,0.439818181,0,0.1164185586,0.5570019246,0,0.5211091921,False
12306,0,0.4526414526,0.439818181,1,0.1791690393,0.5570019246,0,0.8459988486,False
12307,0,0.213736125,0.439818181,0,0.08957476732,0.5570019246,0,0.4371521781,False
12308,0,0.192734278,0.439818181,0,0.3894186,0.5570019246,0,0.3999232393,False
12309,0,0.4747980111,0.439818181,1,0.285640736,0.5570019246,0,0.8704663212,False
12310,0,0.2605949579,0.439818181,0,0.1559536477,0.5570019246,0,0.5229322587,False
12311,0,0.278839985,0.439818181,0,0.1309764043,0.5570019246,0,0.5561312608,False
12312,1,0.7921444524,0.439818181,1,0.6887925394,0.5570019246,1,,False
12313,1,0.7854436371,0.439818181,1,0.8472239274,0.5570019246,1,,False
12314,1,0.5996124674,0.439818181,1,0.7935882169,0.5570019246,1,,False
12315,0,0.1436165886,0.439818181,0,0.04186706693,0.5570019246,0,0.3175973901,False
12316,0,0.1640457904,0.439818181,0,0.1427164987,0.5570019246,0,0.3504125888,False
12317,0,0.1648442302,0.439818181,0,0.0517138738,0.5570019246,0,0.3518518519,False
12318,0,0.4280297068,0.439818181,0,0.2122463006,0.5570019246,0,0.8145269622,False
12319,0,0.1719088683,0.439818181,0,0.05829189999,0.5570019246,0,0.3636538092,False
12320,0,0.5038321168,0.439818181,1,0.7662324434,0.5570019246,1,0.8990596814,False
12321,0,0.09571029471,0.439818181,0,0.09714187546,0.5570019246,0,0.239013625,False
12322,0,0.0554902916,0.439818181,0,0.04519222066,0.5570019246,0,0.1653233544,False
12323,0,0.5546508567,0.439818181,1,0.1229429639,0.5570019246,0,0.9380157359,True
12324,0,0.7379858789,0.439818181,1,0.2476368305,0.5570019246,0,0.9974093264,True
12325,0,0.3087369045,0.439818181,0,0.2024488536,0.5570019246,0,0.6147572443,False
12326,0,0.2984662766,0.439818181,0,0.4936217229,0.5570019246,0,0.595279217,False
12327,0,0.3560571803,0.439818181,0,0.2412110601,0.5570019246,0,0.7007292266,False
12328,0,0.06254120914,0.439818181,0,0.05208837938,0.5570019246,0,0.1806754941,False
12329,0,0.422450437,0.439818181,0,0.2102721187,0.5570019246,0,0.8077144502,False
12330,0,0.1929260748,0.439818181,0,0.1947061064,0.5570019246,0,0.4003070428,False
